,post_id,party_name,case_number,case_type,case_status,file_date,status_date
0,77781266,"Caine & Weiner Company Inc. Successor IN Interest To Ohio Security Insurance, Member Of Liberty Mutual Group",1961CV000061-EF,Civil,Disposed (Statistical Purposes),20190430,20190821
1,80193540,"Caine & Weiner Company, Inc.",2048CV000118,Civil,Disposed (Statistical Purposes),20200731,20210405
2,80487488,Caine & Weiner Company As Successor,2054CV000236,Civil,Disposed (Statistical Purposes),20200624,20210319
3,80965578,"Caine & Weiner Company, Inc. As Successor Interest To Liberty Mutual Insurance",2148SP000008,Supplementary Process,Disposed (Statistical Purposes),20210817,20211021
