,post_id,party_name,case_number,case_type,case_status,file_date,status_date
0,5510625,American Credit Acceptance,1448CV000120,Civil,Disposed (Statistical Purposes),20140414,20140609
1,77819497,Monah LLC as assignee of Searity Credit Services LLC as assignee of American Credit Acceptance,1911SC000523,Small Claims,Disposed (Statistical Purposes),20190320,20190603
2,84408477,"Monah,LLC as assignee of Security Credit Services,LLC As Assignee of American Credit Acceptance,LLC",1906SP000059,Supplementary Process,Open,20190507,20190507
3,85390235,"Monah, LLC, a/a/o Security Credit Services, LLC, a/a/o American Credit Acceptance",1998SC000120,Small Claims,Closed (Transferred),20190321,20190913
4,86541533,"Monah, LLC, as assignee of Security Credit Services, LLC, as assignee of American Credit Acceptance, LLC",1865SC000542,Small Claims,Disposed (Statistical Purposes),20180914,20190114
