,post_id,party_name,case_number,case_type,case_status,file_date,status_date
0,316091,Andrew Metcalf d/b/a/ Judgement Acquisitions Unlimited assignee of Maria C. Miranda,1152SC000468,Small Claims,Disposed (Statistical Purposes),20110601,20110630
1,325536,Andrew C. Metcalf assignee of Logan Furniture,1152SC000482,Small Claims,Disposed (Statistical Purposes),20110602,20110707
2,329724,Andrew C. Metcalf assignee of Logan Furniture,1152SC000486,Small Claims,Disposed (Statistical Purposes),20110603,20110707
3,481604,Andrew C Metcalf,1331SC001277,Small Claims,Disposed (Statistical Purposes),20130819,20131121
4,8229722,Andrew C Metcalf,1247SC000299,Small Claims,Disposed (Statistical Purposes),20120518,20121106
5,8372696,Andrew C Metcalf,1216SC000345,Small Claims,Disposed (Statistical Purposes),20120514,20120813
6,8716113,Andrew C Metcalf,1047SC000288,Small Claims,Disposed (Statistical Purposes),20100512,20100629
7,24953353,Andrew C Metcalf,0616SC000169,Small Claims,Disposed (Statistical Purposes),20060303,20060502
8,57189290,Andrew C Metcalf,0756SC002723,Small Claims,Disposed (Statistical Purposes),20070719,20070817
9,512178,Andrew Metcalf d/b/a Judgment Acquisitions Unlimited,1213SC002318,Small Claims,Disposed (Statistical Purposes),20121130,20130402
10,8665419,Andrew Metcalf d/b/a Judgment Acquisitions Unlimited,1047SC000254,Small Claims,Disposed (Statistical Purposes),20100430,20100615
11,8923892,Andrew Metcalf d/b/a Judgment Acquisitions Unlimited,1058SC000066,Small Claims,Disposed (Statistical Purposes),20100120,20100218
12,13411293,Andrew Metcalf d/b/a Judgment Acquisitions Unlimited,1158SC000982,Small Claims,Disposed (Statistical Purposes),20110830,20111013
13,14941751,Andrew Metcalf d/b/a Judgment Acquisitions Unlimited,1058SC001014,Small Claims,Disposed (Statistical Purposes),20101112,20110217
14,14995149,Andrew Metcalf d/b/a Judgment Acquisitions Unlimited,1058SC001072,Small Claims,Disposed (Statistical Purposes),20101126,20110106
15,14995700,Andrew Metcalf d/b/a Judgment Acquisitions Unlimited,1058SC001073,Small Claims,Disposed (Statistical Purposes),20101126,20110106
16,15722258,Andrew Metcalf d/b/a Judgment Acquisitions Unlimited,1258SC000345,Small Claims,Disposed (Statistical Purposes),20120326,20140520
17,16469535,Andrew Metcalf d/b/a Judgment Acquisitions Unlimited,1158SC000037,Small Claims,Disposed (Statistical Purposes),20110111,20110224
18,24078173,Andrew Metcalf d/b/a Judgment Acquisitions Unlimited,0947SC000559,Small Claims,Disposed (Statistical Purposes),20090806,20091013
19,26873900,Andrew Metcalf d/b/a Judgment Acquisitions Unlimited,0858SC000457,Small Claims,Disposed (Statistical Purposes),20080428,20080605
20,28478710,Andrew Metcalf d/b/a Judgment Acquisitions Unlimited,0658SC000560,Small Claims,Disposed (Statistical Purposes),20060503,20060629
21,29213431,Andrew Metcalf d/b/a Judgment Acquisitions Unlimited,0858SC000163,Small Claims,Disposed (Statistical Purposes),20080215,20080320
22,46532101,Andrew Metcalf d/b/a Judgment Acquisitions Unlimited,0747SC000815,Small Claims,Disposed (Statistical Purposes),20071206,20080129
23,670090,Andrew C Metcalf d/b/a Judgment Acquisitions Unlimited,1247SC000056,Small Claims,Disposed (Statistical Purposes),20120223,20120508
24,1019524,Andrew C Metcalf d/b/a Judgment Acquisitions Unlimited,1247SC000153,Small Claims,Closed (Transferred),20120418,20140128
25,7347203,Andrew C Metcalf d/b/a Judgment Acquisitions Unlimited,1247SC000552,Small Claims,Disposed (Statistical Purposes),20120817,20130716
26,12152670,Andrew C Metcalf d/b/a Judgment Acquisitions Unlimited,1147SC000083,Small Claims,Disposed (Statistical Purposes),20110223,20110419
27,15006677,Andrew C Metcalf d/b/a Judgment Acquisitions Unlimited,1058SC001082,Small Claims,Disposed (Statistical Purposes),20101201,20110113
28,15526138,Andrew C Metcalf d/b/a Judgment Acquisitions Unlimited,1258SC000084,Small Claims,Disposed (Statistical Purposes),20120124,20120308
29,24115863,Andrew C Metcalf d/b/a Judgment Acquisitions Unlimited,0947SC000558,Small Claims,Disposed (Statistical Purposes),20090806,20091013
30,24695048,Andrew C Metcalf d/b/a Judgment Acquisitions Unlimited,0747SC000854,Small Claims,Disposed (Statistical Purposes),20071219,20080222
31,24711611,Andrew C Metcalf d/b/a Judgment Acquisitions Unlimited,0747SC000853,Small Claims,Disposed (Statistical Purposes),20071219,20080213
32,25217836,Andrew C Metcalf d/b/a Judgment Acquisitions Unlimited,0747SC000411,Small Claims,Disposed (Statistical Purposes),20070612,20070731
33,25324848,Andrew C Metcalf d/b/a Judgment Acquisitions Unlimited,0947SC000193,Small Claims,Disposed (Statistical Purposes),20090318,20090616
34,25534012,Andrew C Metcalf d/b/a Judgment Acquisitions Unlimited,0847SC000595,Small Claims,Disposed (Statistical Purposes),20080826,20081125
35,725209,Andrew Metcalf assignee of Joshua MacGregor,1251SC000305,Small Claims,Disposed (Statistical Purposes),20120316,20120620
36,773605,Andrew C. Metcalf D/B/A Judgment Acquisitions Unlimited,1158SC001350,Small Claims,Disposed (Statistical Purposes),20111122,20120119
37,16491620,Andrew C. Metcalf D/B/A Judgment Acquisitions Unlimited,1158SC000039,Small Claims,Disposed (Statistical Purposes),20110113,20110414
38,1925582,Andrew C Metcalf Assignee of Woodwards Auto,1415SC001442,Small Claims,Disposed (Statistical Purposes),20140612,20140812
39,2092608,Andrew C. Metcalf dba Judgment Acquisitions Unlimited,1131SC000586,Small Claims,Disposed (Statistical Purposes),20110422,20110803
40,2529877,Andrew C. Metcalf dba Judgment Acquisitions Unlimited,1031SC000278,Small Claims,Disposed (Statistical Purposes),20100301,20100427
41,2963450,Andrew C. Metcalf dba Judgment Acquisitions Unlimited,1031SC000351,Small Claims,Disposed (Statistical Purposes),20100311,20100528
42,12964178,Andrew C. Metcalf dba Judgment Acquisitions Unlimited,1031SC001598,Small Claims,Disposed (Statistical Purposes),20101210,20110317
43,2274772,Andrew Metcalf,1014SC001439,Small Claims,Disposed (Statistical Purposes),20101115,20110207
44,5828151,Andrew Metcalf,1222SC000038,Small Claims,Disposed (Statistical Purposes),20120117,20120420
45,13116971,Andrew Metcalf,1222SC000376,Small Claims,Disposed (Statistical Purposes),20120524,20120917
46,24487666,Andrew Metcalf,0852SC001027,Small Claims,Disposed (Statistical Purposes),20080709,20080918
47,27790593,Andrew Metcalf,0758SC001464,Small Claims,Disposed (Statistical Purposes),20071128,20080124
48,47783161,Andrew Metcalf,1122SC000562,Small Claims,Disposed (Statistical Purposes),20110926,20111222
49,51203644,Andrew Metcalf,0856SC004659,Small Claims,Disposed (Statistical Purposes),20081125,20090102
0,55735546,Andrew Metcalf,0056SC005121,Small Claims,Disposed (Statistical Purposes),20050125,20050426
1,74928523,Andrew Metcalf,1352SC000419,Small Claims,Disposed (Statistical Purposes),20130517,20130628
2,86131561,Andrew Metcalf,1822SP000033,Supplementary Process,Disposed (Statistical Purposes),20180719,20180910
3,3551542,Andrew C. Metcalf,9852SC001888,Small Claims,Pending,20120919,20121023
4,22713308,Andrew C. Metcalf,0552SC001592,Small Claims,Disposed (Statistical Purposes),20050902,20051110
5,55738780,Andrew C. Metcalf,0556SC000940,Small Claims,Disposed (Statistical Purposes),20050303,20050504
6,59597835,Andrew C. Metcalf,0556SC004198,Small Claims,Disposed (Statistical Purposes),20051021,20051102
7,88828195,Andrew C. Metcalf,1949SP000011,Supplementary Process,Open,20190222,20190222
8,4340291,Andrew C Metcalf dba Judgement Acquisitions Unlimited As Assignee of Mals Service Center,0752sc47000853,Small Claims,Disposed (Statistical Purposes),20140821,20140911
9,4831402,Andrew C. Metcalf As Assignee of Mal's Service,1252sc47000299,Small Claims,Disposed (Statistical Purposes),20141201,20150109
10,6444486,"Andrew C. Metcalf Assignee of Our Magical Beginnings, Inc.",1315SC002040,Small Claims,Disposed (Statistical Purposes),20130821,20131018
11,6508117,Andrew C Metcalf d/b/a Judgment Acquisitions Unlimited Assignee of Hope Fallon,1052SC000649,Small Claims,Disposed (Statistical Purposes),20100618,20100812
12,6602922,Andrew C. Metcalf assignee of One Vine WIne Co.,1052SC000677,Small Claims,Disposed (Statistical Purposes),20100628,20100823
13,6727280,Andrew Metcalf assignee of Mark Sicotte,1014SC000056,Small Claims,Disposed (Statistical Purposes),20100119,20100426
14,7404453,Andrew C. Metcalf assignee of Robert A. Fiore,1151SC000825,Small Claims,Disposed (Statistical Purposes),20110831,20120110
15,7405198,Andrew C. Metcalf assignee of Nicholas A. Rocca,1151SC000828,Small Claims,Disposed (Statistical Purposes),20110901,20111201
16,7421015,Andrew Metcalf assignee of Christine Campbell,1151SC000861,Small Claims,Disposed (Statistical Purposes),20110912,20111205
17,7583907,Andrew Metcalf assignee of Christian Tapia,1151SC000951,Small Claims,Disposed (Statistical Purposes),20111003,20120109
18,7618146,Andrew Metcalf assignee of Rakesh Dhar,1251SC000987,Small Claims,Disposed (Statistical Purposes),20121001,20130107
19,8925105,Andrew Metcalf D/B/A Judgment Acquisitions Unlimit,1058SC000078,Small Claims,Disposed (Statistical Purposes),20100122,20100218
20,24386163,Andrew Metcalf D/B/A Judgment Acquisitions Unlimit,0513SC000141,Small Claims,Disposed (Statistical Purposes),20050127,20050601
21,28512209,Andrew Metcalf D/B/A Judgment Acquisitions Unlimit,0858SC000733,Small Claims,Disposed (Statistical Purposes),20080711,20080821
22,29163649,Andrew Metcalf D/B/A Judgment Acquisitions Unlimit,0913SC003229,Small Claims,Disposed (Statistical Purposes),20091209,20100204
23,30561382,Andrew Metcalf D/B/A Judgment Acquisitions Unlimit,0913SC000591,Small Claims,Disposed (Statistical Purposes),20090217,20090427
24,32339193,Andrew Metcalf D/B/A Judgment Acquisitions Unlimit,0958SC000454,Small Claims,Disposed (Statistical Purposes),20090408,20090514
25,36106189,Andrew Metcalf D/B/A Judgment Acquisitions Unlimit,0856SC001235,Small Claims,Disposed (Statistical Purposes),20080328,20080612
26,51789219,Andrew Metcalf D/B/A Judgment Acquisitions Unlimit,0756SC000093,Small Claims,Disposed (Statistical Purposes),20070109,20070201
27,51977629,Andrew Metcalf D/B/A Judgment Acquisitions Unlimit,0856SC003670,Small Claims,Disposed (Statistical Purposes),20080918,20081119
28,63309858,Andrew Metcalf D/B/A Judgment Acquisitions Unlimit,0956SC003288,Small Claims,Disposed (Statistical Purposes),20090803,20090914
29,8927265,Andrew C. Metcalf D/B/A Judgment Aqcuisitions Unli,1058SC000098,Small Claims,Disposed (Statistical Purposes),20100127,20100225
30,9271540,Andrew C Metcalf d/b/a Judgment Acquistions Unlimited assignee of Grant's Rentaland,1015SC001540,Small Claims,Disposed (Statistical Purposes),20100820,20101007
31,9391941,Andrew C Metcalf d/b/a Judgment Unlimited,1058SC000324,Small Claims,Disposed (Statistical Purposes),20100402,20100805
32,9640299,Andrew C. Metcalf D/B/A Judgment Aquisitions Unlim,1058SC000526,Small Claims,Disposed (Statistical Purposes),20100617,20100709
33,9682022,Andrew C. Metcalf D/B/A Judgment Aquisitions Unlimited,1058SC000551,Small Claims,Disposed (Statistical Purposes),20100628,20100722
34,10166009,Andrew Metcalf dba Judgment Acquisitions Unlimited,1121SC000113,Small Claims,Disposed (Statistical Purposes),20110224,20110524
35,31039965,Andrew Metcalf dba Judgment Acquisitions Unlimited,0621SC000790,Small Claims,Disposed (Statistical Purposes),20060829,20061027
36,31100790,Andrew Metcalf dba Judgment Acquisitions Unlimited,0821SC000334,Small Claims,Disposed (Statistical Purposes),20080429,20080723
37,31130909,Andrew Metcalf dba Judgment Acquisitions Unlimited,0621SC000817,Small Claims,Disposed (Statistical Purposes),20060918,20061129
38,31154247,Andrew Metcalf dba Judgment Acquisitions Unlimited,0621SC000813,Small Claims,Disposed (Statistical Purposes),20060918,20061103
39,31978156,Andrew Metcalf dba Judgment Acquisitions Unlimited,0821SC000759,Small Claims,Disposed (Statistical Purposes),20080923,20081202
40,36077062,Andrew Metcalf dba Judgment Acquisitions Unlimited,0721SC000537,Small Claims,Disposed (Statistical Purposes),20070711,20070905
41,45486161,Andrew Metcalf dba Judgment Acquisitions Unlimited,0513SC001333,Small Claims,Disposed (Statistical Purposes),20050628,20050830
42,60972020,Andrew Metcalf dba Judgment Acquisitions Unlimited,0856SC002620,Small Claims,Disposed (Statistical Purposes),20080707,20080925
43,61470169,Andrew Metcalf dba Judgment Acquisitions Unlimited,0856SC001482,Small Claims,Disposed (Statistical Purposes),20080410,20080521
44,62691827,Andrew Metcalf dba Judgment Acquisitions Unlimited,0756SC000645,Small Claims,Disposed (Statistical Purposes),20070301,20070328
45,10810225,Andrew Metcalf assignee of Watson Colonial Funeral Home,1166SC000456,Small Claims,Disposed (Statistical Purposes),20110621,20110726
46,12263516,Andrew C Metcalf Assignee of Khalil Mafhoumand,1314SC001586,Small Claims,Disposed (Statistical Purposes),20131107,20140312
47,13553450,Andrew Metcalf D/B/A Judgment Acquisition Unlimited,1158SC001055,Small Claims,Disposed (Statistical Purposes),20110919,20111103
48,14367304,Andrew C. Metcalf assignee of Dario Merisma,1051SC000716,Small Claims,Disposed (Statistical Purposes),20100820,20101005
49,14394304,Andrew C. Metcalf assignee of Lou's Custon Exhaust,1151SC000192,Small Claims,Disposed (Statistical Purposes),20110301,20110523
0,14764080,Andrew C. Metcalf D/B/A Judgment Acquisitions Unli,1058SC000704,Small Claims,Disposed (Statistical Purposes),20100818,20100923
1,14802305,Andrew C. Metcalf D/B/A Judgment Acquisitions Unli,1058SC000806,Small Claims,Disposed (Statistical Purposes),20100914,20101021
2,14803493,Andrew C. Metcalf D/B/A Judgment Acquisitions Unli,1058SC000808,Small Claims,Disposed (Statistical Purposes),20100914,20101021
3,14805145,Andrew C. Metcalf D/B/A Judgment Acquisitions Unli,1058SC000811,Small Claims,Disposed (Statistical Purposes),20100914,20101021
4,14813951,Andrew C. Metcalf D/B/A Judgment Acquisitions Unli,1058SC000869,Small Claims,Disposed (Statistical Purposes),20101004,20101104
5,27940087,Andrew C. Metcalf D/B/A Judgment Acquisitions Unli,0758SC001550,Small Claims,Disposed (Statistical Purposes),20071220,20080207
6,30226380,Andrew C. Metcalf D/B/A Judgment Acquisitions Unli,0513SC001497,Small Claims,Disposed (Statistical Purposes),20050727,20051114
7,34074790,Andrew C. Metcalf D/B/A Judgment Acquisitions Unli,0858SC001473,Small Claims,Disposed (Statistical Purposes),20081215,20090205
8,62687079,Andrew C. Metcalf D/B/A Judgment Acquisitions Unli,0756SC000634,Small Claims,Disposed (Statistical Purposes),20070228,20070405
9,14957915,Andrew C. Metcalf assignee of Richard J. Vale,1051SC001007,Small Claims,Disposed (Statistical Purposes),20101126,20110124
10,15376022,Andrew C Metcalf assignee of The Niles Company Inc,1287SU000022,Summary Process,Disposed (Statistical Purposes),20120409,20120420
11,16271016,Andrew C. Metcalf assignee of Khalil Mafhoumand,1151SC000507,Small Claims,Disposed (Statistical Purposes),20110601,20111003
12,16516276,Andrew C Metcalf D/B/A Judgment Aquisitions Unlimited,1158SC000089,Small Claims,Disposed (Statistical Purposes),20110125,20110310
13,19503305,Andrew C Metcalf D/B/A Judgment Acquisitions Unim as assignee of Neponset Valley Survey,1406SC000293,Small Claims,Disposed (Statistical Purposes),20140304,20140623
14,20679284,Andrew C. Metcalf assignee of Jean B. Jean,0806SU000133,Summary Process,Disposed (Statistical Purposes),20080519,20080620
15,22140717,Andrew Metcalf D/B/A Judgment Acquisitions Unlimited Assignee of Atrelle Peters,0915SC003415,Small Claims,Disposed (Statistical Purposes),20091023,20091102
16,22195472,Andrew C Metcalf D/B/A Judgment Acquisitons Unlimited Assignee of Charles R. Boulangerand,0915SC003510,Small Claims,Disposed (Statistical Purposes),20091109,20091222
17,22256407,Andrew C. Metcalf D/B/A Judgment Acquisitions Unlimited Assignee of Paula Ceriani,0915SC002503,Small Claims,Disposed (Statistical Purposes),20090722,20090908
18,22438261,Andrew C. Metcalf d/b/a Judgement Acquisitions Unlimited assignee of B& B Towingand,0552SC001358,Small Claims,Disposed (Statistical Purposes),20050721,20050908
19,45694722,Andrew C. Metcalf d/b/a Judgement Acquisitions Unlimited assignee of B& B Towingand,0552SC000520,Small Claims,Disposed (Statistical Purposes),20050325,20050505
20,24392738,Andrew Metcalf D/B/A/ Judgment Acquisitions Unlimi,0513SC000218,Small Claims,Disposed (Statistical Purposes),20050201,20050913
21,25278454,"Judgment Acquisitions Unltd, Andrew Metcalf Dba",0513SC000743,Small Claims,Disposed (Statistical Purposes),20050419,20050613
22,30455354,"Judgment Acquisitions Unltd, Andrew Metcalf Dba",0913SC000033,Small Claims,Disposed (Statistical Purposes),20090106,20090318
23,25394348,"Andrew C. Metcalf, Judgment Acquisitions Unlimite",0513SC000938,Small Claims,Disposed (Statistical Purposes),20050511,20050620
24,27032847,Andrew C. Metcalf D/B/A Judgement Acquisitions Unl,0858SC000626,Small Claims,Disposed (Statistical Purposes),20080613,20081002
25,28544365,Andrew C. Metcalf D/B/A Judgement Acquisitions Unl,0758SC000746,Small Claims,Disposed (Statistical Purposes),20070612,20070803
26,29244048,Andrew C. Metcalf D/B/A Judgement Acquisitions Unl,0858SC000127,Small Claims,Disposed (Statistical Purposes),20080208,20080320
27,33398188,Andrew C. Metcalf D/B/A Judgement Acquisitions Unl,0758SC001122,Small Claims,Disposed (Statistical Purposes),20070907,20071026
28,55760288,Andrew C. Metcalf D/B/A Judgement Acquisitions Unl,0056SC002702,Small Claims,Disposed (Statistical Purposes),20050106,20050204
29,27086665,Andrew C Metcalf D/B/A Judgement Acquisitions Unl,0958SC000838,Small Claims,Disposed (Statistical Purposes),20090709,20090924
30,27269307,Andrew C. Metcalf D/B/A Judgement Acquistions Unli,0958SC001093,Small Claims,Disposed (Statistical Purposes),20090825,20091203
31,28262014,Andrew C. Metcalf As Assignee of Hancock TV & Appliance,0758SC561071,Small Claims,Disposed (Statistical Purposes),20070330,20150423
32,30522490,Andrew C. Metcalf Dba Judgment Acquisitions Unlimi,0721SC000295,Small Claims,Disposed (Statistical Purposes),20070424,20070719
33,30774734,Andrew C. Metcalf Dba Judgment Acquisitions Unlimi,0721SC000831,Small Claims,Disposed (Statistical Purposes),20071019,20080721
34,30778420,Andrew C. Metcalf Dba Judgment Acquisitions Unlimi,0721SC000834,Small Claims,Disposed (Statistical Purposes),20071019,20080128
35,30955744,Andrew C. Metcalf Dba Judgment Acquisitions Unlimi,0721SC001018,Small Claims,Disposed (Statistical Purposes),20071218,20080325
36,30957703,Andrew C. Metcalf Dba Judgment Acquisitions Unlimi,0721SC001041,Small Claims,Closed (Transferred),20071228,20110907
37,31589627,Andrew C. Metcalf Dba Judgment Acquisitions Unlimi,0821SC000018,Small Claims,Disposed (Statistical Purposes),20080110,20080411
38,34309825,Andrew C. Metcalf Dba Judgment Acquisitions Unlimi,0621SC000965,Small Claims,Disposed (Statistical Purposes),20061027,20070111
39,30680044,Andrew Metcalf assignee of Kimberly Yout,1556SP000687,Supplementary Process,Disposed (Statistical Purposes),20151120,20160126
40,30849083,Andrew C. Metcalf Dba Judgment Acquisitions Unlmit,0721SC000951,Small Claims,Disposed (Statistical Purposes),20071120,20080314
41,30952934,Andrew C. Metcalf Dba Judgment Acqusitions Unlimit,0721SC001042,Small Claims,Disposed (Statistical Purposes),20071228,20080328
42,31044656,Andrew Metcalf Dba Judgment Acquisition Unlimited,0621SC000792,Small Claims,Disposed (Statistical Purposes),20060829,20061027
43,31140687,"Judgment Acquisitions Unlimit, Andrew C. Metcalf Dba",0821SC000328,Small Claims,Disposed (Statistical Purposes),20080424,20080708
44,33207317,"Dba Judgment Acquisitions Unlt, Andrew Metcalf",0513SC002355,Small Claims,Disposed (Statistical Purposes),20051118,20060109
45,35039728,Andrew Metcalf D/B/A Judgment Acquisitions Unlimiy,0656SC001510,Small Claims,Disposed (Statistical Purposes),20060407,20060503
46,35196992,Andrew C Metcalf D/B/A Judgment Acqusitions Unlimi,0656SC000919,Small Claims,Disposed (Statistical Purposes),20060303,20060324
47,35777893,Andrew C Metcalf D/B/A Judgment Acquisitions Unlim,0856SC002477,Small Claims,Closed (Transferred),20080627,20130305
48,61471418,Andrew C Metcalf D/B/A Judgment Acquisitions Unlim,0856SC001334,Small Claims,Disposed (Statistical Purposes),20080410,20080514
49,35901565,Andrew C Metcalf assignee of Powers and Sons Fuel CO.,0966SC000388,Small Claims,Disposed (Statistical Purposes),20090508,20090723
0,36133409,Andrew Metcalf Dba Jonathan Acquisitions Unlimited,0721SC000600,Small Claims,Disposed (Statistical Purposes),20070803,20070913
1,38286120,Andrew Metcalf assignee of Thomas Emberly,0951SC000423,Small Claims,Disposed (Statistical Purposes),20090320,20090519
2,40409989,Andrew Metcalf d/b/a Judgement Acquisitions Unlimited,06H83SP05599BR,Housing Court Summary Process,Closed,20060810,20061006
3,42892634,"Andrew C. Metcalf assignee of Veterans Taxi of Newton, LLC",0951SC000832,Small Claims,Disposed (Statistical Purposes),20090622,20090825
4,45694491,Andrew C. Metcalf d/b/a Judgement Acquisitions Unlimited aasignee of B&B Towingand,0552SC000523,Small Claims,Disposed (Statistical Purposes),20050325,20050505
5,45699778,Andrew Metcalf Dba Judgement Acquisitions Unltd.,0552SC001074,Small Claims,Disposed (Statistical Purposes),20050613,20050721
6,47220668,"Dba Jdgmnt Acquisitions Unltd, Andrew Metcalf",0913SC000047,Small Claims,Disposed (Statistical Purposes),20090109,20090318
7,47538754,Andrew Metcalf Dba Judgment Unlimited,0960CV000969,Civil,Disposed (Statistical Purposes),20090827,20091007
8,49692695,ANDREW METCALF D/B/A JUDGMENT ACQUISITIONS UNLIMITED ASSIGNEE OF A GRAZIANO INC,0815SC561043,Small Claims,Pending,20080312,20080312
9,52809674,Andrew Metcalf Assignee of Wilfrfedo Yanes,1115SC001562,Small Claims,Disposed (Statistical Purposes),20110622,20110816
10,52857383,Andrew C. Metcalf Assignee of Paulo F. Semedo,1115SC001805,Small Claims,Disposed (Statistical Purposes),20110720,20110906
11,52911777,Andrew C. Metcalf assignee of Belinda Williams,1115SC565036,Small Claims,Disposed (Statistical Purposes),20111208,20130904
12,53117978,"Andrew Metcalf D/B/A, Judgment Acquistions",0856SC000197,Small Claims,Disposed (Statistical Purposes),20080122,20080307
13,53423562,Andrew Metcalf D/B/A Judgment Acquisitions Unlimited Assignee of SP Enterprises Inc.,1015SC001152,Small Claims,Disposed (Statistical Purposes),20100616,20101029
14,54750219,"Andrew Metcalf, D/B/A Judgment Acqui",0556SC002865,Small Claims,Disposed (Statistical Purposes),20050712,20050803
15,55106552,Andrew C Metcalf Dba Judgment Acquisitions Unlimit,0656SC005306,Small Claims,Disposed (Statistical Purposes),20061025,20061201
16,55109296,Andrew C Metcalf Dba Judgment Acquisitions Unlimit,0656SC005311,Small Claims,Disposed (Statistical Purposes),20061025,20061201
17,59862355,Andrew C. Metcalf D/B/A Judgment Acquisitions Unl,0856SC002124,Small Claims,Disposed (Statistical Purposes),20080603,20080808
18,61082060,Andrew C. Metcalf D/B/A Judgment Acquisitons Unlimited Assignee of John Gilespie,1015SC001625,Small Claims,Disposed (Statistical Purposes),20100902,20101020
19,62412493,"Andrew Metcalf D/B/A Judgement, Acquisitions Unlimit",0556SC000203,Small Claims,Disposed (Statistical Purposes),20050119,20050208
20,64230090,Andrew Metcalf d/b/a Judgment Acquistions Unlimited,1615SC000870,Small Claims,Disposed (Statistical Purposes),20160520,20160712
21,69493347,"Judgment Acquisitions Unlimite, Andrew Metcalf Dba",0313SC001029,Small Claims,Disposed (Statistical Purposes),20030402,20031028
22,77741978,"Champion Funding Inc, Andrew Metcalf, President",2138SC000524,Small Claims,Open,20210614,20210614
23,77742059,"Champion Funding Inc, Andrew Metcalf, President",2138SC000525,Small Claims,Disposed (Statistical Purposes),20210614,20210827
24,81311553,"Champion Funding Inc, Andrew Metcalf, President",2138SC000043,Small Claims,Disposed (Statistical Purposes),20210125,20211221
25,85030255,"Champion Funding Inc, Andrew Metcalf, President",2115SC001476,Small Claims,Open,20210622,20210622
26,78549153,Andrew C. Metcalf assignee of Farid Tchatchibara,1752SC000124,Small Claims,Disposed (Statistical Purposes),20170206,20170420
27,79961722,"Champion Funding Inc.-Andrew Metcalf, President",2103SC000011,Small Claims,Disposed (Statistical Purposes),20210125,20210512
28,81202160,"Champion Funding Inc.-Andrew Metcalf, President",2169SC000025,Small Claims,Disposed (Statistical Purposes),20210126,20211104
29,81316872,"Champion Funding Inc.-Andrew Metcalf, President",2169SC000038,Small Claims,Open,20210129,20210129
30,80410586,"Champion Funding Inc. - Andrew Metcalf, President",2134SC000219,Small Claims,Open,20210210,20210210
31,81431369,"Champion Funding Inc. - Andrew Metcalf, President",2169SC000081,Small Claims,Open,20210210,20210210
32,81503678,"Champion Funding Inc. - Andrew Metcalf, President",2135SC000042,Small Claims,Open,20210511,20210511
33,80538366,"Champion Funding, Inc./Andrew Metcalf-President",2120SC000096,Small Claims,Open,20210210,20210210
34,80655351,"Champion Funding, Inc./Andrew Metcalf-President",2120SC000037,Small Claims,Open,20210119,20210119
35,80751035,"Champion Funding, Inc. - Andrew Metcalf, President",2120SC000198,Small Claims,Open,20210317,20210317
36,81827078,"Champion Funding Inc- Andrew Metcalf, President",2132SC002231,Small Claims,Open,20210816,20210816
37,83696188,"Champion Funding Inc- Andrew Metcalf, President",2105SC000335,Small Claims,Disposed (Statistical Purposes),20210621,20220104
38,84968790,"Champion Funding Inc- Andrew Metcalf, President",2115SC001393,Small Claims,Open,20210615,20210615
39,84977057,"Champion Funding Inc- Andrew Metcalf, President",2115SC001392,Small Claims,Disposed (Statistical Purposes),20210615,20210921
40,84971930,"Champion Funding Inc. Andrew Metcalf, President",2115SC001387,Small Claims,Disposed (Statistical Purposes),20210615,20210914
41,84972057,"Champion Funding Inc. Andrew Metcalf, President",2115SC001395,Small Claims,Disposed (Statistical Purposes),20210615,20210914
42,84974691,"Champion Funding Inc. Andrew Metcalf, President",2115SC001398,Small Claims,Disposed (Statistical Purposes),20210615,20211208
43,84982839,"Champion Funding Inc. Andrew Metcalf, President",2115SC001397,Small Claims,Disposed (Statistical Purposes),20210615,20210914
44,84975684,"Champion Funding Inc-Andrew Metcalf, President",2115SC001391,Small Claims,Disposed (Statistical Purposes),20210615,20211221
45,84983356,"Champion Funding Inc-Andrew Metcalf, President",2115SC001389,Small Claims,Disposed (Statistical Purposes),20210615,20210921
46,85752629,"Champion Funding Inc-Andrew Metcalf, President",2145SC000234,Small Claims,Disposed (Statistical Purposes),20210615,20210907
47,84989516,"Champion Funding Inc-Andrew Metcalf,President",2115SC001390,Small Claims,Disposed (Statistical Purposes),20210615,20211201
48,84991371,"Champion Funding Inc.- Andrew Metcalf, President",2115SC001394,Small Claims,Disposed (Statistical Purposes),20210615,20210628
49,85003727,"Champion Funding Inc.- Andrew Metcalf, President",2115SC001477,Small Claims,Disposed (Statistical Purposes),20210622,20211005
0,85386241,"Champion Funding Inc - Andrew Metcalf, President",2169SC000374,Small Claims,Open,20210614,20210614
1,86115459,"Champion Funding Inc - Andrew Metcalf, President",2122SC000282,Small Claims,Open,20210614,20210614
2,86116020,"Champion Funding Inc - Andrew Metcalf, President",2122SC000283,Small Claims,Disposed (Statistical Purposes),20210614,20220203
3,88204602,"Champion Funding Inc - Andrew Metcalf, President",2145SC000158,Small Claims,Disposed (Statistical Purposes),20210421,20211006
4,85752985,"Champion Funding, Inc. Andrew Metcalf, President",2145SC000233,Small Claims,Disposed (Statistical Purposes),20210615,20211215
5,86769360,"Champion Funding Inc., Andrew Metcalf, President",2165SC000307,Small Claims,Open,20210614,20210614
