,post_id,party_name,case_number,case_type,case_status,file_date,status_date
0,60987007,Carrington Mortgage Services,10 MISC 433854,Servicemembers,Closed,20100712,20110405
1,74316002,Carrington Mortgage Services,1610SU000374,Summary Process,Pending,20161020,20161020
2,78365324,Carrington Mortgage Services,08 MISC 374614,Servicemembers,Closed,20080304,20150211
3,51590574,"Carrington Mortgage Services, LLC",15 SM 008760,Servicemembers,Open,20151007,20151007
4,51590871,"Carrington Mortgage Services, LLC",15 SM 008761,Servicemembers,Open,20151007,20151007
5,52547858,"Carrington Mortgage Services, LLC",15 SM 010472,Servicemembers,Closed,20151125,20160513
6,53020186,"Carrington Mortgage Services, LLC",15 SM 010526,Servicemembers,Closed,20151130,20160209
7,53130441,"Carrington Mortgage Services, LLC",15 SM 011158,Servicemembers,Open,20151216,20151216
8,53130608,"Carrington Mortgage Services, LLC",15 SM 011162,Servicemembers,Closed,20151216,20160308
9,53205637,"Carrington Mortgage Services, LLC",15 SM 011382,Servicemembers,Closed,20151221,20160511
10,53262425,"Carrington Mortgage Services, LLC",15 SM 011546,Servicemembers,Closed,20151224,20160314
11,53262595,"Carrington Mortgage Services, LLC",15 SM 011545,Servicemembers,Closed,20151224,20160307
12,53293862,"Carrington Mortgage Services, LLC",15 SM 011613,Servicemembers,Open,20151228,20151228
13,53299185,"Carrington Mortgage Services, LLC",15 SM 011627,Servicemembers,Closed,20151229,20160414
14,53315757,"Carrington Mortgage Services, LLC",15 SM 011682,Servicemembers,Open,20151230,20151230
15,54583300,"Carrington Mortgage Services, LLC",15 SM 007436,Servicemembers,Open,20150902,20150902
16,54871461,"Carrington Mortgage Services, LLC",15 SM 007514,Servicemembers,Closed,20150903,20160125
17,54984274,"Carrington Mortgage Services, LLC",15 SM 007294,Servicemembers,Closed,20150828,20160125
18,55027411,"Carrington Mortgage Services, LLC",15 SM 007747,Servicemembers,Closed,20150911,20160201
19,55083414,"Carrington Mortgage Services, LLC",15 SM 007578,Servicemembers,Closed,20150904,20151027
20,55138502,"Carrington Mortgage Services, LLC",15 SM 007577,Servicemembers,Closed,20150904,20151027
21,55152444,"Carrington Mortgage Services, LLC",15 SM 007259,Servicemembers,Closed,20150828,20151230
22,55248377,"Carrington Mortgage Services, LLC",15 SM 007601,Servicemembers,Closed,20150908,20160127
23,55336213,"Carrington Mortgage Services, LLC",15 SM 007316,Servicemembers,Closed,20150831,20151020
24,55570578,"Carrington Mortgage Services, LLC",16 SM 000835,Servicemembers,Open,20160128,20160128
25,55675562,"Carrington Mortgage Services, LLC",16 SM 000003,Servicemembers,Open,20160104,20160104
26,55795847,"Carrington Mortgage Services, LLC",16 SM 000062,Servicemembers,Closed,20160104,20160511
27,55841055,"Carrington Mortgage Services, LLC",15 SM 008000,Servicemembers,Closed,20150917,20160201
28,55885331,"Carrington Mortgage Services, LLC",15 SM 007990,Servicemembers,Open,20150917,20150917
29,55900564,"Carrington Mortgage Services, LLC",16 SM 000081,Servicemembers,Closed,20160105,20160523
30,55920546,"Carrington Mortgage Services, LLC",16 SM 000078,Servicemembers,Open,20160105,20160105
31,56004328,"Carrington Mortgage Services, LLC",16 SM 000500,Servicemembers,Closed,20160115,20160520
32,56132203,"Carrington Mortgage Services, LLC",16 SM 000137,Servicemembers,Closed,20160106,20160518
33,56337075,"Carrington Mortgage Services, LLC",16 SM 002209,Servicemembers,Closed,20160301,20160415
34,56668606,"Carrington Mortgage Services, LLC",12 MISC 474791,Servicemembers,Open,20121214,20121214
35,56680627,"Carrington Mortgage Services, LLC",15 SM 008365,Servicemembers,Open,20150928,20150928
36,57139258,"Carrington Mortgage Services, LLC",16 SM 002871,Servicemembers,Closed,20160318,20160928
37,57150988,"Carrington Mortgage Services, LLC",16 SM 004562,Servicemembers,Open,20160503,20160503
38,57152745,"Carrington Mortgage Services, LLC",16 SM 004568,Servicemembers,Open,20160503,20160503
39,59346497,"Carrington Mortgage Services, LLC",0815SU000095,Summary Process,Disposed (Statistical Purposes),20080505,20080528
40,59479546,"Carrington Mortgage Services, LLC",16 SM 003681,Servicemembers,Open,20160408,20160408
41,60801061,"Carrington Mortgage Services, LLC",16 SM 003236,Servicemembers,Closed,20160329,20160524
42,62475692,"Carrington Mortgage Services, LLC",16 SM 000666,Servicemembers,Closed,20160121,20160516
43,63175952,"Carrington Mortgage Services, LLC",15 SM 009426,Servicemembers,Closed,20151026,20160425
44,63419098,"Carrington Mortgage Services, LLC",16 SM 000827,Servicemembers,Closed,20160127,20160422
45,65519417,"Carrington Mortgage Services, LLC",16 SM 008845,Servicemembers,Open,20160912,20160912
46,66408454,"Carrington Mortgage Services, LLC",16 SM 006368,Servicemembers,Open,20160623,20160623
47,66503014,"Carrington Mortgage Services, LLC",16 SM 006581,Servicemembers,Open,20160630,20160630
48,71231928,"Carrington Mortgage Services, LLC",16 SM 005990,Servicemembers,Closed,20160610,20160923
49,76408666,"Carrington Mortgage Services, LLC",16 SM 006766,Servicemembers,Open,20160706,20160706
0,76557131,"Carrington Mortgage Services, LLC",16 SM 006862,Servicemembers,Open,20160707,20160707
1,81215126,"Carrington Mortgage Services, LLC",17 SM 006951,Servicemembers,Closed,20170822,20180221
2,81290696,"Carrington Mortgage Services, LLC",17 SM 007050,Servicemembers,Closed,20170824,20170925
3,81343313,"Carrington Mortgage Services, LLC",17 SM 007048,Servicemembers,Closed,20170824,20180522
4,81850615,"Carrington Mortgage Services, LLC",17 SM 003092,Servicemembers,Closed,20170405,20171016
5,81893045,"Carrington Mortgage Services, LLC",17 SM 002531,Servicemembers,Closed,20170323,20171005
6,81959226,"Carrington Mortgage Services, LLC",17 SM 009647,Servicemembers,Closed,20171214,20180720
7,81962215,"Carrington Mortgage Services, LLC",17 SM 003464,Servicemembers,Closed,20170414,20171030
8,82051497,"Carrington Mortgage Services, LLC",17 SM 009621,Servicemembers,Closed,20171213,20180112
9,82754536,"Carrington Mortgage Services, LLC",17 SM 003697,Servicemembers,Closed,20170424,20170720
10,83061516,"Carrington Mortgage Services, LLC",18 SM 000386,Servicemembers,Closed,20180122,20180521
11,83063377,"Carrington Mortgage Services, LLC",19 SM 002641,Servicemembers,Closed,20190528,20190814
12,83102671,"Carrington Mortgage Services, LLC",19 SM 002738,Servicemembers,Closed,20190604,20190626
13,83109609,"Carrington Mortgage Services, LLC",16 SM 011765,Servicemembers,Closed,20161212,20170818
14,83190661,"Carrington Mortgage Services, LLC",19H79SP003326,Housing Court Summary Process,Active,20190815,20190815
15,83237900,"Carrington Mortgage Services, LLC",19 SM 002956,Servicemembers,Closed,20190620,20191219
16,83666382,"Carrington Mortgage Services, LLC",17 SM 005696,Servicemembers,Closed,20170627,20190329
17,83719620,"Carrington Mortgage Services, LLC",2079CV00363,Equitable Remedies,Open,20200716,20200716
18,83770595,"Carrington Mortgage Services, LLC",17 SM 005780,Servicemembers,Closed,20170630,20170808
19,83801390,"Carrington Mortgage Services, LLC",17 SM 000858,Servicemembers,Closed,20170131,20170831
20,83877230,"Carrington Mortgage Services, LLC",20 SM 000019,Servicemembers,Closed,20200102,20200219
21,83904457,"Carrington Mortgage Services, LLC",20 SM 000099,Servicemembers,Closed,20200108,20200116
22,83959010,"Carrington Mortgage Services, LLC",20 SM 000248,Servicemembers,Open,20200116,20200116
23,83962663,"Carrington Mortgage Services, LLC",20 SM 000221,Servicemembers,Closed,20200115,20200826
24,83981377,"Carrington Mortgage Services, LLC",19 SM 004634,Servicemembers,Closed,20191003,20191115
25,83982934,"Carrington Mortgage Services, LLC",20 SM 000558,Servicemembers,Open,20200203,20200203
26,84007607,"Carrington Mortgage Services, LLC",20 SM 000692,Servicemembers,Closed,20200206,20200219
27,84010521,"Carrington Mortgage Services, LLC",20 SM 000836,Servicemembers,Closed,20200213,20211012
28,84019074,"Carrington Mortgage Services, LLC",20 SM 000513,Servicemembers,Closed,20200129,20220210
29,84026200,"Carrington Mortgage Services, LLC",19 SM 004559,Servicemembers,Closed,20191001,20191024
30,84034953,"Carrington Mortgage Services, LLC",20 SM 000541,Servicemembers,Closed,20200130,20200309
31,84041417,"Carrington Mortgage Services, LLC",19 SM 004928,Servicemembers,Closed,20191018,20210909
32,84051553,"Carrington Mortgage Services, LLC",19 SM 004978,Servicemembers,Closed,20191018,20200220
33,84062143,"Carrington Mortgage Services, LLC",20 SM 000802,Servicemembers,Closed,20200212,20200219
34,84062716,"Carrington Mortgage Services, LLC",19 SM 004813,Servicemembers,Closed,20191011,20191108
35,84065807,"Carrington Mortgage Services, LLC",19 SM 004817,Servicemembers,Closed,20191011,20200110
36,84067100,"Carrington Mortgage Services, LLC",20 SM 000840,Servicemembers,Closed,20200213,20200826
37,84094036,"Carrington Mortgage Services, LLC",19 SM 005569,Servicemembers,Closed,20191115,20200114
38,84159036,"Carrington Mortgage Services, LLC",19 SM 005526,Servicemembers,Closed,20191114,20191126
39,84272721,"Carrington Mortgage Services, LLC",17 SM 005958,Servicemembers,Closed,20170711,20180307
40,84391158,"Carrington Mortgage Services, LLC",17 SM 006504,Servicemembers,Closed,20170801,20180221
41,86682948,"Carrington Mortgage Services, LLC",18 SM 007834,Servicemembers,Closed,20181214,20190314
42,86723762,"Carrington Mortgage Services, LLC",18 SM 007774,Servicemembers,Closed,20181213,20190411
43,86736974,"Carrington Mortgage Services, LLC",19 SM 000001,Servicemembers,Closed,20190102,20190819
44,86772085,"Carrington Mortgage Services, LLC",18 SM 007689,Servicemembers,Closed,20181210,20190606
45,86859787,"Carrington Mortgage Services, LLC",18 SM 007992,Servicemembers,Closed,20181221,20190409
46,86876720,"Carrington Mortgage Services, LLC",18 SM 008019,Servicemembers,Closed,20181221,20190408
47,86879482,"Carrington Mortgage Services, LLC",19 SM 000158,Servicemembers,Closed,20190110,20190211
48,86896127,"Carrington Mortgage Services, LLC",19 SM 000162,Servicemembers,Closed,20190110,20190716
49,86966694,"Carrington Mortgage Services, LLC",19 SM 000203,Servicemembers,Closed,20190114,20190211
0,86990971,"Carrington Mortgage Services, LLC",19 SM 000341,Servicemembers,Closed,20190118,20190514
1,87070565,"Carrington Mortgage Services, LLC",18 SM 005944,Servicemembers,Closed,20180913,20181217
2,87078492,"Carrington Mortgage Services, LLC",18 SM 005988,Servicemembers,Closed,20180914,20190301
3,87096618,"Carrington Mortgage Services, LLC",18 SM 001980,Servicemembers,Closed,20180326,20180808
4,87110925,"Carrington Mortgage Services, LLC",18 SM 002082,Servicemembers,Closed,20180329,20180620
5,87128703,"Carrington Mortgage Services, LLC",19 SM 000667,Servicemembers,Closed,20190131,20190529
6,87129723,"Carrington Mortgage Services, LLC",18 SM 002176,Servicemembers,Closed,20180403,20180926
7,87223474,"Carrington Mortgage Services, LLC",19 SM 002305,Servicemembers,Closed,20190503,20190702
8,87270530,"Carrington Mortgage Services, LLC",19 SM 002373,Servicemembers,Closed,20190509,20190702
9,87280499,"Carrington Mortgage Services, LLC",19 SM 002372,Servicemembers,Closed,20190509,20200106
10,87290342,"Carrington Mortgage Services, LLC",19 SM 002410,Servicemembers,Closed,20190510,20190815
11,87652512,"Carrington Mortgage Services, LLC",18 SM 004989,Servicemembers,Closed,20180727,20181018
12,87704512,"Carrington Mortgage Services, LLC",18 SM 005144,Servicemembers,Closed,20180806,20190320
13,87720839,"Carrington Mortgage Services, LLC",18 SM 001680,Servicemembers,Closed,20180315,20180802
14,87760030,"Carrington Mortgage Services, LLC",18 SM 001853,Servicemembers,Closed,20180321,20180808
15,87772920,"Carrington Mortgage Services, LLC",18 SM 001762,Servicemembers,Closed,20180320,20180620
16,87775191,"Carrington Mortgage Services, LLC",18 SM 001763,Servicemembers,Closed,20180320,20180620
17,19212221,"Carrington Mortgage Services, Inc.",1077CV00173,Real Property,Open,20100127,20110525
18,84098297,"Carrington Mortgage Services, Llc.",19 SM 005516,Servicemembers,Closed,20191114,20200526
19,84148362,"Carrington Mortgage Services, Llc.",19 SM 005258,Servicemembers,Closed,20191031,20191212
20,87397134,"Carrington Mortgage Services, Llc.",1881CV03020,Equitable Remedies,Open,20181022,20181022
21,13306360,"Deutsche Bank National Trust Company, as Indenture Trustee, For New Century Home Equity Loan Trust 2005-4 Whose Mailing Address is C/O Carrington Mortgage Services,LLC",12H83SP02276PL,Housing Court Summary Process,Active,20120601,20120601
22,55130766,Series 2007 RFCI Asset Backed Pass Through Certificates c/o Carrington Mortgage Services LLC,12H83SP04927PL,Housing Court Summary Process,Active,20121029,20121101
23,86773276,"Carrington Mortgage Services,LLC",19H83SP00629CI,Housing Court Summary Process,Active,20190222,20190222
24,80613086,"Wilmington Savings Fund Society, FSB, as Trustee for Stanwich Mortgage Loan Trust A c/o Carrington Mortgage Services, LLC",1915SU000129,Summary Process,Disposed (Statistical Purposes),20191015,20191018
25,80657856,"Wilmington Savings Fund Society, FSB, as Trustee of Stanwich Mortgage Loan Trust A c/o Carrington Mortgage Services, LLC",1915SU000128,Summary Process,Disposed (Statistical Purposes),20191015,20191025
26,81853224,"CarringtonMortgage Services, LLC",17 SM 007964,Servicemembers,Closed,20170929,20180105
27,85592587,"Wilmington Savings Fund Society, FSB, as Trustee for Stanwich Mortgage Loan Trust A c/o Carrington Mortgage Services",1932SU000026,Summary Process,Disposed (Statistical Purposes),20190225,20190401
28,85594984,"Wilmington Savings Fund Society, FSB, as Trustee of Upland Mortgage Loan Trust A c/o Carrington Mortgage Services, LLC",1932SU000025,Summary Process,Disposed (Statistical Purposes),20190225,20190308
29,88661157,"Wilmington Savings Fund Society, FSB, as Trustee for Stanwick Mortgage Loan Trust A c/o Carrington Mortgage Services LLC",1832SU000154,Summary Process,Disposed (Statistical Purposes),20180816,20180829
