,post_id,party_name,case_number,case_type,case_status,file_date,status_date
0,2089783,"M & T Bank, Successor by Merger to M&T Credit Services, LLC",1210SP000100,Supplementary Process,Disposed (Statistical Purposes),20120305,20120524
1,2563177,"Sacor Financial Inc., as assignee of Columbia Credit Services, INC.",1449CV000591,Civil,Disposed (Statistical Purposes),20140922,20150205
2,9227165,"Sacor Financial Inc., as assignee of Columbia Credit Services, INC.",1435CV000092,Civil,Pending,20140925,20140925
3,48143638,"Sacor Financial Inc., as assignee of Columbia Credit Services, INC.",1515CV000334,Civil,Disposed (Statistical Purposes),20150326,20160113
4,2866268,Sacor Financial Inc. as Assignee of Columbia Credit Services,1249CV000627,Civil,Disposed (Statistical Purposes),20120904,20121115
5,6811791,Sacor Financial Inc. as Assignee of Columbia Credit Services,1262CV001511,Civil,Disposed (Statistical Purposes),20120824,20140505
6,52834108,Sacor Financial Inc. as Assignee of Columbia Credit Services,1415CV000388,Civil,Disposed (Statistical Purposes),20140226,20151127
7,62812364,Sacor Financial Inc. as Assignee of Columbia Credit Services,1311CV001141,Civil,Disposed (Statistical Purposes),20130812,20140723
8,4420167,"Sacor Financial Inc. a/a/o Columbia Credit Services, Inc. As assignee for Hilco Receivables",1452CV000589,Civil,Pending,20140912,20140912
9,4605529,"PSB Credit Services, Inc.",1181CV01655,Real Property,Closed,20110513,20110721
10,5015730,Sacor Financial Inc A/A/O Columbia Credit Services Inc,1356CV001349,Civil,Disposed (Statistical Purposes),20130819,20131105
11,5026774,Sacor Financial Inc a/a/o Columbia Credit Services Inc as Assignee of Hilco Receivables,1452SP000193,Supplementary Process,Disposed (Statistical Purposes),20141231,20150224
12,5522087,"Columbia Credit Services, Inc.",1312SP000079,Supplementary Process,Pending,20130711,20130711
13,10783168,"Columbia Credit Services, Inc.",1415CV000080,Civil,Disposed (Statistical Purposes),20140117,20140521
14,15945379,"Columbia Credit Services, Inc.",1423CV001658,Civil,Disposed (Statistical Purposes),20140826,20150817
15,19790679,"Columbia Credit Services, Inc.",0708CV000315,Civil,Disposed (Statistical Purposes),20071026,20080128
16,20116417,"Columbia Credit Services, Inc.",0707CV001172,Civil,Disposed (Statistical Purposes),20071019,20080104
17,20147672,"Columbia Credit Services, Inc.",0607CV000585,Civil,Disposed (Statistical Purposes),20060613,20061205
18,20150517,"Columbia Credit Services, Inc.",0607CV000586,Civil,Disposed (Statistical Purposes),20060613,20061205
19,20153375,"Columbia Credit Services, Inc.",0607CV000548,Civil,Disposed (Statistical Purposes),20060605,20060925
20,20230479,"Columbia Credit Services, Inc.",0548CV000200,Civil,Disposed (Statistical Purposes),20050523,20050708
21,20235410,"Columbia Credit Services, Inc.",0548CV000201,Civil,Disposed (Statistical Purposes),20050523,20060915
22,20327331,"Columbia Credit Services, Inc.",0525CV000339,Civil,Disposed (Statistical Purposes),20050419,20050614
23,20463289,"Columbia Credit Services, Inc.",0602CV000270,Civil,Disposed (Statistical Purposes),20060613,20060913
24,20609099,"Columbia Credit Services, Inc.",0515CV000718,Civil,Disposed (Statistical Purposes),20050428,20050614
25,20612714,"Columbia Credit Services, Inc.",0515CV000659,Civil,Disposed (Statistical Purposes),20050421,20050607
26,20624174,"Columbia Credit Services, Inc.",0515CV000484,Civil,Disposed (Statistical Purposes),20050328,20050511
27,20717877,"Columbia Credit Services, Inc.",0534SP000271,Supplementary Process,Disposed (Statistical Purposes),20051205,20060202
28,20735884,"Columbia Credit Services, Inc.",0534CV000833,Civil,Disposed (Statistical Purposes),20051227,20060227
29,20931190,"Columbia Credit Services, Inc.",0515CV001170,Civil,Disposed (Statistical Purposes),20050701,20050720
30,20949181,"Columbia Credit Services, Inc.",0515SP000341,Supplementary Process,Disposed (Statistical Purposes),20050711,20061121
31,21000902,"Columbia Credit Services, Inc.",0552CV000159,Civil,Disposed (Statistical Purposes),20050223,20050502
32,21446345,"Columbia Credit Services, Inc.",0648CV000223,Civil,Disposed (Statistical Purposes),20060613,20060822
33,21449493,"Columbia Credit Services, Inc.",0648CV000222,Civil,Disposed (Statistical Purposes),20060613,20070222
34,21582616,"Columbia Credit Services, Inc.",0520CV000418,Civil,Disposed (Statistical Purposes),20050620,20050822
35,21734010,"Columbia Credit Services, Inc.",0668CV000247,Civil,Disposed (Statistical Purposes),20060613,20060825
36,21780889,"Columbia Credit Services, Inc.",0707CV000795,Civil,Disposed (Statistical Purposes),20070718,20071127
37,21790198,"Columbia Credit Services, Inc.",0554CV000355,Civil,Disposed (Statistical Purposes),20050411,20050919
38,21848377,"Columbia Credit Services, Inc.",0516CV000081,Civil,Disposed (Statistical Purposes),20050225,20050620
39,22091341,"Columbia Credit Services, Inc.",0515SP000412,Supplementary Process,Disposed (Statistical Purposes),20050906,20051021
40,22103052,"Columbia Credit Services, Inc.",0515SP000437,Supplementary Process,Disposed (Statistical Purposes),20050912,20051027
41,22133110,"Columbia Credit Services, Inc.",0564CV000096,Civil,Disposed (Statistical Purposes),20050223,20050415
42,22149868,"Columbia Credit Services, Inc.",0534SP000120,Supplementary Process,Disposed (Statistical Purposes),20050613,20050811
43,22199405,"Columbia Credit Services, Inc.",0552SP000123,Supplementary Process,Disposed (Statistical Purposes),20050531,20050701
44,22224642,"Columbia Credit Services, Inc.",0552CV000560,Civil,Disposed (Statistical Purposes),20050606,20050718
45,22456925,"Columbia Credit Services, Inc.",1548SP000114,Supplementary Process,Disposed (Statistical Purposes),20150825,20151217
46,22550413,"Columbia Credit Services, Inc.",0906CV000399,Civil,Disposed (Statistical Purposes),20090319,20090921
47,22631592,"Columbia Credit Services, Inc.",1548SP000124,Supplementary Process,Pending,20150921,20150921
48,22688284,"Columbia Credit Services, Inc.",0552SP000215,Supplementary Process,Disposed (Statistical Purposes),20050906,20051014
49,22996296,"Columbia Credit Services, Inc.",0563CV000127,Civil,Disposed (Statistical Purposes),20050613,20050804
0,23019000,"Columbia Credit Services, Inc.",0539CV000167,Civil,Disposed (Statistical Purposes),20050606,20051115
1,23185664,"Columbia Credit Services, Inc.",0906CV000699,Civil,Disposed (Statistical Purposes),20090615,20090812
2,23350572,"Columbia Credit Services, Inc.",0518CV000179,Civil,Disposed (Statistical Purposes),20050223,20050601
3,23640889,"Columbia Credit Services, Inc.",0538CV000232,Civil,Disposed (Statistical Purposes),20050502,20050628
4,23746251,"Columbia Credit Services, Inc.",0652CV000638,Civil,Disposed (Statistical Purposes),20060613,20060807
5,23957949,"Columbia Credit Services, Inc.",0558CV000240,Civil,Disposed (Statistical Purposes),20050509,20050720
6,23965259,"Columbia Credit Services, Inc.",0558CV000308,Civil,Disposed (Statistical Purposes),20050606,20050720
7,24119309,"Columbia Credit Services, Inc.",0698CV000047,Civil,Disposed (Statistical Purposes),20060221,20060414
8,24132636,"Columbia Credit Services, Inc.",0614CV000441,Civil,Disposed (Statistical Purposes),20060612,20060919
9,24162439,"Columbia Credit Services, Inc.",0614CV000442,Civil,Disposed (Statistical Purposes),20060606,20060919
10,24377807,"Columbia Credit Services, Inc.",0518CV000363,Civil,Disposed (Statistical Purposes),20050411,20051028
11,24488022,"Columbia Credit Services, Inc.",0518CV000463,Civil,Disposed (Statistical Purposes),20050503,20060213
12,24498274,"Columbia Credit Services, Inc.",1532CV000989,Civil,Disposed (Statistical Purposes),20151209,20160223
13,24528111,"Columbia Credit Services, Inc.",0532SP000371,Supplementary Process,Disposed (Statistical Purposes),20050912,20140305
14,24625163,"Columbia Credit Services, Inc.",0518SP000272,Supplementary Process,Disposed (Statistical Purposes),20050627,20051109
15,24948382,"Columbia Credit Services, Inc.",0511CV000868,Civil,Disposed (Statistical Purposes),20050509,20060815
16,24954247,"Columbia Credit Services, Inc.",0511CV000804,Civil,Disposed (Statistical Purposes),20050502,20050729
17,25774841,"Columbia Credit Services, Inc.",0732CV001742,Civil,Disposed (Statistical Purposes),20071017,20080104
18,25825502,"Columbia Credit Services, Inc.",0632CV000704,Civil,Disposed (Statistical Purposes),20060615,20061102
19,25839935,"Columbia Credit Services, Inc.",0632CV000705,Civil,Disposed (Statistical Purposes),20060615,20060821
20,26013524,"Columbia Credit Services, Inc.",0617SP000005,Supplementary Process,Disposed (Statistical Purposes),20060118,20060404
21,26050428,"Columbia Credit Services, Inc.",0566CV000187,Civil,Disposed (Statistical Purposes),20050502,20050621
22,26092172,"Columbia Credit Services, Inc.",0969CV000215,Civil,Disposed (Statistical Purposes),20090316,20090505
23,26104818,"Columbia Credit Services, Inc.",0969CV000219,Civil,Disposed (Statistical Purposes),20090318,20090508
24,26129761,"Columbia Credit Services, Inc.",0588CV000027,Civil,Disposed (Statistical Purposes),20050405,20050724
25,26578920,"Columbia Credit Services, Inc.",0649CV000520,Civil,Disposed (Statistical Purposes),20060607,20060918
26,26615832,"Columbia Credit Services, Inc.",0512CV000155,Civil,Disposed (Statistical Purposes),20050419,20050620
27,26629582,"Columbia Credit Services, Inc.",0649CV000543,Civil,Disposed (Statistical Purposes),20060613,20060918
28,26638321,"Columbia Credit Services, Inc.",0512CV000259,Civil,Disposed (Statistical Purposes),20050627,20050829
29,26661292,"Columbia Credit Services, Inc.",0545CV000150,Civil,Disposed (Statistical Purposes),20050411,20050523
30,26661517,"Columbia Credit Services, Inc.",0545CV000153,Civil,Disposed (Statistical Purposes),20050411,20050503
31,26662129,"Columbia Credit Services, Inc.",0545CV000152,Civil,Disposed (Statistical Purposes),20050411,20050523
32,26707127,"Columbia Credit Services, Inc.",0663CV000148,Civil,Disposed (Statistical Purposes),20060613,20060912
33,26711641,"Columbia Credit Services, Inc.",0545CV000188,Civil,Disposed (Statistical Purposes),20050502,20050621
34,26714523,"Columbia Credit Services, Inc.",0545CV000254,Civil,Disposed (Statistical Purposes),20050607,20050725
35,26756135,"Columbia Credit Services, Inc.",0545CV000297,Civil,Disposed (Statistical Purposes),20050627,20050907
36,26929795,"Columbia Credit Services, Inc.",1669SP000001,Supplementary Process,Pending,20160111,20160111
37,27197499,"Columbia Credit Services, Inc.",0545CV000098,Civil,Disposed (Statistical Purposes),20050310,20050531
38,27348063,"Columbia Credit Services, Inc.",0543CV000206,Civil,Disposed (Statistical Purposes),20050523,20050714
39,27631232,"Columbia Credit Services, Inc.",0586CV000303,Civil,Disposed (Statistical Purposes),20050606,20050908
40,28046855,"Columbia Credit Services, Inc.",0527CV000168,Civil,Disposed (Statistical Purposes),20050411,20050531
41,28051553,"Columbia Credit Services, Inc.",0638CV000358,Civil,Disposed (Statistical Purposes),20060613,20060828
42,28072463,"Columbia Credit Services, Inc.",0638CV000357,Civil,Disposed (Statistical Purposes),20060613,20060828
43,28191767,"Columbia Credit Services, Inc.",0527CV000255,Civil,Disposed (Statistical Purposes),20050524,20050718
44,28205391,"Columbia Credit Services, Inc.",0527CV000256,Civil,Disposed (Statistical Purposes),20050524,20050706
45,28214368,"Columbia Credit Services, Inc.",0569SP000138,Supplementary Process,Disposed (Statistical Purposes),20051107,20060124
46,28298075,"Columbia Credit Services, Inc.",0559CV000251,Civil,Disposed (Statistical Purposes),20050405,20050630
47,28411566,"Columbia Credit Services, Inc.",0559CV000288,Civil,Disposed (Statistical Purposes),20050419,20050818
48,28492457,"Columbia Credit Services, Inc.",0640CV000069,Civil,Disposed (Statistical Purposes),20060711,20061003
49,28562918,"Columbia Credit Services, Inc.",0559CV000388,Civil,Disposed (Statistical Purposes),20050523,20050726
0,28569300,"Columbia Credit Services, Inc.",0632SP000574,Supplementary Process,Disposed (Statistical Purposes),20061110,20070314
1,28666120,"Columbia Credit Services, Inc.",0658CV000371,Civil,Disposed (Statistical Purposes),20060607,20060824
2,28861486,"Columbia Credit Services, Inc.",0617CV000166,Civil,Disposed (Statistical Purposes),20060613,20060720
3,28891101,"Columbia Credit Services, Inc.",0964CV000639,Civil,Disposed (Statistical Purposes),20090615,20090911
4,28910500,"Columbia Credit Services, Inc.",0640CV000057,Civil,Disposed (Statistical Purposes),20060613,20060824
5,28972251,"Columbia Credit Services, Inc.",0714CV000815,Civil,Disposed (Statistical Purposes),20070814,20080104
6,29079839,"Columbia Credit Services, Inc.",0536CV000455,Civil,Disposed (Statistical Purposes),20050502,20050720
7,29099617,"Columbia Credit Services, Inc.",0517CV000264,Civil,Disposed (Statistical Purposes),20050906,20051115
8,29224077,"Columbia Credit Services, Inc.",0618CV000768,Civil,Disposed (Statistical Purposes),20060613,20061011
9,29224499,"Columbia Credit Services, Inc.",0618CV000767,Civil,Disposed (Statistical Purposes),20060613,20060912
10,29225454,"Columbia Credit Services, Inc.",0618CV000766,Civil,Disposed (Statistical Purposes),20060613,20061011
11,29276898,"Columbia Credit Services, Inc.",0518SP000282,Supplementary Process,Disposed (Statistical Purposes),20050705,20051109
12,29315402,"Columbia Credit Services, Inc.",0532SP000487,Supplementary Process,Disposed (Statistical Purposes),20051206,20060321
13,29318452,"Columbia Credit Services, Inc.",0532SP000528,Supplementary Process,Disposed (Statistical Purposes),20051230,20060321
14,29379420,"Columbia Credit Services, Inc.",0649CV001082,Civil,Disposed (Statistical Purposes),20061101,20070326
15,29404398,"Columbia Credit Services, Inc.",0536CV000654,Civil,Disposed (Statistical Purposes),20050622,20051202
16,29935936,"Columbia Credit Services, Inc.",0523CV001039,Civil,Disposed (Statistical Purposes),20050502,20050727
17,30308890,"Columbia Credit Services, Inc.",0513CV001133,Civil,Disposed (Statistical Purposes),20050822,20051011
18,30370368,"Columbia Credit Services, Inc.",0513SP000409,Supplementary Process,Disposed (Statistical Purposes),20050907,20060407
19,30770188,"Columbia Credit Services, Inc.",0613CV000753,Civil,Disposed (Statistical Purposes),20060602,20060824
20,30778503,"Columbia Credit Services, Inc.",0555CV000164,Civil,Disposed (Statistical Purposes),20050419,20050609
21,30779082,"Columbia Credit Services, Inc.",0555CV000163,Civil,Disposed (Statistical Purposes),20050419,20050526
22,30823448,"Columbia Credit Services, Inc.",0555CV000214,Civil,Disposed (Statistical Purposes),20050523,20050804
23,30848083,"Columbia Credit Services, Inc.",0523CV000730,Civil,Disposed (Statistical Purposes),20050321,20050520
24,30868480,"Columbia Credit Services, Inc.",0555CV000228,Civil,Disposed (Statistical Purposes),20050531,20050908
25,30894925,"Columbia Credit Services, Inc.",1513SP000098,Supplementary Process,Disposed (Statistical Purposes),20150318,20150504
26,30909461,"Columbia Credit Services, Inc.",0555CV000241,Civil,Disposed (Statistical Purposes),20050606,20050728
27,31107933,"Columbia Credit Services, Inc.",0531CV000458,Civil,Disposed (Statistical Purposes),20050523,20050801
28,31166198,"Columbia Credit Services, Inc.",0558SP000190,Supplementary Process,Disposed (Statistical Purposes),20051114,20060126
29,31168884,"Columbia Credit Services, Inc.",0533CV000864,Civil,Disposed (Statistical Purposes),20050705,20050916
30,31182260,"Columbia Credit Services, Inc.",0666CV000374,Civil,Disposed (Statistical Purposes),20060707,20060927
31,31202958,"Columbia Credit Services, Inc.",0732CV001236,Civil,Disposed (Statistical Purposes),20070723,20080908
32,31383021,"Columbia Credit Services, Inc.",0565CV000245,Civil,Disposed (Statistical Purposes),20050627,20050920
33,31840314,"Columbia Credit Services, Inc.",0789CV000700,Civil,Disposed (Statistical Purposes),20070927,20071206
34,31918377,"Columbia Credit Services, Inc.",0688CV000050,Civil,Disposed (Statistical Purposes),20060616,20061024
35,32131979,"Columbia Credit Services, Inc.",0545SP000094,Supplementary Process,Disposed (Statistical Purposes),20050829,20051014
36,32455376,"Columbia Credit Services, Inc.",0633CV000835,Civil,Disposed (Statistical Purposes),20060614,20060905
37,32583524,"Columbia Credit Services, Inc.",0763CV000231,Civil,Disposed (Statistical Purposes),20070720,20071115
38,32604388,"Columbia Credit Services, Inc.",0511SP000735,Supplementary Process,Disposed (Statistical Purposes),20051031,20051230
39,32833474,"Columbia Credit Services, Inc.",0741CV000356,Civil,Disposed (Statistical Purposes),20070803,20071227
40,32900864,"Columbia Credit Services, Inc.",0570CV000037,Civil,Disposed (Statistical Purposes),20050419,20050901
41,33106839,"Columbia Credit Services, Inc.",0922CV000193,Civil,Disposed (Statistical Purposes),20090331,20090625
42,33314909,"Columbia Credit Services, Inc.",0758CV000620,Civil,Disposed (Statistical Purposes),20070719,20070829
43,33341435,"Columbia Credit Services, Inc.",0758CV000667,Civil,Disposed (Statistical Purposes),20070807,20071011
44,33444286,"Columbia Credit Services, Inc.",0562CV000570,Civil,Disposed (Statistical Purposes),20050405,20050518
45,33448575,"Columbia Credit Services, Inc.",0562CV000572,Civil,Disposed (Statistical Purposes),20050405,20050927
46,33452731,"Columbia Credit Services, Inc.",0562CV000571,Civil,Disposed (Statistical Purposes),20050405,20050518
47,33457465,"Columbia Credit Services, Inc.",0562CV000643,Civil,Disposed (Statistical Purposes),20050412,20050609
48,33641283,"Columbia Credit Services, Inc.",0562SP000285,Supplementary Process,Disposed (Statistical Purposes),20050620,20050815
49,33704970,"Columbia Credit Services, Inc.",0557CV000199,Civil,Disposed (Statistical Purposes),20050411,20050719
0,33835577,"Columbia Credit Services, Inc.",0686CV000349,Civil,Disposed (Statistical Purposes),20060613,20070202
1,33845155,"Columbia Credit Services, Inc.",0686CV000348,Civil,Disposed (Statistical Purposes),20060613,20060927
2,33847300,"Columbia Credit Services, Inc.",0643SP000009,Supplementary Process,Disposed (Statistical Purposes),20060117,20060216
3,33898977,"Columbia Credit Services, Inc.",0686CV000347,Civil,Disposed (Statistical Purposes),20060620,20061012
4,34105896,"Columbia Credit Services, Inc.",0559CV000582,Civil,Disposed (Statistical Purposes),20050719,20051116
5,34498076,"Columbia Credit Services, Inc.",0559SP000294,Supplementary Process,Disposed (Statistical Purposes),20050906,20051027
6,34500417,"Columbia Credit Services, Inc.",0659CV000560,Civil,Disposed (Statistical Purposes),20060101,20060925
7,34629439,"Columbia Credit Services, Inc.",0759CV001522,Civil,Disposed (Statistical Purposes),20071121,20080904
8,34684242,"Columbia Credit Services, Inc.",0556SP000450,Supplementary Process,Disposed (Statistical Purposes),20050705,20050830
9,34900684,"Columbia Credit Services, Inc.",0556SP000543,Supplementary Process,Disposed (Statistical Purposes),20050808,20051019
10,34915171,"Columbia Credit Services, Inc.",0659CV000561,Civil,Disposed (Statistical Purposes),20060613,20070226
11,34920903,"Columbia Credit Services, Inc.",0556CV001966,Civil,Disposed (Statistical Purposes),20050829,20051012
12,34947091,"Columbia Credit Services, Inc.",0659CV000562,Civil,Disposed (Statistical Purposes),20060614,20070105
13,35027989,"Columbia Credit Services, Inc.",0711CV002280,Civil,Disposed (Statistical Purposes),20070813,20071127
14,35130332,"Columbia Credit Services, Inc.",0711SC002293,Small Claims,Disposed (Statistical Purposes),20070817,20071015
15,35493736,"Columbia Credit Services, Inc.",0713CV001273,Civil,Disposed (Statistical Purposes),20070720,20080122
16,35507307,"Columbia Credit Services, Inc.",0713CV001272,Civil,Disposed (Statistical Purposes),20070720,20080122
17,35645096,"Columbia Credit Services, Inc.",0512SP000133,Supplementary Process,Disposed (Statistical Purposes),20051114,20070131
18,35718884,"Columbia Credit Services, Inc.",0636CV000617,Civil,Disposed (Statistical Purposes),20060607,20060906
19,35744589,"Columbia Credit Services, Inc.",0636CV000651,Civil,Disposed (Statistical Purposes),20060613,20060906
20,35767886,"Columbia Credit Services, Inc.",0636CV000648,Civil,Disposed (Statistical Purposes),20060613,20060906
21,36207267,"Columbia Credit Services, Inc.",1623CV000096,Civil,Pending,20160114,20160114
22,36278321,"Columbia Credit Services, Inc.",0631CV000657,Civil,Disposed (Statistical Purposes),20060711,20060830
23,36344587,"Columbia Credit Services, Inc.",0766CV000536,Civil,Disposed (Statistical Purposes),20070806,20071212
24,36348182,"Columbia Credit Services, Inc.",0766CV000503,Civil,Disposed (Statistical Purposes),20070725,20071212
25,36730193,"Columbia Credit Services, Inc.",0733CV001260,Civil,Disposed (Statistical Purposes),20070723,20071226
26,37063342,"Columbia Credit Services, Inc.",0560CV000372,Civil,Disposed (Statistical Purposes),20050705,20050721
27,37996228,"Columbia Credit Services, Inc.",0667CV000420,Civil,Disposed (Statistical Purposes),20060614,20061102
28,38024375,"Columbia Credit Services, Inc.",0667CV000414,Civil,Disposed (Statistical Purposes),20060614,20060815
29,38048086,"Columbia Credit Services, Inc.",1662SP000055,Supplementary Process,Pending,20160314,20160314
30,39286638,"Columbia Credit Services, Inc.",0727CV000505,Civil,Disposed (Statistical Purposes),20070816,20071109
31,39330810,"Columbia Credit Services, Inc.",0727CV000556,Civil,Disposed (Statistical Purposes),20070910,20071207
32,39788602,"Columbia Credit Services, Inc.",0527SP000199,Supplementary Process,Disposed (Statistical Purposes),20051115,20060110
33,39949910,"Columbia Credit Services, Inc.",0657CV000398,Civil,Disposed (Statistical Purposes),20060607,20070531
34,40081957,"Columbia Credit Services, Inc.",0557CV000368,Civil,Disposed (Statistical Purposes),20050711,20051109
35,40709574,"Columbia Credit Services, Inc.",0536CV001239,Civil,Disposed (Statistical Purposes),20051107,20060103
36,41078758,"Columbia Credit Services, Inc.",0723CV002441,Civil,Disposed (Statistical Purposes),20070813,20080604
37,41262476,"Columbia Credit Services, Inc.",0755CV000617,Civil,Disposed (Statistical Purposes),20070822,20071101
38,41369510,"Columbia Credit Services, Inc.",0523SP001103,Supplementary Process,Disposed (Statistical Purposes),20051220,20060711
39,41501931,"Columbia Credit Services, Inc.",0731CV001261,Civil,Disposed (Statistical Purposes),20070910,20080630
40,41575314,"Columbia Credit Services, Inc.",0731CV001317,Civil,Disposed (Statistical Purposes),20070924,20080219
41,41724450,"Columbia Credit Services, Inc.",0751CV000700,Civil,Disposed (Statistical Purposes),20070727,20071030
42,42137553,"Columbia Credit Services, Inc.",0744CV000469,Civil,Disposed (Statistical Purposes),20070720,20071108
43,42558213,"Columbia Credit Services, Inc.",0753CV001304,Civil,Disposed (Statistical Purposes),20070906,20071212
44,42732413,"Columbia Credit Services, Inc.",0762CV002164,Civil,Disposed (Statistical Purposes),20070720,20080423
45,42737421,"Columbia Credit Services, Inc.",0762CV002159,Civil,Disposed (Statistical Purposes),20070719,20071029
46,42759433,"Columbia Credit Services, Inc.",0762CV002160,Civil,Disposed (Statistical Purposes),20070719,20071029
47,42793052,"Columbia Credit Services, Inc.",0762CV002309,Civil,Disposed (Statistical Purposes),20070802,20071029
48,42799321,"Columbia Credit Services, Inc.",0762CV002310,Civil,Disposed (Statistical Purposes),20070802,20071029
49,42859607,"Columbia Credit Services, Inc.",0762CV002452,Civil,Disposed (Statistical Purposes),20070816,20071205
0,45452590,"Columbia Credit Services, Inc.",0518CV000601,Civil,Disposed (Statistical Purposes),20050523,20051018
1,45455179,"Columbia Credit Services, Inc.",0518CV000716,Civil,Disposed (Statistical Purposes),20050606,20050914
2,45455650,"Columbia Credit Services, Inc.",0518CV000717,Civil,Disposed (Statistical Purposes),20050606,20050913
3,45482842,"Columbia Credit Services, Inc.",0513SP000246,Supplementary Process,Disposed (Statistical Purposes),20050615,20050719
4,45487028,"Columbia Credit Services, Inc.",0513SP000269,Supplementary Process,Disposed (Statistical Purposes),20050628,20050926
5,45505429,"Columbia Credit Services, Inc.",0523CV001416,Civil,Disposed (Statistical Purposes),20050613,20050816
6,45514418,"Columbia Credit Services, Inc.",0523CV001624,Civil,Disposed (Statistical Purposes),20050705,20060222
7,45555876,"Columbia Credit Services, Inc.",0532CV000393,Civil,Disposed (Statistical Purposes),20050411,20050802
8,45555940,"Columbia Credit Services, Inc.",0532CV000392,Civil,Disposed (Statistical Purposes),20050411,20050620
9,45574469,"Columbia Credit Services, Inc.",0532CV000678,Civil,Disposed (Statistical Purposes),20050613,20050913
10,45580586,"Columbia Credit Services, Inc.",0532CV000733,Civil,Disposed (Statistical Purposes),20050627,20051117
11,45586297,"Columbia Credit Services, Inc.",0534CV000092,Civil,Disposed (Statistical Purposes),20050222,20050411
12,45600979,"Columbia Credit Services, Inc.",0535CV000058,Civil,Disposed (Statistical Purposes),20050506,20050808
13,45611916,"Columbia Credit Services, Inc.",0538CV000124,Civil,Disposed (Statistical Purposes),20050309,20050502
14,45630841,"Columbia Credit Services, Inc.",0533CV000717,Civil,Disposed (Statistical Purposes),20050606,20050812
15,45678031,"Columbia Credit Services, Inc.",0552CV000335,Civil,Disposed (Statistical Purposes),20050411,20050531
16,45678072,"Columbia Credit Services, Inc.",0552CV000334,Civil,Disposed (Statistical Purposes),20050411,20050524
17,45682899,"Columbia Credit Services, Inc.",0552CV000182,Civil,Disposed (Statistical Purposes),20050228,20050502
18,45694589,"Columbia Credit Services, Inc.",0543SP000190,Supplementary Process,Disposed (Statistical Purposes),20050912,20051109
19,45764860,"Columbia Credit Services, Inc.",0559CV000316,Civil,Disposed (Statistical Purposes),20050502,20050728
20,45768825,"Columbia Credit Services, Inc.",0566SP000113,Supplementary Process,Disposed (Statistical Purposes),20050808,20051229
21,45772797,"Columbia Credit Services, Inc.",0567CV000243,Civil,Disposed (Statistical Purposes),20050411,20050602
22,45784812,"Columbia Credit Services, Inc.",0562CV000797,Civil,Disposed (Statistical Purposes),20050503,20050708
23,45797492,"Columbia Credit Services, Inc.",0598SP000094,Supplementary Process,Disposed (Statistical Purposes),20050804,20051006
24,45798885,"Columbia Credit Services, Inc.",0598CV000264,Civil,Disposed (Statistical Purposes),20050822,20060118
25,45931449,"Columbia Credit Services, Inc.",0615CV001251,Civil,Disposed (Statistical Purposes),20060615,20060728
26,46052670,"Columbia Credit Services, Inc.",0634CV000458,Civil,Disposed (Statistical Purposes),20060614,20060901
27,46082453,"Columbia Credit Services, Inc.",0631CV000547,Civil,Disposed (Statistical Purposes),20060614,20060809
28,46083764,"Columbia Credit Services, Inc.",0631CV000549,Civil,Disposed (Statistical Purposes),20060614,20060809
29,46084087,"Columbia Credit Services, Inc.",0631CV000548,Civil,Disposed (Statistical Purposes),20060614,20061124
30,46084617,"Columbia Credit Services, Inc.",0631CV000550,Civil,Disposed (Statistical Purposes),20060614,20060824
31,46261346,"Columbia Credit Services, Inc.",0698CV000216,Civil,Disposed (Statistical Purposes),20060614,20070620
32,46261378,"Columbia Credit Services, Inc.",0698CV000215,Civil,Disposed (Statistical Purposes),20060614,20060915
33,46905372,"Columbia Credit Services, Inc.",0831SP000696,Supplementary Process,Disposed (Statistical Purposes),20081017,20090209
34,47333819,"Columbia Credit Services, Inc.",0928CV000221,Civil,Disposed (Statistical Purposes),20090615,20091008
35,48243548,"Columbia Credit Services, Inc.",1536SP000219,Supplementary Process,Disposed (Statistical Purposes),20151109,20160113
36,48257739,"Columbia Credit Services, Inc.",1531SP000137,Supplementary Process,Disposed (Statistical Purposes),20150513,20150625
37,48283389,"Columbia Credit Services, Inc.",1547SP000065,Supplementary Process,Disposed (Statistical Purposes),20150803,20151007
38,48678758,"Columbia Credit Services, Inc.",1652SP000028,Supplementary Process,Pending,20160413,20160413
39,48729365,"Columbia Credit Services, Inc.",1632SP000050,Supplementary Process,Pending,20160411,20160411
40,48747269,"Columbia Credit Services, Inc.",1623SP000073,Supplementary Process,Pending,20160428,20160428
41,49576653,"Columbia Credit Services, Inc.",0515CV001259,Civil,Disposed (Statistical Purposes),20050714,20050831
42,49859589,"Columbia Credit Services, Inc.",0523CV000468,Civil,Disposed (Statistical Purposes),20050223,20050420
43,49888648,"Columbia Credit Services, Inc.",0613CV000794,Civil,Disposed (Statistical Purposes),20060613,20070122
44,49890443,"Columbia Credit Services, Inc.",0613CV000809,Civil,Disposed (Statistical Purposes),20060614,20060824
45,49896750,"Columbia Credit Services, Inc.",0711CV002805,Civil,Disposed (Statistical Purposes),20070928,20080107
46,49926459,"Columbia Credit Services, Inc.",0962CV000959,Civil,Disposed (Statistical Purposes),20090316,20090819
47,50012419,"Columbia Credit Services, Inc.",0623CV001463,Civil,Disposed (Statistical Purposes),20060614,20060921
48,50012958,"Columbia Credit Services, Inc.",0623CV001459,Civil,Disposed (Statistical Purposes),20060614,20060921
49,50013175,"Columbia Credit Services, Inc.",0623CV001462,Civil,Disposed (Statistical Purposes),20060614,20060921
0,50013626,"Columbia Credit Services, Inc.",0623CV001460,Civil,Disposed (Statistical Purposes),20060614,20060921
1,50013718,"Columbia Credit Services, Inc.",0623CV001465,Civil,Disposed (Statistical Purposes),20060614,20070411
2,50013886,"Columbia Credit Services, Inc.",0623CV001464,Civil,Disposed (Statistical Purposes),20060614,20061027
3,50638742,"Columbia Credit Services, Inc.",0507SP000687,Supplementary Process,Disposed (Statistical Purposes),20051121,20061006
4,50776318,"Columbia Credit Services, Inc.",0723CV002172,Civil,Disposed (Statistical Purposes),20070718,20080508
5,50964540,"Columbia Credit Services, Inc.",0723CV002256,Civil,Disposed (Statistical Purposes),20070727,20071206
6,51484883,"Columbia Credit Services, Inc.",0662CV001366,Civil,Disposed (Statistical Purposes),20060613,20060913
7,51485070,"Columbia Credit Services, Inc.",0662CV001369,Civil,Disposed (Statistical Purposes),20060613,20060913
8,51486590,"Columbia Credit Services, Inc.",0662CV001365,Civil,Disposed (Statistical Purposes),20060613,20060913
9,51486755,"Columbia Credit Services, Inc.",0662CV001370,Civil,Disposed (Statistical Purposes),20060613,20060913
10,51486915,"Columbia Credit Services, Inc.",0662CV001371,Civil,Disposed (Statistical Purposes),20060613,20060913
11,51487367,"Columbia Credit Services, Inc.",0662CV001368,Civil,Disposed (Statistical Purposes),20060613,20060817
12,51487716,"Columbia Credit Services, Inc.",0662CV001367,Civil,Disposed (Statistical Purposes),20060613,20070518
13,51488568,"Columbia Credit Services, Inc.",0662CV001364,Civil,Disposed (Statistical Purposes),20060613,20060913
14,52012990,"Columbia Credit Services, Inc.",0823CV000255,Civil,Disposed (Statistical Purposes),20080123,20080916
15,52800767,"Columbia Credit Services, Inc.",0523CV001109,Civil,Disposed (Statistical Purposes),20050510,20060918
16,52842101,"Columbia Credit Services, Inc.",0523CV001351,Civil,Disposed (Statistical Purposes),20050607,20051129
17,53330569,"Columbia Credit Services, Inc.",0611CV001435,Civil,Disposed (Statistical Purposes),20060613,20060828
18,53330736,"Columbia Credit Services, Inc.",0611CV001433,Civil,Disposed (Statistical Purposes),20060613,20060828
19,53330829,"Columbia Credit Services, Inc.",0611CV001434,Civil,Disposed (Statistical Purposes),20060613,20061002
20,53967136,"Columbia Credit Services, Inc.",0923CV000965,Civil,Disposed (Statistical Purposes),20090319,20090603
21,55485358,"Columbia Credit Services, Inc.",0556CV000376,Civil,Disposed (Statistical Purposes),20050222,20050420
22,55485671,"Columbia Credit Services, Inc.",0556CV000378,Civil,Disposed (Statistical Purposes),20050222,20050420
23,56499475,"Columbia Credit Services, Inc.",0562CV000961,Civil,Disposed (Statistical Purposes),20050523,20050803
24,56738168,"Columbia Credit Services, Inc.",0615CV001219,Civil,Disposed (Statistical Purposes),20060614,20060808
25,56740748,"Columbia Credit Services, Inc.",0615CV001223,Civil,Disposed (Statistical Purposes),20060614,20060728
26,56741575,"Columbia Credit Services, Inc.",0615CV001218,Civil,Disposed (Statistical Purposes),20060614,20060808
27,56773260,"Columbia Credit Services, Inc.",0523CV003012,Civil,Disposed (Statistical Purposes),20051212,20070406
28,58871546,"Columbia Credit Services, Inc.",0862SP000425,Supplementary Process,Disposed (Statistical Purposes),20080429,20080708
29,59541881,"Columbia Credit Services, Inc.",0918CV001288,Civil,Disposed (Statistical Purposes),20090615,20091019
30,59987402,"Columbia Credit Services, Inc.",1523SP000118,Supplementary Process,Pending,20150309,20150309
31,63125708,"Columbia Credit Services, Inc.",0556SP000577,Supplementary Process,Disposed (Statistical Purposes),20050822,20070314
32,63228615,"Columbia Credit Services, Inc.",0523SC000837,Small Claims,Disposed (Statistical Purposes),20050310,20051006
33,63253914,"Columbia Credit Services, Inc.",0501CV003039,Civil,Closed,20050725,20050912
34,63447793,"Columbia Credit Services, Inc.",0515CV002428,Civil,Disposed (Statistical Purposes),20051230,20060307
35,63465586,"Columbia Credit Services, Inc.",0515SP000708,Supplementary Process,Disposed (Statistical Purposes),20051230,20060609
36,64049582,"Columbia Credit Services, Inc.",1615SP000138,Supplementary Process,Disposed (Statistical Purposes),20160629,20160805
37,66461117,"Columbia Credit Services, Inc.",0901CV001286,Civil,Suspended,20090316,20091027
38,66603774,"Columbia Credit Services, Inc.",1323CV000356,Civil,Disposed (Statistical Purposes),20130227,20130430
39,67711705,"Columbia Credit Services, Inc.",0981CV01068,Contract / Business Cases,Closed,20090318,20110615
40,68908081,"Columbia Credit Services, Inc.",0573CV01396,Administrative Civil Actions,Closed,20051227,20060322
41,69942893,"Columbia Credit Services, Inc.",0601CV002563,Civil,Closed,20060613,20070330
42,70247224,"Columbia Credit Services, Inc.",0501CV000806,Civil,Closed,20050303,20050303
43,70247644,"Columbia Credit Services, Inc.",0501CV000805,Civil,Closed,20050303,20150114
44,70261508,"Columbia Credit Services, Inc.",0501CV000735,Civil,Closed,20050225,20060106
45,70261708,"Columbia Credit Services, Inc.",0501CV000734,Civil,Closed,20050225,20050427
46,70307531,"Columbia Credit Services, Inc.",0501SP000203,Supplementary Process,Closed,20051209,20051209
47,70608446,"Columbia Credit Services, Inc.",0501CV002502,Civil,Closed,20050621,20051003
48,73983650,"Columbia Credit Services, Inc.",0683CV00805,Contract / Business Cases,Closed,20060707,20080627
49,73985159,"Columbia Credit Services, Inc.",0683CV00804,Contract / Business Cases,Closed,20060707,20071010
0,74286783,"Columbia Credit Services, Inc.",0973CV00387,Contract / Business Cases,Closed,20090319,20090514
1,75710702,"Columbia Credit Services, Inc.",0501CV001464,Civil,Closed,20050413,20050608
2,75715599,"Columbia Credit Services, Inc.",0501CV001466,Civil,Closed,20050413,20050413
3,76141790,"Columbia Credit Services, Inc.",0811CV000258,Civil,Disposed (Statistical Purposes),20080122,20081009
4,76327188,"Columbia Credit Services, Inc.",0552SP000152,Supplementary Process,Disposed (Statistical Purposes),20050629,20050812
5,76754897,"Columbia Credit Services, Inc.",0501CV002078,Civil,Closed,20050525,20070716
6,76755164,"Columbia Credit Services, Inc.",0501CV002077,Civil,Closed,20050525,20050711
7,77650522,"Columbia Credit Services, Inc.",1848SP000057,Supplementary Process,Open,20180926,20180926
8,78099552,"Columbia Credit Services, Inc.",0501CV002288,Civil,Closed,20050606,20050719
9,78099655,"Columbia Credit Services, Inc.",0501CV002286,Civil,Closed,20050606,20060203
10,79281512,"Columbia Credit Services, Inc.",1711SP000045,Supplementary Process,Disposed (Statistical Purposes),20170313,20170424
11,79792498,"Columbia Credit Services, Inc.",1723SP000055,Supplementary Process,Open,20170331,20170331
12,6393635,Sacor Financial Inc.as Assignee of Columbia Credit Services,1315CV001310,Civil,Closed,20130814,20140507
13,6513345,Columbia Credit Services Inc.,1413CV000876,Civil,Disposed (Statistical Purposes),20140807,20141008
14,20614493,Columbia Credit Services Inc.,0515CV000658,Civil,Disposed (Statistical Purposes),20050421,20050824
15,21347044,Columbia Credit Services Inc.,0748CV000458,Civil,Disposed (Statistical Purposes),20070822,20080122
16,21648671,Columbia Credit Services Inc.,0620SP000013,Supplementary Process,Disposed (Statistical Purposes),20060123,20060310
17,24679760,Columbia Credit Services Inc.,0561CV000209,Civil,Disposed (Statistical Purposes),20050608,20050927
18,30326906,Columbia Credit Services Inc.,0754SC001181,Small Claims,Disposed (Statistical Purposes),20070913,20071030
19,33404612,Columbia Credit Services Inc.,0626CV000303,Civil,Disposed (Statistical Purposes),20060614,20061004
20,35429659,Columbia Credit Services Inc.,0536SP000248,Supplementary Process,Disposed (Statistical Purposes),20050921,20060308
21,35476397,Columbia Credit Services Inc.,0736CV001589,Civil,Disposed (Statistical Purposes),20071115,20080130
22,36170547,Columbia Credit Services Inc.,0721CV000496,Civil,Disposed (Statistical Purposes),20070824,20071211
23,36616912,Columbia Credit Services Inc.,0655CV000350,Civil,Disposed (Statistical Purposes),20060614,20060818
24,36619831,Columbia Credit Services Inc.,0655CV000346,Civil,Disposed (Statistical Purposes),20060613,20060821
25,38756840,Columbia Credit Services Inc.,0743CV000420,Civil,Disposed (Statistical Purposes),20070813,20080221
26,38789234,Columbia Credit Services Inc.,0743CV000436,Civil,Disposed (Statistical Purposes),20070822,20071205
27,45580787,Columbia Credit Services Inc.,0532CV000732,Civil,Disposed (Statistical Purposes),20050627,20051117
28,45651672,Columbia Credit Services Inc.,0536SP000237,Supplementary Process,Disposed (Statistical Purposes),20050908,20051118
29,45785061,Columbia Credit Services Inc.,0562CV000798,Civil,Disposed (Statistical Purposes),20050503,20050726
30,45974925,Columbia Credit Services Inc.,0615SP000023,Supplementary Process,Disposed (Statistical Purposes),20060120,20070405
31,49888981,Columbia Credit Services Inc.,0613CV000795,Civil,Disposed (Statistical Purposes),20060613,20060712
32,55207860,Columbia Credit Services Inc.,0723CV002723,Civil,Disposed (Statistical Purposes),20070906,20071121
33,56674173,Columbia Credit Services Inc.,0562CV002515,Civil,Disposed (Statistical Purposes),20051229,20060825
34,59391513,Columbia Credit Services Inc.,0762SC003312,Small Claims,Disposed (Statistical Purposes),20070913,20071130
35,60498133,Columbia Credit Services Inc.,0723CV002623,Civil,Disposed (Statistical Purposes),20070827,20071121
36,63135413,Columbia Credit Services Inc.,0556SP000429,Supplementary Process,Disposed (Statistical Purposes),20050628,20060110
37,63158636,Columbia Credit Services Inc.,0723CV002581,Civil,Disposed (Statistical Purposes),20070822,20080110
38,63771641,Columbia Credit Services Inc.,0556SP000816,Supplementary Process,Disposed (Statistical Purposes),20051115,20060117
39,6557684,M&T Bank successor by merger to M&T Credit Services LLc,1255CV000169,Civil,Disposed (Statistical Purposes),20120403,20120419
40,18747799,M&T Bank successor by merger to M&T Credit Services LLc,1277CV00511,Contract / Business Cases,Closed,20120308,20120626
41,18834891,M&T Bank successor by merger to M&T Credit Services LLc,1177CV01584,Contract / Business Cases,Suspended,20110819,20111215
42,29106369,M&T Bank successor by merger to M&T Credit Services LLc,1511CV000612,Civil,Pending,20150506,20150506
43,33099165,M&T Bank successor by merger to M&T Credit Services LLc,1556CV000588,Civil,Pending,20150428,20150428
44,69081767,M&T Bank successor by merger to M&T Credit Services LLc,1611CV001163,Civil,Pending,20161011,20161011
45,75022080,M&T Bank successor by merger to M&T Credit Services LLc,1283CV00302,Contract / Business Cases,Closed,20120308,20130205
46,6751029,Sacor Financial Inc. a/a/o Columbia Credit Services Inc.,1413CV001033,Civil,Disposed (Statistical Purposes),20140922,20150130
47,7190799,"M & T Bank, Successor By Merger To M & T Credit Services, LLC",1268CV000263,Civil,Disposed (Statistical Purposes),20121113,20130816
48,65663331,"M & T Bank, Successor By Merger To M & T Credit Services, LLC",1668CV000140,Civil,Pending,20160914,20160914
49,7336000,HSBC Bank Nevada NA assignee of Household Credit Services,1214SC000622,Small Claims,Pending,20120501,20120501
0,10190612,HSBC Bank Nevada NA assignee of Household Credit Services,1238SC080817,Small Claims,Disposed (Statistical Purposes),20120920,20130404
1,7375736,"M and T Bank, Successor By Merger To M and T Credit Services, LLC",1447SP000081,Supplementary Process,Disposed (Statistical Purposes),20141114,20150304
2,8552956,"Sacor Financial, Inc. A/A/O Columbia Credit Services, Inc.",1452CV000033,Civil,Disposed (Statistical Purposes),20140122,20140716
3,24251256,"Sacor Financial, Inc. A/A/O Columbia Credit Services, Inc.",1532CV000868,Civil,Pending,20151026,20151026
4,9488205,Capital One Bank (USA) NA assignee of Household Credit Services Inc,1238SC074242,Small Claims,Pending,20120807,20120807
5,28263867,Capital One Bank (USA) NA assignee of Household Credit Services Inc,0938SC000086,Small Claims,Disposed (Statistical Purposes),20090123,20090403
6,33490840,Capital One Bank (USA) NA assignee of Household Credit Services Inc,0838SC001293,Small Claims,Disposed (Statistical Purposes),20081110,20090122
7,10128572,M & T Bank successor by merger to M & T Credit Services LLC,1238SP000358,Supplementary Process,Disposed (Statistical Purposes),20120914,20130401
8,10758197,"Sacor Financial Inc. A/A/O Columbia Credit Services, Inc.",1352CV000662,Civil,Pending,20131106,20131106
9,28272963,"Sacor Financial Inc. A/A/O Columbia Credit Services, Inc.",1533CV000753,Civil,Pending,20151026,20151026
10,48653752,"Sacor Financial Inc. A/A/O Columbia Credit Services, Inc.",1607CV000262,Civil,Pending,20160421,20160421
11,12560114,"Sacor Financial Inc as Assignee of Columbia Credit Services, Inc.",1433CV000885,Civil,Disposed (Statistical Purposes),20141124,20150703
12,14204158,"Birchwood Credit Services, Inc.",1013CV000937,Civil,Disposed (Statistical Purposes),20100513,20100922
13,14407961,"Palisades Collection, LLC, assignee of HSBC Credit Services, Inc.",1412SC000120,Small Claims,Disposed (Statistical Purposes),20140319,20140627
14,16227204,"DHC Debt, LLC as Assignee of M&T Credit Services, LLC.",1166CV000403,Civil,Disposed (Statistical Purposes),20110802,20111101
15,17904437,"Sacor Financial Inc. as Assignee of Columbia Credit Services, Inc.",1405CV000245,Civil,Disposed (Statistical Purposes),20141103,20150526
16,26049025,"Sacor Financial Inc. as Assignee of Columbia Credit Services, Inc.",1549SP000153,Supplementary Process,Pending,20150619,20150619
17,35953961,"Sacor Financial Inc. as Assignee of Columbia Credit Services, Inc.",1551SP000074,Supplementary Process,Disposed (Statistical Purposes),20150526,20151007
18,18340336,"Columbia Credit Services, Inc.,",1307CV000205,Civil,Disposed (Statistical Purposes),20130304,20140320
19,20401579,"Columbia Credit Services, Inc.,",0602CV000269,Civil,Disposed (Statistical Purposes),20060613,20060913
20,28219358,"Columbia Credit Services, Inc.,",0538CV000362,Civil,Disposed (Statistical Purposes),20050705,20060322
21,50157765,"Columbia Credit Services, Inc.,",0707CV000905,Civil,Disposed (Statistical Purposes),20070814,20080104
22,18738385,"M&T Bank, Successor By Merger to M&T Credit Services, LLC",1073CV01472,Contract / Business Cases,Closed,20101206,20121102
23,19364691,"M&T Bank, Successor By Merger to M&T Credit Services, LLC",1081CV00585,Equitable Remedies,Closed,20100212,20101126
24,47723634,"M&T Bank, Successor By Merger to M&T Credit Services, LLC",1081CV01436,Equitable Remedies,Open,20100416,20110503
25,58981097,"M&T Bank, Successor By Merger to M&T Credit Services, LLC",1181CV02678,Contract / Business Cases,Open,20110729,20111206
26,18869158,"M & T Bank, successor by to M& T Credit Services, LLC",1373CV00892,Contract / Business Cases,Closed,20130916,20131010
27,19075673,"DHC Debt, LLC as Assignee of M&T Credit Services",1173CV00010,Contract / Business Cases,Closed,20110103,20110817
28,19449097,Saccor Financial Inc as assignee of Columbia Credit Services,1405CV000088,Civil,Disposed (Statistical Purposes),20140409,20150908
29,19892063,"Columbia Credit Services, Inc",0507SP000585,Supplementary Process,Disposed (Statistical Purposes),20050921,20051205
30,20296896,"Columbia Credit Services, Inc",0506SP000434,Supplementary Process,Disposed (Statistical Purposes),20051031,20060131
31,20652552,"Columbia Credit Services, Inc",0515CV000781,Civil,Disposed (Statistical Purposes),20050506,20050614
32,21058146,"Columbia Credit Services, Inc",0547CV000093,Civil,Disposed (Statistical Purposes),20050322,20051202
33,21440788,"Columbia Credit Services, Inc",0648CV000220,Civil,Disposed (Statistical Purposes),20060613,20061113
34,22099366,"Columbia Credit Services, Inc",0508SP000069,Supplementary Process,Disposed (Statistical Purposes),20050627,20060113
35,22968760,"Columbia Credit Services, Inc",1514SP000253,Supplementary Process,Pending,20151102,20151102
36,23674414,"Columbia Credit Services, Inc",1514SP000071,Supplementary Process,Disposed (Statistical Purposes),20150330,20150520
37,24047917,"Columbia Credit Services, Inc",1547SP000015,Supplementary Process,Disposed (Statistical Purposes),20150213,20151006
38,24255913,"Columbia Credit Services, Inc",0714CV000035,Civil,Disposed (Statistical Purposes),20070109,20080501
39,24505779,"Columbia Credit Services, Inc",0647CV000277,Civil,Disposed (Statistical Purposes),20060614,20061013
40,24512056,"Columbia Credit Services, Inc",0647CV000276,Civil,Disposed (Statistical Purposes),20060614,20061013
41,24721336,"Columbia Credit Services, Inc",0654CV000589,Civil,Disposed (Statistical Purposes),20060606,20060906
42,24736670,"Columbia Credit Services, Inc",0654CV000618,Civil,Disposed (Statistical Purposes),20060613,20060823
43,26765220,"Columbia Credit Services, Inc",0528CV000070,Civil,Disposed (Statistical Purposes),20050404,20050517
44,27823694,"Columbia Credit Services, Inc",0526CV000101,Civil,Disposed (Statistical Purposes),20050310,20050406
45,28613599,"Columbia Credit Services, Inc",0658CV000385,Civil,Disposed (Statistical Purposes),20060619,20060824
46,29565733,"Columbia Credit Services, Inc",0510CV000397,Civil,Disposed (Statistical Purposes),20050524,20051115
47,29635908,"Columbia Credit Services, Inc",0510CV000453,Civil,Disposed (Statistical Purposes),20050607,20060228
48,31015806,"Columbia Credit Services, Inc",0735CV000100,Civil,Disposed (Statistical Purposes),20070814,20071108
49,31557561,"Columbia Credit Services, Inc",0621CV000231,Civil,Disposed (Statistical Purposes),20060613,20061003
0,32254622,"Columbia Credit Services, Inc",1531CV000724,Civil,Pending,20151209,20151209
1,32692395,"Columbia Credit Services, Inc",0622CV000216,Civil,Disposed (Statistical Purposes),20060614,20061110
2,32924109,"Columbia Credit Services, Inc",0741CV000395,Civil,Disposed (Statistical Purposes),20070829,20071227
3,33163638,"Columbia Credit Services, Inc",0553CV000424,Civil,Disposed (Statistical Purposes),20050502,20050613
4,33408582,"Columbia Credit Services, Inc",0626CV000304,Civil,Disposed (Statistical Purposes),20060614,20060920
5,33540618,"Columbia Credit Services, Inc",0643CV000280,Civil,Disposed (Statistical Purposes),20060613,20060921
6,33599530,"Columbia Credit Services, Inc",0643CV000279,Civil,Disposed (Statistical Purposes),20060613,20060921
7,33642876,"Columbia Credit Services, Inc",0553CV000177,Civil,Disposed (Statistical Purposes),20050228,20050524
8,37235900,"Columbia Credit Services, Inc",0651CV000195,Civil,Disposed (Statistical Purposes),20060327,20060630
9,37864767,"Columbia Credit Services, Inc",0726CV000314,Civil,Disposed (Statistical Purposes),20070719,20071206
10,38496108,"Columbia Credit Services, Inc",0653CV000713,Civil,Disposed (Statistical Purposes),20060613,20060922
11,38497148,"Columbia Credit Services, Inc",0653CV000714,Civil,Disposed (Statistical Purposes),20060613,20070221
12,38504290,"Columbia Credit Services, Inc",0653CV000715,Civil,Disposed (Statistical Purposes),20060613,20070504
13,38507949,"Columbia Credit Services, Inc",0653CV000712,Civil,Disposed (Statistical Purposes),20060613,20070124
14,38508476,"Columbia Credit Services, Inc",0653CV000716,Civil,Disposed (Statistical Purposes),20060613,20070222
15,42482666,"Columbia Credit Services, Inc",0753CV001139,Civil,Disposed (Statistical Purposes),20070803,20071108
16,45473916,"Columbia Credit Services, Inc",0513CV000699,Civil,Disposed (Statistical Purposes),20050606,20050804
17,45736247,"Columbia Credit Services, Inc",0551CV000116,Civil,Disposed (Statistical Purposes),20050222,20050411
18,45745008,"Columbia Credit Services, Inc",0553CV000564,Civil,Disposed (Statistical Purposes),20050606,20051115
19,45756821,"Columbia Credit Services, Inc",0558CV000349,Civil,Disposed (Statistical Purposes),20050627,20050830
20,45841567,"Columbia Credit Services, Inc",0603CV000100,Civil,Pending,20060615,20141211
21,46178425,"Columbia Credit Services, Inc",0651CV000402,Civil,Disposed (Statistical Purposes),20060613,20070621
22,48276571,"Columbia Credit Services, Inc",1547SP000051,Supplementary Process,Disposed (Statistical Purposes),20150619,20150903
23,48771296,"Columbia Credit Services, Inc",1652SP000024,Supplementary Process,Pending,20160404,20160404
24,49698103,"Columbia Credit Services, Inc",0523CV001574,Civil,Disposed (Statistical Purposes),20050628,20050831
25,65169191,"Columbia Credit Services, Inc",1647SP000042,Supplementary Process,Disposed (Statistical Purposes),20160627,20161102
26,73669456,"Columbia Credit Services, Inc",0564CV000228,Civil,Disposed (Statistical Purposes),20050502,20050718
27,75790635,"Columbia Credit Services, Inc",0569CV000180,Civil,Disposed (Statistical Purposes),20050613,20050812
28,76564026,"Columbia Credit Services, Inc",0554CV000516,Civil,Disposed (Statistical Purposes),20050523,20050816
29,20020362,Columbia Credit Services Inc,0707CV000840,Civil,Disposed (Statistical Purposes),20070727,20071107
30,22610793,Columbia Credit Services Inc,0614SP000023,Supplementary Process,Disposed (Statistical Purposes),20060118,20060328
31,23599118,Columbia Credit Services Inc,1647SP000002,Supplementary Process,Disposed (Statistical Purposes),20160111,20160219
32,23699193,Columbia Credit Services Inc,0561CV000156,Civil,Disposed (Statistical Purposes),20050302,20050615
33,23844465,Columbia Credit Services Inc,1552SP000079,Supplementary Process,Disposed (Statistical Purposes),20150616,20150804
34,24089456,Columbia Credit Services Inc,0698SP000010,Supplementary Process,Disposed (Statistical Purposes),20060124,20060523
35,24513055,Columbia Credit Services Inc,0513CV000206,Civil,Disposed (Statistical Purposes),20050222,20050503
36,24657076,Columbia Credit Services Inc,0550CV000193,Civil,Disposed (Statistical Purposes),20050222,20050412
37,26454909,Columbia Credit Services Inc,0641CV000235,Civil,Disposed (Statistical Purposes),20060710,20061019
38,27755721,Columbia Credit Services Inc,0641CV000185,Civil,Disposed (Statistical Purposes),20060613,20070424
39,27998989,Columbia Credit Services Inc,0541SP000078,Supplementary Process,Disposed (Statistical Purposes),20050711,20050913
40,28842662,Columbia Credit Services Inc,0556CV000918,Civil,Disposed (Statistical Purposes),20050502,20050614
41,28849243,Columbia Credit Services Inc,0556CV000920,Civil,Disposed (Statistical Purposes),20050502,20050614
42,28856664,Columbia Credit Services Inc,0556CV000919,Civil,Disposed (Statistical Purposes),20050502,20050629
43,28894172,Columbia Credit Services Inc,0556CV001109,Civil,Disposed (Statistical Purposes),20050523,20050919
44,29434040,Columbia Credit Services Inc,0510CV000271,Civil,Disposed (Statistical Purposes),20050411,20050906
45,29434847,Columbia Credit Services Inc,0510CV000270,Civil,Disposed (Statistical Purposes),20050411,20051107
46,29766739,Columbia Credit Services Inc,0661CV000244,Civil,Disposed (Statistical Purposes),20060621,20060808
47,30021492,Columbia Credit Services Inc,0747CV000372,Civil,Disposed (Statistical Purposes),20070817,20071105
48,31123633,Columbia Credit Services Inc,0650CV000884,Civil,Disposed (Statistical Purposes),20060613,20061023
49,31135697,Columbia Credit Services Inc,0650CV000885,Civil,Disposed (Statistical Purposes),20060613,20141219
0,31139412,Columbia Credit Services Inc,0650CV000883,Civil,Disposed (Statistical Purposes),20060613,20060925
1,31143490,Columbia Credit Services Inc,0650CV000882,Civil,Disposed (Statistical Purposes),20060613,20060925
2,31477349,Columbia Credit Services Inc,0551CV000297,Civil,Disposed (Statistical Purposes),20050509,20050922
3,31941916,Columbia Credit Services Inc,0622CV000269,Civil,Disposed (Statistical Purposes),20060710,20061101
4,31964808,Columbia Credit Services Inc,1586SP000089,Supplementary Process,Disposed (Statistical Purposes),20150615,20150728
5,33085695,Columbia Credit Services Inc,0611CV003145,Civil,Disposed (Statistical Purposes),20061211,20071210
6,33254520,Columbia Credit Services Inc,0513SP000559,Supplementary Process,Disposed (Statistical Purposes),20051125,20060306
7,34309726,Columbia Credit Services Inc,0627SP000016,Supplementary Process,Disposed (Statistical Purposes),20060123,20060321
8,35919136,Columbia Credit Services Inc,0610SP000024,Supplementary Process,Disposed (Statistical Purposes),20060123,20060504
9,36123222,Columbia Credit Services Inc,0555SP000093,Supplementary Process,Disposed (Statistical Purposes),20050711,20060525
10,36300010,Columbia Credit Services Inc,0555SP000131,Supplementary Process,Disposed (Statistical Purposes),20050906,20051101
11,36538713,Columbia Credit Services Inc,0788CV000089,Civil,Disposed (Statistical Purposes),20070828,20071109
12,37239050,Columbia Credit Services Inc,0665CV000276,Civil,Disposed (Statistical Purposes),20060613,20070410
13,37755417,Columbia Credit Services Inc,0553SP000226,Supplementary Process,Disposed (Statistical Purposes),20050705,20051003
14,38452454,Columbia Credit Services Inc,0557SP000193,Supplementary Process,Disposed (Statistical Purposes),20050926,20050926
15,41422262,Columbia Credit Services Inc,0555SP000164,Supplementary Process,Disposed (Statistical Purposes),20051101,20060223
16,41460972,Columbia Credit Services Inc,0555SP000170,Supplementary Process,Disposed (Statistical Purposes),20051107,20060223
17,45450445,Columbia Credit Services Inc,0513CV000223,Civil,Disposed (Statistical Purposes),20050228,20050425
18,45478504,Columbia Credit Services Inc,0513CV000736,Civil,Disposed (Statistical Purposes),20050614,20050817
19,45486110,Columbia Credit Services Inc,0513CV000816,Civil,Disposed (Statistical Purposes),20050627,20051213
20,45630072,Columbia Credit Services Inc,0541CV000066,Civil,Disposed (Statistical Purposes),20050222,20050614
21,45630307,Columbia Credit Services Inc,0541CV000065,Civil,Disposed (Statistical Purposes),20050222,20050516
22,45678342,Columbia Credit Services Inc,0552CV000337,Civil,Disposed (Statistical Purposes),20050411,20050524
23,45678602,Columbia Credit Services Inc,0552CV000336,Civil,Disposed (Statistical Purposes),20050411,20050524
24,46263331,Columbia Credit Services Inc,0657SP000004,Supplementary Process,Disposed (Statistical Purposes),20060120,20060131
25,46265265,Columbia Credit Services Inc,0657SP000005,Supplementary Process,Disposed (Statistical Purposes),20060120,20060131
26,46283078,Columbia Credit Services Inc,0708CV000251,Civil,Disposed (Statistical Purposes),20070816,20071029
27,46546123,Columbia Credit Services Inc,0747CV000417,Civil,Disposed (Statistical Purposes),20070907,20071031
28,48273074,Columbia Credit Services Inc,1547SP000035,Supplementary Process,Disposed (Statistical Purposes),20150501,20150707
29,50291454,Columbia Credit Services Inc,0707CV000946,Civil,Disposed (Statistical Purposes),20070822,20071107
30,50294714,Columbia Credit Services Inc,0756CV002092,Civil,Disposed (Statistical Purposes),20070817,20071102
31,50294813,Columbia Credit Services Inc,0756CV002089,Civil,Disposed (Statistical Purposes),20070817,20080715
32,53036147,Columbia Credit Services Inc,0750CV001541,Civil,Disposed (Statistical Purposes),20070906,20080513
33,53112867,Columbia Credit Services Inc,0856CV000171,Civil,Disposed (Statistical Purposes),20080118,20080917
34,55242098,Columbia Credit Services Inc,0750CV001248,Civil,Disposed (Statistical Purposes),20070720,20071119
35,57313071,Columbia Credit Services Inc,0656CV001404,Civil,Disposed (Statistical Purposes),20060613,20060912
36,57314274,Columbia Credit Services Inc,0656CV001405,Civil,Disposed (Statistical Purposes),20060613,20061018
37,57823511,Columbia Credit Services Inc,0556CV002928,Civil,Disposed (Statistical Purposes),20051227,20060405
38,59358004,Columbia Credit Services Inc,0656CV001361,Civil,Disposed (Statistical Purposes),20060606,20060926
39,59358273,Columbia Credit Services Inc,0656CV001360,Civil,Disposed (Statistical Purposes),20060606,20060926
40,64283879,Columbia Credit Services Inc,0779CV00713,Contract / Business Cases,Closed,20070723,20110215
41,66299891,Columbia Credit Services Inc,0679CV00074,Administrative Civil Actions,Closed,20060126,20060331
42,67065216,Columbia Credit Services Inc,0979CV00595,Contract / Business Cases,Open,20090616,20100201
43,68652992,Columbia Credit Services Inc,0877CV00150,Contract / Business Cases,Closed,20080122,20080923
44,70787031,Columbia Credit Services Inc,0672CV00398,Administrative Civil Actions,Closed,20060710,20070613
45,71042670,Columbia Credit Services Inc,0682CV01530,Contract / Business Cases,Closed,20060905,20071012
46,71327065,Columbia Credit Services Inc,0682CV01177,Contract / Business Cases,Open,20060712,20070327
47,71660387,Columbia Credit Services Inc,0685CV01434,Contract / Business Cases,Closed,20060707,20071231
48,71665113,Columbia Credit Services Inc,0685CV01436,Contract / Business Cases,Closed,20060707,20070403
49,72805395,Columbia Credit Services Inc,0585CV02380,Administrative Civil Actions,Closed,20051227,20060522
0,20069622,"Columbia Credit Services,Inc.",0707CV000187,Civil,Disposed (Statistical Purposes),20070212,20070507
1,20689031,"Columbia Credit Services,Inc.",0907CV000404,Civil,Disposed (Statistical Purposes),20090318,20090507
2,21182023,"Columbia Credit Services,Inc.",1607SP000010,Supplementary Process,Pending,20160121,20160121
3,29773093,"Columbia Credit Services,Inc.",0536CV000181,Civil,Disposed (Statistical Purposes),20050222,20050517
4,20111152,"Columbus Credit Services, Inc",0506SP000331,Supplementary Process,Disposed (Statistical Purposes),20050906,20060328
5,20625593,Beneficial Credit Services,0802CV000310,Civil,Disposed (Statistical Purposes),20080331,20081121
6,21205835,"Columbia Credit Services, Inc. Corporation",0507SP000404,Supplementary Process,Disposed (Statistical Purposes),20050706,20050728
7,22741353,"Columbia Credit Services, Inc. as Assignee of MBNA America Bank, NA",1552CV000452,Civil,Disposed (Statistical Purposes),20151015,20151208
8,24255874,"Columbia Credit Services , Inc.",0635SP000002,Supplementary Process,Disposed (Statistical Purposes),20060124,20060511
9,25072086,"Columbia Credit Services , Inc.",0664CV000400,Civil,Disposed (Statistical Purposes),20060606,20060927
10,25938981,"Columbia Credit Services , Inc.",0521CV000192,Civil,Disposed (Statistical Purposes),20050523,20050819
11,33884970,"Columbia Credit Services , Inc.",0527SP000131,Supplementary Process,Disposed (Statistical Purposes),20050801,20051004
12,37312309,"Columbia Credit Services , Inc.",0567SP000102,Supplementary Process,Disposed (Statistical Purposes),20050705,20060126
13,42679883,"Columbia Credit Services , Inc.",0562SP000593,Supplementary Process,Disposed (Statistical Purposes),20051114,20060117
14,24477608,Hsbc Bank Of Nevada Household Credit Services,0815SC003990,Small Claims,Disposed (Statistical Purposes),20081219,20090423
15,24549259,Hsbc Bank Nevada Na/ Household Credit Services,0815SC004030,Small Claims,Disposed (Statistical Purposes),20081229,20090323
16,25429953,Tidewater Finance Company d/b/a Tidewater Credit Services,1535CV000057,Civil,Pending,20150723,20150723
17,25951807,Columbia Credit Services,0658SP000051,Supplementary Process,Disposed (Statistical Purposes),20060221,20060406
18,26264120,Columbia Credit Services,0616CV000277,Civil,Disposed (Statistical Purposes),20060613,20060818
19,26329079,Columbia Credit Services,0616CV000276,Civil,Disposed (Statistical Purposes),20060613,20060821
20,29617389,Columbia Credit Services,1513SP000277,Supplementary Process,Disposed (Statistical Purposes),20150803,20150922
21,31164565,Columbia Credit Services,0531CV000551,Civil,Disposed (Statistical Purposes),20050621,20060206
22,31540296,Columbia Credit Services,0531CV000205,Civil,Disposed (Statistical Purposes),20050310,20070125
23,35753613,Columbia Credit Services,0636CV000650,Civil,Disposed (Statistical Purposes),20060613,20060906
24,37819725,Columbia Credit Services,0553SP000230,Supplementary Process,Disposed (Statistical Purposes),20050711,20051014
25,41418339,Columbia Credit Services,0555SP000155,Supplementary Process,Disposed (Statistical Purposes),20051017,20060209
26,41622928,Columbia Credit Services,0531SP000350,Supplementary Process,Disposed (Statistical Purposes),20051114,20060222
27,45397341,Columbia Credit Services,0507SP000536,Supplementary Process,Disposed (Statistical Purposes),20050831,20051121
28,45499069,Columbia Credit Services,0518SP000484,Supplementary Process,Disposed (Statistical Purposes),20051114,20060404
29,45499127,Columbia Credit Services,0518SP000483,Supplementary Process,Disposed (Statistical Purposes),20051114,20060117
30,46212793,Columbia Credit Services,0658SP000027,Supplementary Process,Disposed (Statistical Purposes),20060130,20060330
31,53464658,Columbia Credit Services,0623SP000032,Supplementary Process,Disposed (Statistical Purposes),20060117,20060324
32,26914881,"Capital One Bank (USA), NA assignee of Household Credit Services",0916SC000095,Small Claims,Disposed (Statistical Purposes),20090129,20090401
33,32242678,"Capital One Bank (USA), NA assignee of Household Credit Services",0816SC000948,Small Claims,Disposed (Statistical Purposes),20081021,20081210
34,27566113,"Columbia Credit Services, Inc., As Assignee Of Hil",0715CV001893,Civil,Disposed (Statistical Purposes),20070723,20071017
35,28200030,"Columbia Credit Services ,Inc",0538SP000129,Supplementary Process,Disposed (Statistical Purposes),20050705,20050518
36,31493260,"Columbia Credit Services ,Inc",0558SP000212,Supplementary Process,Disposed (Statistical Purposes),20051219,20060119
37,30075881,"Sacor Financial Inc. as Assignee of Columbia Credit Services,Inc",1550SP000184,Supplementary Process,Disposed (Statistical Purposes),20150618,20160128
38,30483343,"Capital One Bank (USA), NA assignee of Household Credit Services, Inc",0916SC000498,Small Claims,Disposed (Statistical Purposes),20090427,20090728
39,31943385,Liberty Credit Services,0821CV000601,Civil,Disposed (Statistical Purposes),20080912,20081118
40,35253096,Liberty Credit Services,0927SC000582,Small Claims,Disposed (Statistical Purposes),20090326,20090522
41,38637933,Liberty Credit Services,0827SC001229,Small Claims,Disposed (Statistical Purposes),20080825,20081003
42,42974844,Liberty Credit Services,0860CV000928,Civil,Disposed (Statistical Purposes),20081014,20090804
43,73040572,Liberty Credit Services,0801CV003923,Civil,Closed,20080905,20080905
44,32493695,"Sacor Financial, Inc. as assignee of Columbia Credit Services, Inc.",1551CV000452,Civil,Pending,20151109,20151109
45,32808818,"Sacor Financial, Inc. as assignee of Columbia Credit Services, Inc.",1567SP000120,Supplementary Process,Disposed (Statistical Purposes),20151209,20160204
46,75825951,"Sacor Financial, Inc. as assignee of Columbia Credit Services, Inc.",1636SP000072,Supplementary Process,Disposed (Statistical Purposes),20160812,20161004
47,32788165,"SACOR FINANCIAL, INC, A/A/O COLUMBIA CREDIT SERVICES, INC",1542CV000077,Civil,Disposed (Statistical Purposes),20150804,20160329
48,34208826,Sacor Financial Inc as assingee of Columbia Credit Services Inc,1556CV001127,Civil,Pending,20150821,20150821
49,34549825,"Columbia Credit Services, Inc,",1645SP000001,Supplementary Process,Pending,20160111,20160111
0,37997668,"Columbia Credit Services, Inc,",0667CV000413,Civil,Disposed (Statistical Purposes),20060613,20070226
1,34587235,Sacor Financial Inc as assignee of Columbia Credit Services Inc,1556SP000218,Supplementary Process,Disposed (Statistical Purposes),20150327,20150603
2,34641247,Sacor Finalcial Inc as assignee of Columbia Credit Services Inc,1556SP000214,Supplementary Process,Disposed (Statistical Purposes),20150327,20150603
3,35493145,"Columbia Credit Services, Inc as Assignee for Hilco Receivables, LLC",1555SP000116,Supplementary Process,Disposed (Statistical Purposes),20150804,20151203
4,36304328,"Capital One Bank (USA), N.A. assignee of Household Credit Services",0866CV000926,Civil,Disposed (Statistical Purposes),20081124,20090417
5,38038171,"Capital One Bank (USA), N.A. assignee of Household Credit Services",0951SC000087,Small Claims,Disposed (Statistical Purposes),20090121,20090318
6,36425873,"Columbia Credit Services,Inc",0922CV000420,Civil,Disposed (Statistical Purposes),20090615,20091001
7,36608386,"Columbia Credit Services Inc,",0655CV000347,Civil,Disposed (Statistical Purposes),20060613,20060821
8,46261267,"Columbia Credit Services Inc,",0698CV000213,Civil,Disposed (Statistical Purposes),20060614,20060915
9,46261558,"Columbia Credit Services Inc,",0698CV000212,Civil,Disposed (Statistical Purposes),20060614,20060818
10,46261607,"Columbia Credit Services Inc,",0698CV000217,Civil,Disposed (Statistical Purposes),20060614,20060821
11,39071988,"Capital One Bank (USA), N.A. assignee of Household Credit Services, Inc.",0860SC000192,Small Claims,Disposed (Statistical Purposes),20080219,20080320
12,39165385,"Sacor Financial Inc. as Assignee of Columbia Credit Services, Inc",1567SP000032,Supplementary Process,Disposed (Statistical Purposes),20150225,20150326
13,46794742,Palisades Collection Llc/Hsbc Credit Services Inc,0815SC001214,Small Claims,Disposed (Statistical Purposes),20080425,20080505
14,48050287,"M&T Bank Successor By Merger To M&T Credit Services, LLC",1381CV04047,Contract / Business Cases,Open,20130916,20131218
15,48116471,"Sacor Financial, Inc. as assignee of Columbia Credit Services, Inc",1506SP000252,Supplementary Process,Pending,20151218,20151218
16,48784111,"Colunbia Credit Services, Inc.",1636SP000035,Supplementary Process,Pending,20160411,20160411
17,48881286,Hsbc Bank Of Nevada Na/ Household Credit Services,0915SC001253,Small Claims,Disposed (Statistical Purposes),20090330,20090611
18,50170389,"Absolute Resolutions Corp. as Assignee of Capital One Credit Card Services, Inc.",1515SC002665,Small Claims,Disposed (Statistical Purposes),20150910,20160404
19,54041225,"Sacor Financial Inc. a/a/o Columbia Credit Services, Inc. a/a/o Hilco Receivables",1533SP000053,Supplementary Process,Disposed (Statistical Purposes),20150226,20150728
20,54146602,"Pinnable Credit Services, Llc",0862SP000830,Supplementary Process,Disposed (Statistical Purposes),20080826,20081023
21,64786628,"Sacor Financial, Inc. F/K/A Columbia Credit Services, Inc.",1326CV000076,Civil,Disposed (Statistical Purposes),20130228,20130712
22,67338706,"Credit Control Services, Inc., d/b/a Credit Collection Services",0981CV03200,Torts,Closed,20090818,20091202
23,70601794,"Columbia Credit Services, Inc., As Assignee Of Hilco Receivables",0881CV00292,Contract / Business Cases,Closed,20080118,20080922
24,73987868,"Sacor Financial Inc.fka Columbia creditServices, Inc",1302CV000071,Civil,Disposed (Statistical Purposes),20130215,20130617
25,74068418,"Columbia Creditservices, Inc.",0598SP000076,Supplementary Process,Disposed (Statistical Purposes),20050627,20050930
26,74620103,"Sacor financial, Inc Assignee of COlombia Credit Services, Inc",1650SP000116,Supplementary Process,Disposed (Statistical Purposes),20160628,20160929
27,77353624,"Sacor Financial, Inc as Assignee of Columbia Credit Services, Inc",1712SP000010,Supplementary Process,Disposed (Statistical Purposes),20170313,20170426
28,77448035,Sacor Financial Inc A/A/O Columbia Credit Services Inc as assignee for Hilco Receivables LLC,1756CV000354,Civil,Disposed (Statistical Purposes),20170313,20170801
29,80648393,Sacor Financial Inc A/A/O Columbia Credit Services Inc as assignee for Hilco Receivables LLC,1656SP000333,Supplementary Process,Disposed (Statistical Purposes),20161117,20170111
30,79520494,Columbia Credit Services Inc. as assignee for Hilco Receivables LLC,1713SP000048,Supplementary Process,Disposed (Statistical Purposes),20170331,20170616
31,79520495,Columbia Credit Services Inc. as assignee for Hilco Receivables LLC,1713SP000048,Supplementary Process,Disposed (Statistical Purposes),20170331,20170616
32,80177249,"M&T Bank As Successor by Merger to M&T Credit Services, LLC",1658CV000485,Civil,Disposed (Statistical Purposes),20161219,20170504
33,80665588,"Sacor Financial, Inc. a/a/o Columbia Credit Services, Inc",1762CV001269,Civil,Disposed (Statistical Purposes),20170928,20180614
34,82121607,"Sacor Financial, Inc. assignee of Columbia Credit Services, Inc.",2013CV000694,Civil,Open,20201207,20201207
35,82704221,FB Credit Services LLC,1918SC002008,Small Claims,Disposed (Statistical Purposes),20191007,20191216
36,87634492,"PSB Credit Services, LLC",1873CV00671,Real Property,Open,20180725,20180725
37,88617272,"M&T Bank, Successor by Merger to M&T Credit Services, Inc.",2132CV000555,Civil,Open,20210810,20210810
