,post_id,party_name,case_number,case_type,case_status,file_date,status_date
0,131962,Debt Management Inc.,1111SP000191,Supplementary Process,Disposed (Statistical Purposes),20110218,20110411
1,497261,Debt Management Inc.,1164SP000369,Supplementary Process,Disposed (Statistical Purposes),20110930,20111130
2,527127,Debt Management Inc.,1462SC001290,Small Claims,Disposed (Statistical Purposes),20140502,20140910
3,912450,Debt Management Inc.,1213SC002476,Small Claims,Disposed (Statistical Purposes),20121204,20130305
4,1142934,Debt Management Inc.,1434SC000001,Small Claims,Disposed (Statistical Purposes),20140102,20140219
5,1303645,Debt Management Inc.,1051SP000007,Supplementary Process,Disposed (Statistical Purposes),20100111,20100303
6,1473497,Debt Management Inc.,1468SC000002,Small Claims,Disposed (Statistical Purposes),20140107,20140602
7,1797814,Debt Management Inc.,1434SC000134,Small Claims,Disposed (Statistical Purposes),20140206,20140326
8,2152026,Debt Management Inc.,1449SC000307,Small Claims,Disposed (Statistical Purposes),20140317,20140626
9,2510401,Debt Management Inc.,1114CV000794,Civil,Disposed (Statistical Purposes),20111004,20140627
10,2799572,Debt Management Inc.,1349CV000605,Civil,Pending,20131021,20131021
11,2818375,Debt Management Inc.,1434CV000186,Civil,Disposed (Statistical Purposes),20140312,20141118
12,3076466,Debt Management Inc.,1449SC001305,Small Claims,Disposed (Statistical Purposes),20141020,20150122
13,3148579,Debt Management Inc.,1431SC002178,Small Claims,Disposed (Statistical Purposes),20141203,20150123
14,3682701,Debt Management Inc.,1229CV000057,Civil,Disposed (Statistical Purposes),20120430,20120525
15,3687912,Debt Management Inc.,1032CV002053,Civil,Disposed (Statistical Purposes),20101110,20110107
16,4115510,Debt Management Inc.,1118SC001721,Small Claims,Disposed (Statistical Purposes),20111003,20120111
17,4209074,Debt Management Inc.,1322SC000446,Small Claims,Disposed (Statistical Purposes),20130806,20131017
18,4390729,Debt Management Inc.,1148SP000138,Supplementary Process,Disposed (Statistical Purposes),20110413,20110609
19,4557806,Debt Management Inc.,1454SC000150,Small Claims,Pending,20140206,20140206
20,4837832,Debt Management Inc.,1411SC000067,Small Claims,Disposed (Statistical Purposes),20140102,20140513
21,5509358,Debt Management Inc.,1062SC001794,Small Claims,Disposed (Statistical Purposes),20100712,20101001
22,5647708,Debt Management Inc.,1312CV000223,Civil,Pending,20130802,20130802
23,5772843,Debt Management Inc.,1214CV000847,Civil,Disposed (Statistical Purposes),20121120,20121217
24,5875103,Debt Management Inc.,1325SC001414,Small Claims,Disposed (Statistical Purposes),20131118,20140409
25,5914265,Debt Management Inc.,1253SP000448,Supplementary Process,Disposed (Statistical Purposes),20120921,20130220
26,5922839,Debt Management Inc.,1253SP000449,Supplementary Process,Disposed (Statistical Purposes),20120924,20150714
27,6053295,Debt Management Inc.,1311SC003178,Small Claims,Disposed (Statistical Purposes),20131107,20140311
28,6409367,Debt Management Inc.,1413CV000008,Civil,Disposed (Statistical Purposes),20140102,20140317
29,6461391,Debt Management Inc.,1413SP000162,Supplementary Process,Disposed (Statistical Purposes),20140729,20150227
30,6783345,Debt Management Inc.,1413SC000550,Small Claims,Disposed (Statistical Purposes),20140319,20140617
31,6957288,Debt Management Inc.,1469SP000021,Supplementary Process,Disposed (Statistical Purposes),20140206,20140701
32,7117662,Debt Management Inc.,1413SC001051,Small Claims,Disposed (Statistical Purposes),20140527,20140728
33,7234021,Debt Management Inc.,1154SC001247,Small Claims,Pending,20110915,20110915
34,8203941,Debt Management Inc.,1216SC000233,Small Claims,Disposed (Statistical Purposes),20120402,20120509
35,8633742,Debt Management Inc.,1489SC000009,Small Claims,Disposed (Statistical Purposes),20140103,20140321
36,8829737,Debt Management Inc.,1438SC000367,Small Claims,Disposed (Statistical Purposes),20140409,20141002
37,8899709,Debt Management Inc.,1058SC000014,Small Claims,Disposed (Statistical Purposes),20100105,20100204
38,8980069,Debt Management Inc.,1222SC000742,Small Claims,Closed (Transferred),20121102,20140319
39,9014507,Debt Management Inc.,1338SC001153,Small Claims,Disposed (Statistical Purposes),20131107,20140424
40,10044653,Debt Management Inc.,1115CV001890,Civil,Disposed (Statistical Purposes),20111004,20120808
41,10115554,Debt Management Inc.,1249SC000522,Small Claims,Disposed (Statistical Purposes),20120504,20130329
42,10232404,Debt Management Inc.,1233SP000478,Supplementary Process,Disposed (Statistical Purposes),20120920,20121128
43,10496814,Debt Management Inc.,1458SC000134,Small Claims,Disposed (Statistical Purposes),20140211,20141120
44,10613329,Debt Management Inc.,1415SC000073,Small Claims,Disposed (Statistical Purposes),20140108,20140403
45,10640743,Debt Management Inc.,1433SC000349,Small Claims,Disposed (Statistical Purposes),20140206,20140403
46,10730950,Debt Management Inc.,1166SP000108,Supplementary Process,Disposed (Statistical Purposes),20110426,20110928
47,10828199,Debt Management Inc.,1166SP000137,Supplementary Process,Disposed (Statistical Purposes),20110520,20111012
48,11223851,Debt Management Inc.,1187SP000062,Supplementary Process,Disposed (Statistical Purposes),20110603,20130705
49,11415286,Debt Management Inc.,1452CV000333,Civil,Pending,20140529,20140529
0,12169215,Debt Management Inc.,1133SP000351,Supplementary Process,Disposed (Statistical Purposes),20110531,20110906
1,12331902,Debt Management Inc.,1369SC000454,Small Claims,Closed (Transferred),20130820,20140430
2,13138704,Debt Management Inc.,1462SC000331,Small Claims,Disposed (Statistical Purposes),20140206,20141107
3,14868939,Debt Management Inc.,1423SC000040,Small Claims,Disposed (Statistical Purposes),20140106,20140408
4,16913683,Debt Management Inc.,1166SC000709,Small Claims,Disposed (Statistical Purposes),20111003,20120227
5,17680770,Debt Management Inc.,1213SP000678,Supplementary Process,Disposed (Statistical Purposes),20121109,20130701
6,18031205,Debt Management Inc.,1306SP000319,Supplementary Process,Disposed (Statistical Purposes),20130802,20131210
7,18524863,Debt Management Inc.,1406CV000286,Civil,Disposed (Statistical Purposes),20140409,20150608
8,18866034,Debt Management Inc.,1302SC000903,Small Claims,Disposed (Statistical Purposes),20131108,20131205
9,20445294,Debt Management Inc.,0907SC000102,Small Claims,Disposed (Statistical Purposes),20090107,20090306
10,20446708,Debt Management Inc.,0907SC000101,Small Claims,Disposed (Statistical Purposes),20090107,20090325
11,20816184,Debt Management Inc.,0806SC001195,Small Claims,Disposed (Statistical Purposes),20080829,20081002
12,21323058,Debt Management Inc.,0907SC002001,Small Claims,Disposed (Statistical Purposes),20090914,20101005
13,21327952,Debt Management Inc.,0907SC002002,Small Claims,Disposed (Statistical Purposes),20090914,20101005
14,21350403,Debt Management Inc.,0902SC001094,Small Claims,Disposed (Statistical Purposes),20091208,20100121
15,22503237,Debt Management Inc.,0902SC000420,Small Claims,Disposed (Statistical Purposes),20090429,20090727
16,22630685,Debt Management Inc.,0934SC010075,Small Claims,Disposed (Statistical Purposes),20090114,20111004
17,22808852,Debt Management Inc.,0834SC000140,Small Claims,Disposed (Statistical Purposes),20080206,20080311
18,22934498,Debt Management Inc.,0906SC000870,Small Claims,Pending,20090428,20090428
19,22939640,Debt Management Inc.,0906SC000869,Small Claims,Disposed (Statistical Purposes),20090428,20091118
20,22946170,Debt Management Inc.,0906SC000868,Small Claims,Disposed (Statistical Purposes),20090429,20091118
21,23068178,Debt Management Inc.,0725CV000663,Civil,Disposed (Statistical Purposes),20070515,20070613
22,23263189,Debt Management Inc.,0906SC001064,Small Claims,Disposed (Statistical Purposes),20090618,20091201
23,23297969,Debt Management Inc.,0834SC001730,Small Claims,Disposed (Statistical Purposes),20081219,20090303
24,23364220,Debt Management Inc.,0825SC000533,Small Claims,Disposed (Statistical Purposes),20080303,20080506
25,23441585,Debt Management Inc.,0914SP000656,Supplementary Process,Disposed (Statistical Purposes),20090909,20100112
26,24142338,Debt Management Inc.,0952SP000010,Supplementary Process,Disposed (Statistical Purposes),20090121,20090522
27,24160513,Debt Management Inc.,1554SC000079,Small Claims,Disposed (Statistical Purposes),20150122,20150618
28,24535674,Debt Management Inc.,0720SC000936,Small Claims,Disposed (Statistical Purposes),20071212,20080211
29,25819550,Debt Management Inc.,0989SP000358,Supplementary Process,Disposed (Statistical Purposes),20090908,20091112
30,25968044,Debt Management Inc.,0898SC000205,Small Claims,Disposed (Statistical Purposes),20080312,20080822
31,25998196,Debt Management Inc.,0849SC000882,Small Claims,Disposed (Statistical Purposes),20080619,20080701
32,26382978,Debt Management Inc.,0938SC001562,Small Claims,Disposed (Statistical Purposes),20091228,20100318
33,27038427,Debt Management Inc.,0916SC000210,Small Claims,Disposed (Statistical Purposes),20090224,20090511
34,27794131,Debt Management Inc.,0968SC000195,Small Claims,Disposed (Statistical Purposes),20090504,20090803
35,28292527,Debt Management Inc.,0954SC000647,Small Claims,Disposed (Statistical Purposes),20090429,20090824
36,28301017,Debt Management Inc.,0954SC000646,Small Claims,Disposed (Statistical Purposes),20090429,20090824
37,28328973,Debt Management Inc.,0838SC000967,Small Claims,Disposed (Statistical Purposes),20080829,20081030
38,29172828,Debt Management Inc.,0917SC000020,Small Claims,Disposed (Statistical Purposes),20090107,20090415
39,29284268,Debt Management Inc.,0918SC000049,Small Claims,Disposed (Statistical Purposes),20090109,20090408
40,29326303,Debt Management Inc.,0864SC002465,Small Claims,Disposed (Statistical Purposes),20081219,20090505
41,29433187,Debt Management Inc.,0817SC000065,Small Claims,Disposed (Statistical Purposes),20080207,20080409
42,31262734,Debt Management Inc.,0821SC000516,Small Claims,Disposed (Statistical Purposes),20080627,20080924
43,31615645,Debt Management Inc.,0933SP000852,Supplementary Process,Disposed (Statistical Purposes),20090909,20091229
44,32330688,Debt Management Inc.,0987SC000010,Small Claims,Disposed (Statistical Purposes),20090108,20090211
45,32435074,Debt Management Inc.,1545SC000027,Small Claims,Disposed (Statistical Purposes),20150123,20150311
46,32645214,Debt Management Inc.,0958SC000736,Small Claims,Disposed (Statistical Purposes),20090616,20090806
47,32718967,Debt Management Inc.,0849SC001665,Small Claims,Disposed (Statistical Purposes),20081107,20090520
48,32878627,Debt Management Inc.,0945SC000789,Small Claims,Disposed (Statistical Purposes),20090909,20091102
49,32881615,Debt Management Inc.,0922SC000143,Small Claims,Disposed (Statistical Purposes),20090217,20090429
0,34310183,Debt Management Inc.,0727CV000759,Civil,Disposed (Statistical Purposes),20071214,20080407
1,34457454,Debt Management Inc.,0923SC005559,Small Claims,Disposed (Statistical Purposes),20091218,20100318
2,34809711,Debt Management Inc.,0956SP001566,Supplementary Process,Disposed (Statistical Purposes),20090911,20091013
3,34811208,Debt Management Inc.,0956SP001567,Supplementary Process,Disposed (Statistical Purposes),20090911,20091013
4,34813108,Debt Management Inc.,0927SC000128,Small Claims,Disposed (Statistical Purposes),20090116,20090305
5,35435040,Debt Management Inc.,0959SC000027,Small Claims,Disposed (Statistical Purposes),20090128,20090226
6,35491510,Debt Management Inc.,0811SC004240,Small Claims,Disposed (Statistical Purposes),20081222,20090803
7,35509333,Debt Management Inc.,0811SC004234,Small Claims,Disposed (Statistical Purposes),20081222,20090427
8,35883281,Debt Management Inc.,0966SC000350,Small Claims,Disposed (Statistical Purposes),20090429,20100112
9,36131353,Debt Management Inc.,0955SP000378,Supplementary Process,Disposed (Statistical Purposes),20090909,20100128
10,36151011,Debt Management Inc.,0955SP000379,Supplementary Process,Disposed (Statistical Purposes),20090909,20100128
11,36305373,Debt Management Inc.,0922SC000404,Small Claims,Disposed (Statistical Purposes),20090430,20090702
12,36315109,Debt Management Inc.,0944SC001353,Small Claims,Disposed (Statistical Purposes),20091216,20100331
13,36341581,Debt Management Inc.,0910SC000074,Small Claims,Disposed (Statistical Purposes),20090114,20090423
14,36708015,Debt Management Inc.,0810SC000198,Small Claims,Disposed (Statistical Purposes),20080207,20080312
15,36936236,Debt Management Inc.,0822SC000882,Small Claims,Disposed (Statistical Purposes),20081020,20081204
16,37377034,Debt Management Inc.,0931SC000030,Small Claims,Disposed (Statistical Purposes),20090107,20090121
17,37578077,Debt Management Inc.,0931SC000448,Small Claims,Disposed (Statistical Purposes),20090220,20090326
18,38326302,Debt Management Inc.,0960SC000013,Small Claims,Disposed (Statistical Purposes),20090107,20090305
19,38339630,Debt Management Inc.,0960SC000014,Small Claims,Disposed (Statistical Purposes),20090107,20090305
20,38398066,Debt Management Inc.,0960SC000213,Small Claims,Disposed (Statistical Purposes),20090217,20090402
21,38861011,Debt Management Inc.,0926SC000423,Small Claims,Disposed (Statistical Purposes),20090429,20140403
22,39266417,Debt Management Inc.,0953SC000034,Small Claims,Disposed (Statistical Purposes),20090107,20090402
23,39436292,Debt Management Inc.,0831SC001054,Small Claims,Disposed (Statistical Purposes),20080626,20080721
24,39683487,Debt Management Inc.,0844SC000220,Small Claims,Disposed (Statistical Purposes),20080229,20080416
25,40141342,Debt Management Inc.,1562SC000731,Small Claims,Disposed (Statistical Purposes),20150108,20160113
26,40357266,Debt Management Inc.,0860SC000586,Small Claims,Disposed (Statistical Purposes),20080512,20080717
27,40547616,Debt Management Inc.,0859SC002378,Small Claims,Disposed (Statistical Purposes),20081222,20090318
28,40629575,Debt Management Inc.,0859SC002379,Small Claims,Disposed (Statistical Purposes),20081224,20090413
29,41501129,Debt Management Inc.,0936SC000917,Small Claims,Disposed (Statistical Purposes),20090623,20090728
30,41850527,Debt Management Inc.,0855SC001210,Small Claims,Disposed (Statistical Purposes),20081017,20090218
31,42176248,Debt Management Inc.,0931SC001009,Small Claims,Disposed (Statistical Purposes),20090429,20090923
32,42294750,Debt Management Inc.,0831SC002290,Small Claims,Disposed (Statistical Purposes),20081219,20090313
33,42544559,Debt Management Inc.,0965SC000364,Small Claims,Disposed (Statistical Purposes),20090430,20090630
34,42795728,Debt Management Inc.,0844SC000890,Small Claims,Disposed (Statistical Purposes),20080828,20081106
35,43004323,Debt Management Inc.,0862SC002240,Small Claims,Disposed (Statistical Purposes),20080623,20080902
36,43011051,Debt Management Inc.,0862SC002241,Small Claims,Disposed (Statistical Purposes),20080623,20081106
37,43138093,Debt Management Inc.,0960SC000881,Small Claims,Disposed (Statistical Purposes),20090616,20090731
38,43143072,Debt Management Inc.,0960SC000880,Small Claims,Disposed (Statistical Purposes),20090616,20090731
39,43419313,Debt Management Inc.,0944SC000542,Small Claims,Disposed (Statistical Purposes),20090430,20090710
40,43427728,Debt Management Inc.,0944SC000558,Small Claims,Disposed (Statistical Purposes),20090430,20090709
41,43607225,Debt Management Inc.,0970SC000191,Small Claims,Closed (Transferred),20090616,20140516
42,43796635,Debt Management Inc.,0853SC001939,Small Claims,Disposed (Statistical Purposes),20081110,20090310
43,46380499,Debt Management Inc.,0714CV000494,Civil,Disposed (Statistical Purposes),20070515,20070725
44,46464029,Debt Management Inc.,0728CV000153,Civil,Disposed (Statistical Purposes),20070514,20070706
45,46820755,Debt Management Inc.,0825SC001250,Small Claims,Disposed (Statistical Purposes),20080520,20080916
46,47043186,Debt Management Inc.,0859SC000185,Small Claims,Disposed (Statistical Purposes),20080220,20080317
47,47172361,Debt Management Inc.,0906SC001855,Small Claims,Disposed (Statistical Purposes),20091221,20100624
48,47184594,Debt Management Inc.,0906SC001854,Small Claims,Pending,20090524,20090524
49,47494952,Debt Management Inc.,0956SC000076,Small Claims,Disposed (Statistical Purposes),20090108,20090406
0,47519754,Debt Management Inc.,0955SC000442,Small Claims,Disposed (Statistical Purposes),20090430,20090909
1,47550213,Debt Management Inc.,0968SC000324,Small Claims,Disposed (Statistical Purposes),20090703,20090929
2,47878456,Debt Management Inc.,1211SC000121,Small Claims,Disposed (Statistical Purposes),20120112,20120323
3,48900999,Debt Management Inc.,1262SP000619,Supplementary Process,Disposed (Statistical Purposes),20121102,20130213
4,48914521,Debt Management Inc.,0823SC623199,Small Claims,Disposed (Statistical Purposes),20080829,20140626
5,48937087,Debt Management Inc.,0823SC000412,Small Claims,Disposed (Statistical Purposes),20080206,20080325
6,50006575,Debt Management Inc.,1062CV003695,Civil,Disposed (Statistical Purposes),20101208,20110412
7,50040613,Debt Management Inc.,0959SP000764,Supplementary Process,Disposed (Statistical Purposes),20090909,20091030
8,50320502,Debt Management Inc.,0736CV000656,Civil,Disposed (Statistical Purposes),20070516,20070625
9,50741961,Debt Management Inc.,0915SC620128,Small Claims,Pending,20090113,20090113
10,51074586,Debt Management Inc.,0911SC002291,Small Claims,Disposed (Statistical Purposes),20090618,20090915
11,52041806,Debt Management Inc.,1011CV003057,Civil,Disposed (Statistical Purposes),20100825,20101104
12,52471380,Debt Management Inc.,0923CV002679,Civil,Disposed (Statistical Purposes),20090911,20100113
13,52539175,Debt Management Inc.,0711SC001150,Small Claims,Disposed (Statistical Purposes),20070502,20070611
14,52668923,Debt Management Inc.,0711CV001561,Civil,Disposed (Statistical Purposes),20070607,20070724
15,52974380,Debt Management Inc.,1215SP000511,Supplementary Process,Disposed (Statistical Purposes),20120822,20121018
16,53078168,Debt Management Inc.,0933SC060869,Small Claims,Disposed (Statistical Purposes),20090428,20130307
17,54054560,Debt Management Inc.,1162CV001106,Civil,Disposed (Statistical Purposes),20110524,20111007
18,54063092,Debt Management Inc.,0923SC000785,Small Claims,Disposed (Statistical Purposes),20090217,20090519
19,54063236,Debt Management Inc.,0923SC000784,Small Claims,Disposed (Statistical Purposes),20090217,20090521
20,54184194,Debt Management Inc.,1156SP001204,Supplementary Process,Disposed (Statistical Purposes),20111006,20111206
21,55512177,Debt Management Inc.,0956CV000634,Civil,Disposed (Statistical Purposes),20090220,20090325
22,55569124,Debt Management Inc.,0956SC001886,Small Claims,Disposed (Statistical Purposes),20090506,20090917
23,55856569,Debt Management Inc.,0956CV002938,Civil,Disposed (Statistical Purposes),20090909,20091027
24,55901756,Debt Management Inc.,0956SP001561,Supplementary Process,Disposed (Statistical Purposes),20090909,20091013
25,56033229,Debt Management Inc.,0962SC000127,Small Claims,Disposed (Statistical Purposes),20090113,20090316
26,56047571,Debt Management Inc.,1456SC002188,Small Claims,Disposed (Statistical Purposes),20140530,20140612
27,57052244,Debt Management Inc.,0915SP001382,Supplementary Process,Disposed (Statistical Purposes),20090909,20091113
28,57583458,Debt Management Inc.,1423SC000906,Small Claims,Disposed (Statistical Purposes),20140318,20140729
29,57602974,Debt Management Inc.,0962SC004060,Small Claims,Disposed (Statistical Purposes),20090915,20100107
30,58377517,Debt Management Inc.,0862SC004884,Small Claims,Disposed (Statistical Purposes),20081222,20090206
31,58690270,Debt Management Inc.,0913SC001303,Small Claims,Disposed (Statistical Purposes),20090429,20090821
32,58750634,Debt Management Inc.,0913SC001302,Small Claims,Disposed (Statistical Purposes),20090429,20090714
33,59077718,Debt Management Inc.,1433SC000904,Small Claims,Closed,20140317,20140317
34,59555400,Debt Management Inc.,0906SC000033,Small Claims,Pending,20090108,20090108
35,59556900,Debt Management Inc.,0906SC000034,Small Claims,Disposed (Statistical Purposes),20090108,20090605
36,60351033,Debt Management Inc.,0862SC002302,Small Claims,Disposed (Statistical Purposes),20080630,20080811
37,60776587,Debt Management Inc.,0856SC000464,Small Claims,Disposed (Statistical Purposes),20080206,20080305
38,61418577,Debt Management Inc.,0923SC000253,Small Claims,Disposed (Statistical Purposes),20090120,20090428
39,61487601,Debt Management Inc.,0956SC000746,Small Claims,Disposed (Statistical Purposes),20090217,20090501
40,61532943,Debt Management Inc.,0956SC000745,Small Claims,Closed (Transferred),20090217,20130114
41,62427718,Debt Management Inc.,0913SC002644,Small Claims,Disposed (Statistical Purposes),20090915,20100222
42,62434172,Debt Management Inc.,0913SC002642,Small Claims,Disposed (Statistical Purposes),20090915,20091120
43,62479890,Debt Management Inc.,0913SC002643,Small Claims,Disposed (Statistical Purposes),20090915,20091119
44,62917172,Debt Management Inc.,0933SC000061,Small Claims,Disposed (Statistical Purposes),20090107,20090122
45,63531762,Debt Management Inc.,1316SP000098,Supplementary Process,Disposed (Statistical Purposes),20130610,20131125
46,63730728,Debt Management Inc.,0923CV000174,Civil,Disposed (Statistical Purposes),20090120,20091202
47,63734653,Debt Management Inc.,0923CV000176,Civil,Disposed (Statistical Purposes),20090120,20090313
48,65811462,Debt Management Inc.,0901SC002239,Small Claims,Closed,20090430,20090430
49,67505701,Debt Management Inc.,1333SC001203,Small Claims,Disposed (Statistical Purposes),20130416,20130522
0,68619278,Debt Management Inc.,1313CV000435,Civil,Disposed (Statistical Purposes),20130418,20130603
1,68620037,Debt Management Inc.,1313CV000434,Civil,Disposed (Statistical Purposes),20130418,20130530
2,69369046,Debt Management Inc.,1101CV000879,Civil,Closed,20110420,20110420
3,70788535,Debt Management Inc.,1389SC000145,Small Claims,Disposed (Statistical Purposes),20130227,20130411
4,71252865,Debt Management Inc.,1501SC000144,Small Claims,Closed,20150122,20150218
5,71421568,Debt Management Inc.,1365SC000290,Small Claims,Disposed (Statistical Purposes),20130611,20140305
6,72767925,Debt Management Inc.,1331SC000604,Small Claims,Disposed (Statistical Purposes),20130416,20130823
7,73939056,Debt Management Inc.,1401SC000003,Small Claims,Closed,20140102,20140915
8,74039997,Debt Management Inc.,0801SC002434,Small Claims,Closed,20080613,20080613
9,74041547,Debt Management Inc.,0801SC002436,Small Claims,Closed,20080613,20080613
10,74042265,Debt Management Inc.,0801SC002433,Small Claims,Closed,20080613,20080613
11,74046242,Debt Management Inc.,0801SC002435,Small Claims,Closed,20080613,20080613
12,74049273,Debt Management Inc.,0801SC002437,Small Claims,Closed,20080613,20080613
13,74127455,Debt Management Inc.,0801SC002630,Small Claims,Closed,20080701,20080701
14,74421871,Debt Management Inc.,1653SC001197,Small Claims,Pending,20161108,20161108
15,74643791,Debt Management Inc.,0801SC002607,Small Claims,Closed,20080626,20080626
16,74769628,Debt Management Inc.,1301CV001575,Civil,Closed,20130801,20130801
17,74773038,Debt Management Inc.,1301CV001570,Civil,Closed,20130801,20130930
18,74832417,Debt Management Inc.,0801SC000764,Small Claims,Closed,20080229,20140403
19,75141922,Debt Management Inc.,1352SC000127,Small Claims,Disposed (Statistical Purposes),20130213,20130328
20,75827542,Debt Management Inc.,1350SC001257,Small Claims,Disposed (Statistical Purposes),20130627,20130809
21,76339684,Debt Management Inc.,0801SC000438,Small Claims,Closed,20080207,20080207
22,76343390,Debt Management Inc.,0801SC000439,Small Claims,Closed,20080207,20080207
23,76362613,Debt Management Inc.,0801SC000427,Small Claims,Closed,20080206,20110923
24,77178849,Debt Management Inc.,0833SC004724,Small Claims,Disposed (Statistical Purposes),20081107,20081217
25,77436011,Debt Management Inc.,1756SC000549,Small Claims,Disposed (Statistical Purposes),20170223,20170411
26,78248833,Debt Management Inc.,1323SC000453,Small Claims,Disposed (Statistical Purposes),20130208,20130515
27,78454787,Debt Management Inc.,1602SC000677,Small Claims,Disposed (Statistical Purposes),20161213,20170223
28,83756519,Debt Management Inc.,1811SC000022,Small Claims,Disposed (Statistical Purposes),20180105,20190225
29,84253658,Debt Management Inc.,1806SP000032,Supplementary Process,Disposed (Statistical Purposes),20180326,20180529
30,85640662,Debt Management Inc.,1889SC000906,Small Claims,Closed (Transferred),20181119,20190219
31,85894822,Debt Management Inc.,1943SC000112,Small Claims,Disposed (Statistical Purposes),20190220,20190228
32,88944772,Debt Management Inc.,1861SP000055,Supplementary Process,Open,20180806,20180806
33,322668,Debt. Management Inc.,1420SC000209,Small Claims,Disposed (Statistical Purposes),20140320,20150915
34,23837714,Debt. Management Inc.,0920SC000887,Small Claims,Disposed (Statistical Purposes),20090910,20091117
35,44208940,Debt. Management Inc.,0957SC000581,Small Claims,Disposed (Statistical Purposes),20090429,20090605
36,57337695,Debt. Management Inc.,0832SC334174,Small Claims,Pending,20081009,20081009
37,457207,Debt Management Inc,1416SC000438,Small Claims,Disposed (Statistical Purposes),20140519,20150506
38,1977285,Debt Management Inc,1114SP000104,Supplementary Process,Disposed (Statistical Purposes),20110217,20110426
39,4694271,Debt Management Inc,1223SP000662,Supplementary Process,Disposed (Statistical Purposes),20120924,20140409
40,5458371,Debt Management Inc,1411SC000697,Small Claims,Disposed (Statistical Purposes),20140304,20140313
41,5622660,Debt Management Inc,1411SC000864,Small Claims,Disposed (Statistical Purposes),20140319,20140723
42,5623241,Debt Management Inc,1411SC000865,Small Claims,Disposed (Statistical Purposes),20140319,20140722
43,6728938,Debt Management Inc,1315SC002541,Small Claims,Disposed (Statistical Purposes),20131022,20131219
44,8515662,Debt Management Inc,1123SP000178,Supplementary Process,Disposed (Statistical Purposes),20110217,20110505
45,8548725,Debt Management Inc,1211SP000638,Supplementary Process,Disposed (Statistical Purposes),20120813,20140603
46,8900634,Debt Management Inc,1058SP000006,Supplementary Process,Disposed (Statistical Purposes),20100105,20100113
47,9738999,Debt Management Inc,1238SC000969,Small Claims,Disposed (Statistical Purposes),20120828,20130404
48,10673194,Debt Management Inc,1132SC001287,Small Claims,Disposed (Statistical Purposes),20110707,20111115
49,10801663,Debt Management Inc,1436SC000078,Small Claims,Disposed (Statistical Purposes),20140102,20140410
0,10988966,Debt Management Inc,1352SC001067,Small Claims,Disposed (Statistical Purposes),20131220,20140206
1,11907642,Debt Management Inc,1256SP000909,Supplementary Process,Disposed (Statistical Purposes),20121011,20130220
2,11942637,Debt Management Inc,1256SP000924,Supplementary Process,Disposed (Statistical Purposes),20121011,20130220
3,17649800,Debt Management Inc,1150SP000547,Supplementary Process,Disposed (Statistical Purposes),20110705,20110901
4,19343600,Debt Management Inc,1173CV00545,Contract / Business Cases,Closed,20110520,20120723
5,19892294,Debt Management Inc,0708CV000368,Civil,Disposed (Statistical Purposes),20071214,20091217
6,20073233,Debt Management Inc,0707CV000577,Civil,Disposed (Statistical Purposes),20070522,20070711
7,21306511,Debt Management Inc,0907SP001132,Supplementary Process,Disposed (Statistical Purposes),20090917,20091116
8,21311865,Debt Management Inc,0907SP001131,Supplementary Process,Disposed (Statistical Purposes),20090917,20091116
9,21486576,Debt Management Inc,0906SP000956,Supplementary Process,Disposed (Statistical Purposes),20090915,20110119
10,23444149,Debt Management Inc,0947SP000321,Supplementary Process,Disposed (Statistical Purposes),20091223,20100408
11,24143558,Debt Management Inc,0852SC000332,Small Claims,Disposed (Statistical Purposes),20080304,20080318
12,24662392,Debt Management Inc,0852SC001718,Small Claims,Disposed (Statistical Purposes),20081112,20090611
13,25217958,Debt Management Inc,0947SC000118,Small Claims,Disposed (Statistical Purposes),20090223,20090331
14,25406316,Debt Management Inc,0916SP000402,Supplementary Process,Disposed (Statistical Purposes),20091216,20100128
15,26013100,Debt Management Inc,0969SC000170,Small Claims,Disposed (Statistical Purposes),20090213,20090319
16,26062537,Debt Management Inc,0916SP000290,Supplementary Process,Disposed (Statistical Purposes),20090909,20091112
17,26712876,Debt Management Inc,1538SC001020,Small Claims,Disposed (Statistical Purposes),20150819,20151119
18,26874859,Debt Management Inc,0916SC000055,Small Claims,Disposed (Statistical Purposes),20090116,20090324
19,27562970,Debt Management Inc,0739SC000272,Small Claims,Disposed (Statistical Purposes),20070614,20070719
20,28901435,Debt Management Inc,0964SC001184,Small Claims,Disposed (Statistical Purposes),20090616,20090902
21,29023559,Debt Management Inc,0958CV000243,Civil,Disposed (Statistical Purposes),20090220,20090609
22,29024163,Debt Management Inc,0958CV000244,Civil,Disposed (Statistical Purposes),20090220,20090703
23,29270746,Debt Management Inc,0940SC000032,Small Claims,Disposed (Statistical Purposes),20090213,20090410
24,29731914,Debt Management Inc,0932SC001321,Small Claims,Disposed (Statistical Purposes),20090430,20090729
25,29737981,Debt Management Inc,0932SC001320,Small Claims,Disposed (Statistical Purposes),20090430,20090729
26,30155265,Debt Management Inc,0921SP000337,Supplementary Process,Disposed (Statistical Purposes),20090909,20100622
27,31275454,Debt Management Inc,0942CV000386,Civil,Closed (Transferred),20091221,20120807
28,31287435,Debt Management Inc,0950CV000093,Civil,Disposed (Statistical Purposes),20090115,20090527
29,31288749,Debt Management Inc,0950CV000094,Civil,Disposed (Statistical Purposes),20090115,20090602
30,31557702,Debt Management Inc,0950SP000255,Supplementary Process,Disposed (Statistical Purposes),20090320,20090703
31,31669606,Debt Management Inc,0941SC000323,Small Claims,Disposed (Statistical Purposes),20090430,20090710
32,33187924,Debt Management Inc,0956SC153808,Small Claims,Disposed (Statistical Purposes),20091224,20140529
33,34045282,Debt Management Inc,0911SC001616,Small Claims,Disposed (Statistical Purposes),20090501,20090803
34,34562051,Debt Management Inc,0759CV000623,Civil,Disposed (Statistical Purposes),20070518,20070725
35,34799100,Debt Management Inc,0955SC001153,Small Claims,Disposed (Statistical Purposes),20091216,20100401
36,35173647,Debt Management Inc,0886SC000094,Small Claims,Disposed (Statistical Purposes),20080208,20080324
37,35224301,Debt Management Inc,0950SC001080,Small Claims,Disposed (Statistical Purposes),20090508,20090918
38,35225931,Debt Management Inc,0950SC001078,Small Claims,Disposed (Statistical Purposes),20090508,20090922
39,35234656,Debt Management Inc,0950SC001079,Small Claims,Disposed (Statistical Purposes),20090508,20090922
40,35237416,Debt Management Inc,0950SC001076,Small Claims,Disposed (Statistical Purposes),20090508,20090922
41,35264052,Debt Management Inc,0711SP000766,Supplementary Process,Disposed (Statistical Purposes),20070911,20071120
42,35440606,Debt Management Inc,0950CV001269,Civil,Disposed (Statistical Purposes),20090622,20100622
43,36982784,Debt Management Inc,0751CV000434,Civil,Disposed (Statistical Purposes),20070511,20070628
44,37058910,Debt Management Inc,0955CV000038,Civil,Disposed (Statistical Purposes),20090115,20090312
45,37164331,Debt Management Inc,0955CV000158,Civil,Disposed (Statistical Purposes),20090220,20091103
46,37388905,Debt Management Inc,0855SC010427,Small Claims,Open,20080206,20111011
47,37734940,Debt Management Inc,0967SC001017,Small Claims,Disposed (Statistical Purposes),20090909,20091005
48,39274123,Debt Management Inc,0957SP561561,Supplementary Process,Disposed (Statistical Purposes),20090929,20131024
49,39908459,Debt Management Inc,0855SC152280,Small Claims,Closed (Transferred),20080814,20130809
0,40574618,Debt Management Inc,0859CV002201,Civil,Disposed (Statistical Purposes),20081218,20090403
1,41045559,Debt Management Inc,0856CV004031,Civil,Disposed (Statistical Purposes),20081128,20090602
2,41076012,Debt Management Inc,0856CV004011,Civil,Disposed (Statistical Purposes),20081128,20090303
3,41164148,Debt Management Inc,0956CV001460,Civil,Disposed (Statistical Purposes),20090429,20090629
4,42030514,Debt Management Inc,0955CV000463,Civil,Disposed (Statistical Purposes),20090518,20091210
5,46958014,Debt Management Inc,0850SC002493,Small Claims,Disposed (Statistical Purposes),20081107,20090306
6,47036858,Debt Management Inc,0858SC001279,Small Claims,Disposed (Statistical Purposes),20081107,20090108
7,47038292,Debt Management Inc,0859CV000619,Civil,Disposed (Statistical Purposes),20080424,20080822
8,47333744,Debt Management Inc,0928SC000493,Small Claims,Disposed (Statistical Purposes),20090616,20090824
9,47518032,Debt Management Inc,0958CV000592,Civil,Disposed (Statistical Purposes),20090519,20091001
10,47539938,Debt Management Inc,0960SP000473,Supplementary Process,Disposed (Statistical Purposes),20090909,20091015
11,47579371,Debt Management Inc,0998SC000854,Small Claims,Disposed (Statistical Purposes),20091217,20100129
12,50663657,Debt Management Inc,0915SC000055,Small Claims,Disposed (Statistical Purposes),20090107,20090323
13,50815684,Debt Management Inc,1156CV000974,Civil,Disposed (Statistical Purposes),20110420,20110606
14,51076368,Debt Management Inc,0911SP000985,Supplementary Process,Disposed (Statistical Purposes),20090618,20091102
15,51209607,Debt Management Inc,0813SC003194,Small Claims,Disposed (Statistical Purposes),20081212,20090302
16,52950325,Debt Management Inc,0911SP000032,Supplementary Process,Disposed (Statistical Purposes),20090105,20090529
17,54195075,Debt Management Inc,0862SC003199,Small Claims,Disposed (Statistical Purposes),20080829,20081024
18,54252333,Debt Management Inc,0962SC002872,Small Claims,Disposed (Statistical Purposes),20090617,20090922
19,54936445,Debt Management Inc,1107SP000290,Supplementary Process,Disposed (Statistical Purposes),20110413,20110526
20,55349436,Debt Management Inc,0711SP000893,Supplementary Process,Disposed (Statistical Purposes),20071017,20071221
21,55657929,Debt Management Inc,1256SP000898,Supplementary Process,Disposed (Statistical Purposes),20121010,20131008
22,55682215,Debt Management Inc,1256SP000899,Supplementary Process,Disposed (Statistical Purposes),20121010,20130129
23,55711650,Debt Management Inc,0956CV000927,Civil,Disposed (Statistical Purposes),20090310,20090506
24,58478432,Debt Management Inc,1162SC002868,Small Claims,Disposed (Statistical Purposes),20110916,20120409
25,58724880,Debt Management Inc,0918SC001123,Small Claims,Disposed (Statistical Purposes),20090430,20090612
26,59532205,Debt Management Inc,0906SC000031,Small Claims,Disposed (Statistical Purposes),20090107,20090320
27,59858566,Debt Management Inc,0959CV000535,Civil,Disposed (Statistical Purposes),20090310,20091228
28,60110137,Debt Management Inc,1334SC000628,Small Claims,Disposed (Statistical Purposes),20130607,20130809
29,61243425,Debt Management Inc,0833SC005493,Small Claims,Disposed (Statistical Purposes),20081222,20090109
30,61244230,Debt Management Inc,0833SC005492,Small Claims,Disposed (Statistical Purposes),20081222,20090121
31,62689785,Debt Management Inc,0915SC000803,Small Claims,Disposed (Statistical Purposes),20090224,20090507
32,62689993,Debt Management Inc,0915SC000802,Small Claims,Disposed (Statistical Purposes),20090224,20090507
33,62690777,Debt Management Inc,0915SC000801,Small Claims,Disposed (Statistical Purposes),20090224,20090421
34,63163788,Debt Management Inc,0856CV004281,Civil,Disposed (Statistical Purposes),20081218,20090203
35,66203191,Debt Management Inc,1584CV02362,Contract / Business Cases,Closed,20150804,20160316
36,72293947,Debt Management Inc,0801SC003647,Small Claims,Closed,20080829,20130405
37,73083717,Debt Management Inc,1341SC000171,Small Claims,Disposed (Statistical Purposes),20130416,20140327
38,75770543,Debt Management Inc,1352SC000338,Small Claims,Disposed (Statistical Purposes),20130417,20130523
39,76540785,Debt Management Inc,0901SC000910,Small Claims,Closed,20090217,20090217
40,76543696,Debt Management Inc,0901SC000911,Small Claims,Closed,20090217,20130107
41,76550634,Debt Management Inc,0901SC000912,Small Claims,Open,20090217,20090217
42,76552972,Debt Management Inc,0901SC000913,Small Claims,Closed,20090217,20090217
43,77409803,Debt Management Inc,1856CV000062,Civil,Disposed (Statistical Purposes),20180116,20180402
44,81511465,Debt Management Inc,1998SP000036,Supplementary Process,Suspended Covid 19 extended,20191101,20191101
45,81872092,Debt Management Inc,1636SC001501,Small Claims,Disposed (Statistical Purposes),20161222,20170208
46,86512707,Debt Management Inc,1956SP000138,Supplementary Process,Open,20190403,20190403
47,614677,"Debt Management, Inc.",1431SC000351,Small Claims,Disposed (Statistical Purposes),20140227,20140714
48,2196259,"Debt Management, Inc.",1218SC001314,Small Claims,Disposed (Statistical Purposes),20120716,20130313
49,3983832,"Debt Management, Inc.",1463CV000049,Civil,Disposed (Statistical Purposes),20140313,20140501
0,4443680,"Debt Management, Inc.",1460SC000003,Small Claims,Disposed (Statistical Purposes),20140102,20140313
1,4475636,"Debt Management, Inc.",1233SC001603,Small Claims,Disposed (Statistical Purposes),20120523,20120627
2,4687827,"Debt Management, Inc.",1263SP000092,Supplementary Process,Disposed (Statistical Purposes),20120921,20130228
3,5853957,"Debt Management, Inc.",1438SC000004,Small Claims,Disposed (Statistical Purposes),20140106,20140617
4,7271838,"Debt Management, Inc.",1450SC000001,Small Claims,Disposed (Statistical Purposes),20140102,20140307
5,7275697,"Debt Management, Inc.",1265SP000189,Supplementary Process,Pending,20120921,20120921
6,8057631,"Debt Management, Inc.",1254SP000341,Supplementary Process,Disposed (Statistical Purposes),20121029,20130131
7,9142892,"Debt Management, Inc.",1269CV000333,Civil,Disposed (Statistical Purposes),20120815,20130222
8,9645710,"Debt Management, Inc.",1227SC000600,Small Claims,Disposed (Statistical Purposes),20120604,20121114
9,11331413,"Debt Management, Inc.",1259SP000050,Supplementary Process,Disposed (Statistical Purposes),20120203,20120323
10,12472944,"Debt Management, Inc.",1062CV000087,Civil,Disposed (Statistical Purposes),20100108,20100603
11,13088438,"Debt Management, Inc.",1235SC000177,Small Claims,Pending,20120319,20120319
12,13864494,"Debt Management, Inc.",1250SC000281,Small Claims,Disposed (Statistical Purposes),20120222,20120507
13,14292732,"Debt Management, Inc.",1232SC001085,Small Claims,Disposed (Statistical Purposes),20120621,20120810
14,15890261,"Debt Management, Inc.",1442SC000063,Small Claims,Disposed (Statistical Purposes),20140207,20140319
15,17091176,"Debt Management, Inc.",1443SC000995,Small Claims,Disposed (Statistical Purposes),20141020,20150122
16,17919933,"Debt Management, Inc.",1108SP000116,Supplementary Process,Disposed (Statistical Purposes),20110706,20120312
17,19766607,"Debt Management, Inc.",1206SP000477,Supplementary Process,Disposed (Statistical Purposes),20120926,20131022
18,21440542,"Debt Management, Inc.",0848CV000104,Civil,Disposed (Statistical Purposes),20080229,20080708
19,24473252,"Debt Management, Inc.",0852CV000917,Civil,Disposed (Statistical Purposes),20080708,20080825
20,24710560,"Debt Management, Inc.",0920CV000029,Civil,Disposed (Statistical Purposes),20090115,20090323
21,25097855,"Debt Management, Inc.",0814SP000606,Supplementary Process,Disposed (Statistical Purposes),20080916,20090120
22,25384890,"Debt Management, Inc.",0954SC310030,Small Claims,Disposed (Statistical Purposes),20090107,20120713
23,25809152,"Debt Management, Inc.",0989SC001062,Small Claims,Disposed (Statistical Purposes),20090909,20091029
24,26064426,"Debt Management, Inc.",0789SP000260,Supplementary Process,Disposed (Statistical Purposes),20071024,20080201
25,26185245,"Debt Management, Inc.",0949CV001011,Civil,Disposed (Statistical Purposes),20090710,20100603
26,26360942,"Debt Management, Inc.",0898SC000532,Small Claims,Disposed (Statistical Purposes),20080718,20080903
27,26364039,"Debt Management, Inc.",0938CV001589,Civil,Disposed (Statistical Purposes),20091224,20100818
28,26519659,"Debt Management, Inc.",0789CV000409,Civil,Disposed (Statistical Purposes),20070614,20070821
29,26520561,"Debt Management, Inc.",0838SC000658,Small Claims,Disposed (Statistical Purposes),20080619,20090129
30,26608949,"Debt Management, Inc.",0989CV000166,Civil,Disposed (Statistical Purposes),20090220,20090612
31,27129025,"Debt Management, Inc.",0949SC000016,Small Claims,Disposed (Statistical Purposes),20090107,20090423
32,27203899,"Debt Management, Inc.",0949CV000067,Civil,Disposed (Statistical Purposes),20090115,20090818
33,28077236,"Debt Management, Inc.",0918SP000940,Supplementary Process,Disposed (Statistical Purposes),20090909,20100209
34,28079519,"Debt Management, Inc.",0918SP000938,Supplementary Process,Disposed (Statistical Purposes),20090909,20100209
35,28344450,"Debt Management, Inc.",0938SC000199,Small Claims,Disposed (Statistical Purposes),20090217,20101126
36,28440393,"Debt Management, Inc.",0758SC000624,Small Claims,Disposed (Statistical Purposes),20070516,20070628
37,28698071,"Debt Management, Inc.",0964CV000524,Civil,Disposed (Statistical Purposes),20090518,20090731
38,29351326,"Debt Management, Inc.",0918SC000418,Small Claims,Disposed (Statistical Purposes),20090213,20090824
39,30454842,"Debt Management, Inc.",0933CV002395,Civil,Disposed (Statistical Purposes),20091216,20100208
40,30521468,"Debt Management, Inc.",0811CV000847,Civil,Disposed (Statistical Purposes),20080303,20080501
41,31340587,"Debt Management, Inc.",0850CV000490,Civil,Disposed (Statistical Purposes),20080303,20080415
42,31607184,"Debt Management, Inc.",0933SP000853,Supplementary Process,Disposed (Statistical Purposes),20090909,20100716
43,31732836,"Debt Management, Inc.",0821CV000411,Civil,Disposed (Statistical Purposes),20080707,20080903
44,31984316,"Debt Management, Inc.",0966SC000049,Small Claims,Disposed (Statistical Purposes),20090123,20091028
45,32033328,"Debt Management, Inc.",0966CV000164,Civil,Disposed (Statistical Purposes),20090220,20090623
46,33623296,"Debt Management, Inc.",0943SP000349,Supplementary Process,Disposed (Statistical Purposes),20090911,20091104
47,33789971,"Debt Management, Inc.",0928CV000102,Civil,Disposed (Statistical Purposes),20090311,20090910
48,33937596,"Debt Management, Inc.",0812CV000350,Civil,Disposed (Statistical Purposes),20080709,20081022
49,33942868,"Debt Management, Inc.",0812CV000351,Civil,Disposed (Statistical Purposes),20080709,20090729
0,34636290,"Debt Management, Inc.",0818CV002594,Civil,Disposed (Statistical Purposes),20081121,20090409
1,34640867,"Debt Management, Inc.",0827SP000147,Supplementary Process,Disposed (Statistical Purposes),20080602,20080923
2,35079421,"Debt Management, Inc.",0861CV000837,Civil,Disposed (Statistical Purposes),20081218,20090505
3,35274959,"Debt Management, Inc.",0936SC001339,Small Claims,Disposed (Statistical Purposes),20090910,20091013
4,35614236,"Debt Management, Inc.",0843CV000495,Civil,Disposed (Statistical Purposes),20080707,20080827
5,36023725,"Debt Management, Inc.",0966CV000532,Civil,Disposed (Statistical Purposes),20090626,20090918
6,36266246,"Debt Management, Inc.",0931CV001287,Civil,Disposed (Statistical Purposes),20090710,20091102
7,36296481,"Debt Management, Inc.",0836SC000156,Small Claims,Closed (Transferred),20080208,20121108
8,36645291,"Debt Management, Inc.",0833SC004208,Small Claims,Disposed (Statistical Purposes),20081010,20081119
9,36694209,"Debt Management, Inc.",0929CV000015,Civil,Disposed (Statistical Purposes),20090116,20090226
10,36822166,"Debt Management, Inc.",0945SC000525,Small Claims,Disposed (Statistical Purposes),20090616,20090812
11,37010969,"Debt Management, Inc.",0955SC000018,Small Claims,Disposed (Statistical Purposes),20090108,20090427
12,37095093,"Debt Management, Inc.",0951SP000360,Supplementary Process,Disposed (Statistical Purposes),20090824,20091104
13,37647301,"Debt Management, Inc.",0828CV000471,Civil,Disposed (Statistical Purposes),20081218,20090515
14,38269433,"Debt Management, Inc.",0951CV000258,Civil,Disposed (Statistical Purposes),20090311,20090612
15,38424621,"Debt Management, Inc.",0960CV000237,Civil,Disposed (Statistical Purposes),20090220,20090320
16,38808372,"Debt Management, Inc.",0944CV000059,Civil,Disposed (Statistical Purposes),20090116,20090402
17,39033212,"Debt Management, Inc.",0944CV000248,Civil,Disposed (Statistical Purposes),20090311,20090424
18,39423939,"Debt Management, Inc.",0829CV000110,Civil,Disposed (Statistical Purposes),20080707,20080829
19,39436180,"Debt Management, Inc.",0827CV000940,Civil,Disposed (Statistical Purposes),20081128,20090604
20,42733315,"Debt Management, Inc.",0951SC000594,Small Claims,Disposed (Statistical Purposes),20090504,20090623
21,42851114,"Debt Management, Inc.",0951SC000808,Small Claims,Disposed (Statistical Purposes),20090619,20090818
22,43126092,"Debt Management, Inc.",0853CV001435,Civil,Disposed (Statistical Purposes),20080829,20081119
23,43838397,"Debt Management, Inc.",0853sc1303194,Small Claims,Pending,20081212,20130515
24,43838402,"Debt Management, Inc.",0853CV001942,Civil,Disposed (Statistical Purposes),20081120,20091120
25,46459679,"Debt Management, Inc.",0723SC002011,Small Claims,Disposed (Statistical Purposes),20070518,20070703
26,46794750,"Debt Management, Inc.",0811CV004548,Civil,Disposed (Statistical Purposes),20081128,20090129
27,46804449,"Debt Management, Inc.",0815CV003873,Civil,Disposed (Statistical Purposes),20081222,20090204
28,47149224,"Debt Management, Inc.",0906CV001053,Civil,Disposed (Statistical Purposes),20090909,20100119
29,47211543,"Debt Management, Inc.",0914CV000247,Civil,Disposed (Statistical Purposes),20090220,20090409
30,47212749,"Debt Management, Inc.",0914CV000273,Civil,Disposed (Statistical Purposes),20090223,20090721
31,47261513,"Debt Management, Inc.",0916CV000381,Civil,Disposed (Statistical Purposes),20090518,20090706
32,47335891,"Debt Management, Inc.",0931SC560911,Small Claims,Disposed (Statistical Purposes),20090127,20140529
33,47827131,"Debt Management, Inc.",1168SP000061,Supplementary Process,Disposed (Statistical Purposes),20110413,20110718
34,48054076,"Debt Management, Inc.",1407SC000004,Small Claims,Disposed (Statistical Purposes),20140102,20140506
35,48660421,"Debt Management, Inc.",1634SC000353,Small Claims,Pending,20160513,20160513
36,48660775,"Debt Management, Inc.",1634SC000348,Small Claims,Pending,20160513,20160513
37,48661063,"Debt Management, Inc.",1634SC000347,Small Claims,Pending,20160513,20160513
38,48661218,"Debt Management, Inc.",1634SC000352,Small Claims,Pending,20160513,20160513
39,50494712,"Debt Management, Inc.",0818SC002690,Small Claims,Disposed (Statistical Purposes),20081110,20090609
40,51896819,"Debt Management, Inc.",0956SC010911,Small Claims,Closed (Transferred),20090127,20140324
41,52324097,"Debt Management, Inc.",0962CV000660,Civil,Disposed (Statistical Purposes),20090220,20090521
42,53151044,"Debt Management, Inc.",0936SC000266,Small Claims,Disposed (Statistical Purposes),20090218,20090313
43,53157078,"Debt Management, Inc.",0911CV001096,Civil,Disposed (Statistical Purposes),20090311,20091228
44,55699370,"Debt Management, Inc.",0923CV002145,Civil,Disposed (Statistical Purposes),20090714,20091007
45,55984392,"Debt Management, Inc.",0918CV000609,Civil,Disposed (Statistical Purposes),20090311,20090617
46,57708865,"Debt Management, Inc.",1256SC001491,Small Claims,Disposed (Statistical Purposes),20120531,20120629
47,58418073,"Debt Management, Inc.",0933CV000103,Civil,Disposed (Statistical Purposes),20090115,20090507
48,58742079,"Debt Management, Inc.",0918SC001124,Small Claims,Disposed (Statistical Purposes),20090430,20091117
49,58750791,"Debt Management, Inc.",0918SC001125,Small Claims,Disposed (Statistical Purposes),20090430,20091103
0,59740233,"Debt Management, Inc.",0915CV000936,Civil,Disposed (Statistical Purposes),20090312,20090601
1,59827858,"Debt Management, Inc.",0933CV000373,Civil,Disposed (Statistical Purposes),20090220,20090415
2,59830920,"Debt Management, Inc.",0933CV000374,Civil,Disposed (Statistical Purposes),20090220,20090331
3,62679885,"Debt Management, Inc.",0915CV000628,Civil,Disposed (Statistical Purposes),20090223,20090603
4,64427304,"Debt Management, Inc.",1318SC000711,Small Claims,Disposed (Statistical Purposes),20130416,20130604
5,64816217,"Debt Management, Inc.",1359SC000206,Small Claims,Disposed (Statistical Purposes),20130211,20130322
6,65817567,"Debt Management, Inc.",0901CV002207,Civil,Closed,20090518,20110202
7,65837008,"Debt Management, Inc.",0901CV002206,Civil,Closed,20090518,20090518
8,68856648,"Debt Management, Inc.",1356SC001048,Small Claims,Disposed (Statistical Purposes),20130219,20130628
9,68957192,"Debt Management, Inc.",1356SC001762,Small Claims,Disposed (Statistical Purposes),20130416,20140318
10,71813645,"Debt Management, Inc.",0901CV000212,Civil,Closed,20090116,20090116
11,72244186,"Debt Management, Inc.",0801CV003855,Civil,Closed,20080829,20090213
12,73424031,"Debt Management, Inc.",0801CV003098,Civil,Closed,20080708,20081125
13,74036317,"Debt Management, Inc.",1401SC000857,Small Claims,Closed,20140324,20140324
14,74543877,"Debt Management, Inc.",0801CV001002,Civil,Closed,20080303,20080303
15,77824950,"Debt Management, Inc.",1858SP000015,Supplementary Process,Disposed (Statistical Purposes),20180321,20180920
16,78029276,"Debt Management, Inc.",1811SP000086,Supplementary Process,Disposed (Statistical Purposes),20180321,20181211
17,78333076,"Debt Management, Inc.",1815CV000009,Civil,Open,20180103,20180103
18,78873615,"Debt Management, Inc.",1732SC001898,Small Claims,Disposed (Statistical Purposes),20170831,20180118
19,79080045,"Debt Management, Inc.",1838CV000004,Civil,Disposed (Statistical Purposes),20180102,20180410
20,79893339,"Debt Management, Inc.",1765SC000664,Small Claims,Disposed (Statistical Purposes),20171031,20180125
21,80268251,"Debt Management, Inc.",1906SP000111,Supplementary Process,Disposed (Statistical Purposes),20190924,20191125
22,85518377,"Debt Management, Inc.",1958SP000003,Supplementary Process,Disposed (Statistical Purposes),20190107,20190322
23,85813247,"Debt Management, Inc.",1850CV000926,Civil,Disposed (Statistical Purposes),20181003,20190117
24,85860191,"Debt Management, Inc.",1833CV000785,Civil,Disposed (Statistical Purposes),20181003,20190830
25,86395731,"Debt Management, Inc.",1910SC000156,Small Claims,Suspended-Notices sent Covid-19,20190311,20200409
26,86615253,"Debt Management, Inc.",1910CV000101,Civil,Disposed (Statistical Purposes),20190426,20200212
27,87170394,"Debt Management, Inc.",1844SP000039,Supplementary Process,Open,20180321,20180321
28,88813159,"Debt Management, Inc.",1911SC000014,Small Claims,Disposed (Statistical Purposes),20190103,20190205
29,88844021,"Debt Management, Inc.",1806CV000267,Civil,Open,20180608,20180608
30,797234,"Debt Management, Inc",1236SC000738,Small Claims,Disposed (Statistical Purposes),20120613,20130130
31,9940783,"Debt Management, Inc",1227SP000237,Supplementary Process,Disposed (Statistical Purposes),20120921,20121114
32,16715348,"Debt Management, Inc",1225SC000651,Small Claims,Disposed (Statistical Purposes),20120402,20120807
33,20478056,"Debt Management, Inc",0702SC000452,Small Claims,Disposed (Statistical Purposes),20070430,20070705
34,24444367,"Debt Management, Inc",0925SC001449,Small Claims,Disposed (Statistical Purposes),20090616,20090902
35,24588621,"Debt Management, Inc",0914CV000354,Civil,Disposed (Statistical Purposes),20090310,20090507
36,25056801,"Debt Management, Inc",0969SP000272,Supplementary Process,Disposed (Statistical Purposes),20090909,20091116
37,25361860,"Debt Management, Inc",0935CV000107,Civil,Disposed (Statistical Purposes),20090713,20100114
38,26047143,"Debt Management, Inc",0916CV000636,Civil,Disposed (Statistical Purposes),20090909,20100112
39,26333685,"Debt Management, Inc",0932SC000057,Small Claims,Disposed (Statistical Purposes),20090107,20090501
40,26872074,"Debt Management, Inc",0916CV000036,Civil,Disposed (Statistical Purposes),20090116,20090529
41,26929670,"Debt Management, Inc",0832SC000284,Small Claims,Disposed (Statistical Purposes),20080206,20080326
42,29267118,"Debt Management, Inc",0940CV000016,Civil,Disposed (Statistical Purposes),20090116,20090303
43,30336453,"Debt Management, Inc",0861SC001066,Small Claims,Disposed (Statistical Purposes),20080909,20081007
44,33689630,"Debt Management, Inc",0961CV000356,Civil,Disposed (Statistical Purposes),20090518,20090625
45,36322147,"Debt Management, Inc",0910CV000114,Civil,Disposed (Statistical Purposes),20090116,20090703
46,38067397,"Debt Management, Inc",0970CV000191,Civil,Disposed (Statistical Purposes),20090714,20091105
47,47579098,"Debt Management, Inc",0998CV000724,Civil,Disposed (Statistical Purposes),20091217,20100209
48,52938841,"Debt Management, Inc",0932SC001790,Small Claims,Disposed (Statistical Purposes),20090616,20090918
49,54293177,"Debt Management, Inc",0862CV002775,Civil,Disposed (Statistical Purposes),20080828,20081107
0,55123760,"Debt Management, Inc",0907SC001029,Small Claims,Disposed (Statistical Purposes),20090506,20091030
1,78110293,"Debt Management, Inc",0923SC004397,Small Claims,Disposed (Statistical Purposes),20090914,20100107
2,86550889,"Debt Management, Inc",1962SP000094,Supplementary Process,Disposed (Statistical Purposes),20190513,20190625
3,88033753,"Debt Management, Inc",1757CV000208,Civil,Disposed (Statistical Purposes),20170426,20171020
4,1754324,"Debt Management Inc,",1415SP000246,Supplementary Process,Pending,20140527,20140527
5,35550672,"Debt Management Inc,",0921SC000364,Small Claims,Disposed (Statistical Purposes),20090430,20090811
6,6474497,"Debt Management,Inc.",1220SC000595,Small Claims,Disposed (Statistical Purposes),20120910,20121120
7,6574100,"Debt Management,Inc.",1231SP000494,Supplementary Process,Disposed (Statistical Purposes),20120802,20140320
8,21215693,"Debt Management,Inc.",0907CV000587,Civil,Disposed (Statistical Purposes),20090430,20090708
9,66782784,"Debt Management,Inc.",1327SC000689,Small Claims,Disposed (Statistical Purposes),20130617,20130822
10,7398192,"Debt. Management, Inc.",1129SP000039,Supplementary Process,Disposed (Statistical Purposes),20110420,20110526
11,13922777,"Debt. Management, Inc.",1232SC000757,Small Claims,Disposed (Statistical Purposes),20120507,20120926
12,29284189,"Debt. Management, Inc.",0918SC000048,Small Claims,Disposed (Statistical Purposes),20090109,20090225
13,33479010,"Debt. Management, Inc.",0945SP000072,Supplementary Process,Disposed (Statistical Purposes),20090320,20090522
14,66282493,"Debt. Management, Inc.",1332SC000797,Small Claims,Disposed (Statistical Purposes),20130416,20130429
15,10000180,Debt Management Inc. C/O Mandy Spaulding,1010SP000004,Supplementary Process,Disposed (Statistical Purposes),20100111,20100422
16,18299876,"Debt Management ,Inc.",1207SC001058,Small Claims,Disposed (Statistical Purposes),20120718,20121115
17,75409555,"Debt Management ,Inc.",1307SC000532,Small Claims,Disposed (Statistical Purposes),20130418,20130726
18,20869961,"Debt Management,",0902CV000099,Civil,Disposed (Statistical Purposes),20090223,20090330
19,21435983,Debt Management,0902SP000858,Supplementary Process,Disposed (Statistical Purposes),20090910,20091022
20,27558418,Debt Management,0920SC000488,Small Claims,Disposed (Statistical Purposes),20090430,20090728
21,50741808,Debt Management,0915SC062128,Small Claims,Disposed (Statistical Purposes),20090113,20150416
22,56024554,Debt Management,0962SC000128,Small Claims,Disposed (Statistical Purposes),20090113,20090319
23,22442790,Debtmanagementinc.,0906SC000165,Small Claims,Disposed (Statistical Purposes),20090116,20090429
24,22696062,"Debt Management, Inc.,",0902SC000613,Small Claims,Disposed (Statistical Purposes),20090619,20100303
25,27195684,Debt Management. Inc,0914SC000635,Small Claims,Disposed (Statistical Purposes),20090429,20090604
26,29042658,"Debt Management , Inc.",0969SC000474,Small Claims,Disposed (Statistical Purposes),20090429,20090603
27,51096737,"Debt Management , Inc.",0911SC002290,Small Claims,Disposed (Statistical Purposes),20090618,20090915
28,70619562,"Debt Management , Inc.",0913CV001047,Civil,Disposed (Statistical Purposes),20090429,20090626
29,32232133,"Federal Debt Management, Inc.",0560SP000026,Supplementary Process,Disposed (Statistical Purposes),20050210,20051014
30,36149402,"Debt Management, Inc. /Boston IVF, Inc.",1565SC000050,Small Claims,Disposed (Statistical Purposes),20150122,20150616
31,38190729,"Debt Management Inc.,",0753CV000710,Civil,Disposed (Statistical Purposes),20070516,20070718
32,47259032,"Debt Management , Inc",0925SC002815,Small Claims,Disposed (Statistical Purposes),20091217,20100223
33,54887135,"Debt Management,Inc",0907CV000383,Civil,Disposed (Statistical Purposes),20090310,20090427
34,55034862,"Debt Management,Inc",0907CV000385,Civil,Disposed (Statistical Purposes),20090311,20090511
35,86970336,"Debt Management,Inc",1962SP000071,Supplementary Process,Disposed (Statistical Purposes),20190405,20190507
36,75245267,"DEBT MANAGEMENT, INC., CORPORATION",1307SP000249,Supplementary Process,Disposed (Statistical Purposes),20130610,20150113
37,77241787,Debt Management Inc. assignee of Landscape Depot,1766SC000456,Small Claims,Closed (Transferred),20170703,20181113
38,80035150,Debt Management Inc. As Assignee of Landscape Depot,1721SC660456,Small Claims,Disposed (Statistical Purposes),20170703,20171120
