,post_id,party_name,case_number,case_type,case_status,file_date,status_date
0,2498781,Federated Financial Corporation of America,1468CV000083,Civil,Disposed (Statistical Purposes),20140403,20140523
1,3513169,Federated Financial Corporation of America,1449CV000318,Civil,Disposed (Statistical Purposes),20140603,20150109
2,3851446,Federated Financial Corporation of America,1015CV001737,Civil,Disposed (Statistical Purposes),20100622,20100816
3,4872488,Federated Financial Corporation of America,1454CV000246,Civil,Disposed (Statistical Purposes),20140404,20140530
4,6089210,Federated Financial Corporation of America,1255CV000567,Civil,Disposed (Statistical Purposes),20121108,20140131
5,7180996,Federated Financial Corporation of America,1447SP000043,Supplementary Process,Disposed (Statistical Purposes),20140714,20150106
6,8309917,Federated Financial Corporation of America,1113SP000338,Supplementary Process,Disposed (Statistical Purposes),20110414,20110614
7,9194931,Federated Financial Corporation of America,1457CV000507,Civil,Disposed (Statistical Purposes),20141006,20150327
8,9785523,Federated Financial Corporation of America,1249SP000160,Supplementary Process,Disposed (Statistical Purposes),20120406,20120524
9,10650931,Federated Financial Corporation of America,1227CV000463,Civil,Disposed (Statistical Purposes),20121029,20121121
10,10743220,Federated Financial Corporation of America,1238CV000709,Civil,Disposed (Statistical Purposes),20121107,20140304
11,10787776,Federated Financial Corporation of America,1358SP000210,Supplementary Process,Disposed (Statistical Purposes),20130909,20131107
12,11236772,Federated Financial Corporation of America,1433SP000077,Supplementary Process,Disposed (Statistical Purposes),20140324,20150126
13,12336350,Federated Financial Corporation of America,1234CV000766,Civil,Disposed (Statistical Purposes),20121029,20130322
14,16202590,Federated Financial Corporation of America,1327SP000120,Supplementary Process,Disposed (Statistical Purposes),20130919,20131018
15,16213709,Federated Financial Corporation of America,1023SP000798,Supplementary Process,Disposed (Statistical Purposes),20100625,20100817
16,18648991,Federated Financial Corporation of America,1106SP000111,Supplementary Process,Disposed (Statistical Purposes),20110218,20111121
17,19074700,Federated Financial Corporation of America,1485CV00412,Contract / Business Cases,Closed,20140304,20140514
18,19199249,Federated Financial Corporation of America,1305CV000300,Civil,Disposed (Statistical Purposes),20131021,20131210
19,20204043,Federated Financial Corporation of America,0707CV001334,Civil,Disposed (Statistical Purposes),20071114,20080801
20,20946254,Federated Financial Corporation of America,0834SP000197,Supplementary Process,Disposed (Statistical Purposes),20080527,20080814
21,22158550,Federated Financial Corporation of America,0752CV001375,Civil,Disposed (Statistical Purposes),20071004,20080122
22,22477058,Federated Financial Corporation of America,0806CV001463,Civil,Disposed (Statistical Purposes),20081208,20090219
23,22937192,Federated Financial Corporation of America,1514CV000430,Civil,Pending,20151014,20151014
24,23484945,Federated Financial Corporation of America,0848CV000679,Civil,Disposed (Statistical Purposes),20081105,20081223
25,23918874,Federated Financial Corporation of America,1568SP000005,Supplementary Process,Disposed (Statistical Purposes),20150205,20150225
26,23949346,Federated Financial Corporation of America,0809CV000390,Civil,Disposed (Statistical Purposes),20090102,20090508
27,24713351,Federated Financial Corporation of America,1554CV000398,Civil,Disposed (Statistical Purposes),20150729,20150826
28,25200749,Federated Financial Corporation of America,0649SP000065,Supplementary Process,Disposed (Statistical Purposes),20060222,20060329
29,27257887,Federated Financial Corporation of America,0814CV001532,Civil,Disposed (Statistical Purposes),20081107,20090526
30,27407769,Federated Financial Corporation of America,0814CV001692,Civil,Disposed (Statistical Purposes),20081208,20090417
31,28927233,Federated Financial Corporation of America,0864CV001158,Civil,Disposed (Statistical Purposes),20081113,20090320
32,29317191,Federated Financial Corporation of America,0864CV001269,Civil,Disposed (Statistical Purposes),20081208,20090223
33,30145108,Federated Financial Corporation of America,0750CV001951,Civil,Disposed (Statistical Purposes),20071120,20080227
34,32119803,Federated Financial Corporation of America,0889CV001093,Civil,Disposed (Statistical Purposes),20081208,20090413
35,32958741,Federated Financial Corporation of America,0863CV000512,Civil,Disposed (Statistical Purposes),20081219,20090225
36,33701548,Federated Financial Corporation of America,0961CV000377,Civil,Disposed (Statistical Purposes),20090526,20091118
37,35010416,Federated Financial Corporation of America,1510CV000003,Civil,Disposed (Statistical Purposes),20150105,20150217
38,36805060,Federated Financial Corporation of America,0833CV002581,Civil,Disposed (Statistical Purposes),20081208,20090316
39,38515102,Federated Financial Corporation of America,0657CV000009,Civil,Disposed (Statistical Purposes),20060104,20070507
40,40978121,Federated Financial Corporation of America,0510CV000937,Civil,Disposed (Statistical Purposes),20051110,20060209
41,42852002,Federated Financial Corporation of America,0851CV001106,Civil,Disposed (Statistical Purposes),20081208,20090430
42,45308841,Federated Financial Corporation of America,1115SP000764,Supplementary Process,Disposed (Statistical Purposes),20110620,20110826
43,45308840,Federated Financial Corporation of America,1115SP000764,Supplementary Process,Disposed (Statistical Purposes),20110620,20110826
44,45308842,Federated Financial Corporation of America,1115SP000764,Supplementary Process,Disposed (Statistical Purposes),20110620,20110826
45,45491627,Federated Financial Corporation of America,0512CV000013,Civil,Disposed (Statistical Purposes),20050110,20050721
46,45984171,Federated Financial Corporation of America,0610SP000129,Supplementary Process,Disposed (Statistical Purposes),20060322,20060810
47,46797513,Federated Financial Corporation of America,0813CV002848,Civil,Disposed (Statistical Purposes),20081219,20090327
48,47419476,Federated Financial Corporation of America,0948SP000031,Supplementary Process,Disposed (Statistical Purposes),20090130,20090318
49,47421650,Federated Financial Corporation of America,0948CV000337,Civil,Disposed (Statistical Purposes),20090527,20091123
0,47725128,Federated Financial Corporation of America,1077CV00379,Contract / Business Cases,Open,20100222,20110131
1,51095149,Federated Financial Corporation of America,0813CV002748,Civil,Disposed (Statistical Purposes),20081208,20090421
2,51871745,Federated Financial Corporation of America,0615CV000428,Civil,Disposed (Statistical Purposes),20060307,20060718
3,53452933,Federated Financial Corporation of America,1462SP000344,Supplementary Process,Disposed (Statistical Purposes),20140812,20140926
4,53662361,Federated Financial Corporation of America,1462SP000310,Supplementary Process,Disposed (Statistical Purposes),20140619,20140911
5,53662856,Federated Financial Corporation of America,1462CV001113,Civil,Disposed (Statistical Purposes),20140620,20150210
6,54105721,Federated Financial Corporation of America,0923CV000637,Civil,Disposed (Statistical Purposes),20090225,20090515
7,54280782,Federated Financial Corporation of America,1023CV000433,Civil,Disposed (Statistical Purposes),20100225,20100521
8,55999732,Federated Financial Corporation of America,0933SP000334,Supplementary Process,Disposed (Statistical Purposes),20090407,20090727
9,56298021,Federated Financial Corporation of America,0762SP000221,Supplementary Process,Disposed (Statistical Purposes),20070417,20070626
10,56356497,Federated Financial Corporation of America,0762SP000222,Supplementary Process,Disposed (Statistical Purposes),20070417,20070626
11,56623239,Federated Financial Corporation of America,0933SP000766,Supplementary Process,Disposed (Statistical Purposes),20090803,20091019
12,57374210,Federated Financial Corporation of America,1056SP000070,Supplementary Process,Disposed (Statistical Purposes),20100125,20100129
13,59113931,Federated Financial Corporation of America,0818CV002854,Civil,Disposed (Statistical Purposes),20081222,20090428
14,59454649,Federated Financial Corporation of America,0956CV002973,Civil,Disposed (Statistical Purposes),20090914,20091123
15,66587329,Federated Financial Corporation of America,1673CV00633,Contract / Business Cases,Closed,20160630,20161019
16,67167187,Federated Financial Corporation of America,0773CV01287,Contract / Business Cases,Closed,20070829,20071023
17,67178142,Federated Financial Corporation of America,0877CV02140,Contract / Business Cases,Closed,20081030,20120305
18,67604402,Federated Financial Corporation of America,0879CV01131,Contract / Business Cases,Closed,20081208,20090220
19,67869223,Federated Financial Corporation of America,1333CV000110,Civil,Disposed (Statistical Purposes),20130206,20130604
20,68386353,Federated Financial Corporation of America,0981CV00185,Contract / Business Cases,Closed,20090115,20090327
21,69032257,Federated Financial Corporation of America,1611CV001006,Civil,Pending,20160901,20160901
22,70259100,Federated Financial Corporation of America,1001SP000114,Supplementary Process,Closed,20100511,20100511
23,70492174,Federated Financial Corporation of America,0501CV003953,Civil,Open,20050929,20050929
24,74023204,Federated Financial Corporation of America,0872CV00892,Contract / Business Cases,Closed,20081226,20111128
25,4593038,"Federated Financial Corporation of America, Assignee of Advanta Bank Corp.",1149CV001128,Civil,Disposed (Statistical Purposes),20111121,20120208
26,5680690,"Federated Financial Corporation of America,",1467SP000005,Supplementary Process,Disposed (Statistical Purposes),20140113,20140306
27,8154851,"Federated Financial Corporation of America,",1036CV000257,Civil,Disposed (Statistical Purposes),20100222,20100517
28,19560945,Federated Financial Corporation of America d/b/a,1473CV00251,Contract / Business Cases,Closed,20140305,20140425
29,20370078,Norfolk Financial Corporation Assignee Of American,0506SC001947,Small Claims,Pending,20051128,20051128
30,22689844,Federal Financial Corporation Of America,0734CV000482,Civil,Disposed (Statistical Purposes),20070523,20070618
31,31400382,Feddeerated Financial Corporation Of America,0687SP000070,Supplementary Process,Disposed (Statistical Purposes),20060922,20061025
32,32784894,"Federated Capital Corporation, d/b/a Federated Financial Corporation of America",1567CV000400,Civil,Disposed (Statistical Purposes),20151201,20160111
33,34847753,Federated Financial Corporation Of American,0587CV000212,Civil,Disposed (Statistical Purposes),20051202,20060112
34,52262481,Federated Financial Corporation Of American,0815CV000196,Civil,Disposed (Statistical Purposes),20080116,20080515
35,41051353,"Federated Financial Corporation Of America, Assign",0662CV003075,Civil,Disposed (Statistical Purposes),20061221,20070301
36,51705374,Federated Financial Corporation Of America d/b/a Federated,1481CV00952,Contract / Business Cases,Closed,20140305,20140428
37,52835550,Federated Financial Corporation of America d/b/a Federated Capital Corporation,1415CV000415,Civil,Disposed (Statistical Purposes),20140305,20140909
38,56088787,"Federated Financial Corporation Of America, Assignee Of Advanta",1181CV03035,Contract / Business Cases,Closed,20110826,20111207
39,62515165,Federated Financial Corporation Of American Assignee Of Advanta,1181CV04049,Contract / Business Cases,Open,20111114,20130916
40,66143065,Federated Financial Corporation of a America d/b/a Federated Capital,1583CV00942,Contract / Business Cases,Closed,20150924,20160111
41,66455982,Federated Financial Corporation of America a/s/o Avanta,0681CV00797,Contract / Business Cases,Open,20060306,20070530
