,post_id,party_name,case_number,case_type,case_status,file_date,status_date
0,8862035,Maurice E. Harris & Mary Harris,1038CV000616,Civil,Disposed (Statistical Purposes),20100618,20110309
1,25156052,"Harris & Michael Pedroli, Norman Harris Aka Toby",0566CV000055,Civil,Disposed (Statistical Purposes),20050202,20060530
2,68971695,"Judy A. Harris, Individually & Executrix Of The Estate Of Jerry A Harris",0881CV02392,Torts,Open,20080623,20080623
3,72443964,"David Derocha, Harris Condo Unit Owner & Tr of Harris Condos",0783CV00663,Contract / Business Cases,Closed,20070524,20070801
4,75051477,"Health & Sports Rehab, Inc. (Re: Glen Harris & Debra White-Harris",1307CV000386,Civil,Disposed (Statistical Purposes),20130501,20140128
