,post_id,party_name,case_number,case_type,case_status,file_date,status_date
0,83206339,"Homebridge Financial Services, Inc.",18 SM 000540,Servicemembers,Open,20180126,20180126
1,83945424,"Homebridge Financial Services, Inc.",20 SM 000204,Servicemembers,Closed,20200114,20200303
2,83977742,"Homebridge Financial Services, Inc.",20 SM 000411,Servicemembers,Closed,20200123,20210618
3,87193200,"Homebridge Financial Services, Inc.",19 SM 002248,Servicemembers,Closed,20190501,20200109
4,87349848,"Homebridge Financial Services, Inc.",19 SM 002422,Servicemembers,Closed,20190513,20190807
