,post_id,party_name,case_number,case_type,case_status,file_date,status_date
0,9080436,"Ncb Management Services, Inc.",1466CV000250,Civil,Closed,20140715,20141114
1,33219788,"Ncb Management Services, Inc.",1586CV000059,Civil,Disposed (Statistical Purposes),20150227,20150819
2,11293481,"Ncb Management Services, Inc.,",1453CV000602,Civil,Disposed (Statistical Purposes),20140711,20150506
3,21894383,"NcB Management Services, Inc., assignee of Fortis Capital, assignee of HSBC bank Nevada, N.A",1505CV000040,Civil,Disposed (Statistical Purposes),20150226,20150629
4,29742369,Ncb Management Services Inc,1586SP000150,Supplementary Process,Disposed (Statistical Purposes),20151119,20160105
5,30390704,Ncb Management Services Inc. Assignee of Household Recovery Services Corporation,1511CV000265,Civil,Disposed (Statistical Purposes),20150226,20150529
