,post_id,party_name,case_number,case_type,case_status,file_date,status_date
0,82734702,Longbridge Financial LLC,21 SM 000948,Servicemembers,Open,20210823,20210823
1,83087571,Longbridge Financial LLC,21 SM 000511,Servicemembers,Closed,20210512,20210701
2,83282623,Longbridge Financial LLC,19 SM 003046,Servicemembers,Closed,20190626,20190809
3,84016962,Longbridge Financial LLC,20 SM 000704,Servicemembers,Closed,20200207,20200224
4,84066561,Longbridge Financial LLC,20 SM 000804,Servicemembers,Closed,20200213,20210319
5,84098319,Longbridge Financial LLC,19 SM 005060,Servicemembers,Closed,20191024,20200821
6,84146860,Longbridge Financial LLC,19 SM 005296,Servicemembers,Closed,20191031,20191119
7,84416516,Longbridge Financial LLC,21 SM 000921,Servicemembers,Closed,20210819,20211005
8,86911377,"Longbridge Financial, LLC",19 SM 000182,Servicemembers,Closed,20190111,20191115
