,post_id,party_name,case_number,case_type,case_status,file_date,status_date
0,19934420,Receivables Acquisition & Management Corporation,0607CV000309,Civil,Disposed (Statistical Purposes),20060406,20060807
1,20250671,Receivables Acquisition & Management Corporation,0606SP000015,Supplementary Process,Disposed (Statistical Purposes),20060106,20060306
2,70505682,Receivables Acquisition & Management Corporation,0501CV003878,Civil,Closed,20050921,20051117
3,88730013,Receivable Management Corporation,1681CV03573,Contract / Business Cases,Open,20161215,20161215
