,post_id,party_name,case_number,case_type,case_status,file_date,status_date
0,433254,Complere Credit Solutions Inc.,1160SP000505,Supplementary Process,Disposed (Statistical Purposes),20111031,20120119
1,652030,Franklin Credit Solutions,1065SC000301,Small Claims,Disposed (Statistical Purposes),20100621,20100901
2,7314605,Franklin Credit Solutions,1265SP000204,Supplementary Process,Disposed (Statistical Purposes),20121024,20130515
3,11431632,Franklin Credit Solutions,1168SP000051,Supplementary Process,Disposed (Statistical Purposes),20110328,20110718
4,12870947,Franklin Credit Solutions,1065SC000179,Small Claims,Disposed (Statistical Purposes),20100420,20100623
5,14622780,Franklin Credit Solutions,1050SC000901,Small Claims,Disposed (Statistical Purposes),20100608,20100804
6,15148157,Franklin Credit Solutions,1087SC000152,Small Claims,Disposed (Statistical Purposes),20100607,20100811
7,16590794,Franklin Credit Solutions,1089SC000634,Small Claims,Disposed (Statistical Purposes),20100609,20100819
8,50041304,Franklin Credit Solutions,1150SP000271,Supplementary Process,Disposed (Statistical Purposes),20110325,20110513
9,56698706,Franklin Credit Solutions,1013SC000998,Small Claims,Disposed (Statistical Purposes),20100609,20100811
10,66128113,Franklin Credit Solutions,1325SP000183,Supplementary Process,Disposed (Statistical Purposes),20130624,20130918
11,857604,Complete Credit Solutions,1013SP000616,Supplementary Process,Disposed (Statistical Purposes),20100721,20101005
12,2223446,Complete Credit Solutions,1218CV000467,Civil,Disposed (Statistical Purposes),20120423,20140610
13,6738426,Complete Credit Solutions,1220CV000382,Civil,Disposed (Statistical Purposes),20121203,20140912
14,8624864,Complete Credit Solutions,1020SP000368,Supplementary Process,Disposed (Statistical Purposes),20101109,20110105
15,8625352,Complete Credit Solutions,1020SP000369,Supplementary Process,Disposed (Statistical Purposes),20101109,20110105
16,10811387,Complete Credit Solutions,1166SP000164,Supplementary Process,Disposed (Statistical Purposes),20110621,20111026
17,11748010,Complete Credit Solutions,1018SP000583,Supplementary Process,Disposed (Statistical Purposes),20100524,20101109
18,14002589,Complete Credit Solutions,1069CV000085,Civil,Disposed (Statistical Purposes),20100211,20100305
19,14935241,Complete Credit Solutions,1155SP000127,Supplementary Process,Disposed (Statistical Purposes),20110321,20110621
20,15475251,Complete Credit Solutions,1023SP000681,Supplementary Process,Disposed (Statistical Purposes),20100524,20100621
21,16236217,Complete Credit Solutions,1042SP000030,Supplementary Process,Disposed (Statistical Purposes),20100315,20100518
22,16310220,Complete Credit Solutions,1217SP000048,Supplementary Process,Disposed (Statistical Purposes),20120605,20120821
23,24750289,Complete Credit Solutions,0964SC001610,Small Claims,Disposed (Statistical Purposes),20090824,20091028
24,26397841,Complete Credit Solutions,0949SC001383,Small Claims,Disposed (Statistical Purposes),20090824,20091105
25,26604946,Complete Credit Solutions,0832SP000602,Supplementary Process,Disposed (Statistical Purposes),20080801,20081017
26,27742281,Complete Credit Solutions,0920CV000458,Civil,Disposed (Statistical Purposes),20090629,20090908
27,27744781,Complete Credit Solutions,0920CV000457,Civil,Disposed (Statistical Purposes),20090629,20090901
28,29300659,Complete Credit Solutions,0969CV000452,Civil,Disposed (Statistical Purposes),20090629,20090916
29,29524036,Complete Credit Solutions,1513SP000159,Supplementary Process,Disposed (Statistical Purposes),20150410,20150518
30,31849877,Complete Credit Solutions,0821CV000171,Civil,Disposed (Statistical Purposes),20080320,20080602
31,32917563,Complete Credit Solutions,0917CV000290,Civil,Disposed (Statistical Purposes),20090629,20090917
32,33503143,Complete Credit Solutions,0918CV001384,Civil,Disposed (Statistical Purposes),20090629,20091026
33,34913165,Complete Credit Solutions,0936CV001081,Civil,Disposed (Statistical Purposes),20090701,20090915
34,35999807,Complete Credit Solutions,0966CV000541,Civil,Disposed (Statistical Purposes),20090629,20090915
35,36541014,Complete Credit Solutions,0823SP000704,Supplementary Process,Disposed (Statistical Purposes),20080612,20080904
36,38806505,Complete Credit Solutions,0942CV000196,Civil,Disposed (Statistical Purposes),20090630,20090925
37,40385911,Complete Credit Solutions,0986CV000546,Civil,Disposed (Statistical Purposes),20090629,20091123
38,40739323,Complete Credit Solutions,0927CV000486,Civil,Disposed (Statistical Purposes),20090629,20090909
39,41913781,Complete Credit Solutions,0923CV002033,Civil,Disposed (Statistical Purposes),20090630,20091008
40,42621962,Complete Credit Solutions,0965CV000411,Civil,Disposed (Statistical Purposes),20090629,20091109
41,44127854,Complete Credit Solutions,0962CV002063,Civil,Disposed (Statistical Purposes),20090629,20090915
42,56468571,Complete Credit Solutions,1062SP000114,Supplementary Process,Disposed (Statistical Purposes),20100204,20100401
43,56809418,Complete Credit Solutions,0923SP000697,Supplementary Process,Disposed (Statistical Purposes),20090519,20090819
44,64144977,Complete Credit Solutions,1318SP000326,Supplementary Process,Disposed (Statistical Purposes),20130624,20130813
45,65178689,Complete Credit Solutions,1366CV000188,Civil,Disposed (Statistical Purposes),20130520,20130912
46,66740876,Complete Credit Solutions,1325SP000023,Supplementary Process,Disposed (Statistical Purposes),20130129,20130724
47,71282045,Complete Credit Solutions,1320SP000029,Supplementary Process,Disposed (Statistical Purposes),20130226,20130607
48,72273440,Complete Credit Solutions,1617SP000023,Supplementary Process,Disposed (Statistical Purposes),20160718,20160831
49,85221281,Complete Credit Solutions,1820SP000051,Supplementary Process,Disposed (Statistical Purposes),20180813,20180925
0,878749,"Residential Credit Solutions, Inc.",10 MISC 442039,Servicemembers,Closed,20101025,20110420
1,890830,"Residential Credit Solutions, Inc.",10 MISC 442044,Servicemembers,Open,20101025,20101025
2,3437941,"Residential Credit Solutions, Inc.",11 MISC 446088,Servicemembers,Closed,20110307,20110621
3,3543354,"Residential Credit Solutions, Inc.",11 MISC 446701,Servicemembers,Closed,20110328,20110808
4,3546779,"Residential Credit Solutions, Inc.",11 MISC 446707,Servicemembers,Closed,20110328,20110811
5,3547204,"Residential Credit Solutions, Inc.",11 MISC 446708,Servicemembers,Open,20110328,20110328
6,3605497,"Residential Credit Solutions, Inc.",11 MISC 446926,Servicemembers,Closed,20110401,20110810
7,3605899,"Residential Credit Solutions, Inc.",11 MISC 446927,Servicemembers,Closed,20110401,20110810
8,3606141,"Residential Credit Solutions, Inc.",11 MISC 446928,Servicemembers,Open,20110401,20110401
9,3607913,"Residential Credit Solutions, Inc.",11 MISC 446932,Servicemembers,Closed,20110401,20110810
10,4240154,"Residential Credit Solutions, Inc.",11 MISC 449262,Miscellaneous,Closed,20110615,20130311
11,9551984,"Residential Credit Solutions, Inc.",1488SU000010,Summary Process,Disposed (Statistical Purposes),20140224,20150203
12,11659546,"Residential Credit Solutions, Inc.",13 MISC 480388,Servicemembers,Closed,20131101,20131219
13,13168265,"Residential Credit Solutions, Inc.",10H84SP004568,Housing Court Summary Process,Closed,20101115,20101202
14,13226001,"Residential Credit Solutions, Inc.",10H84SP004567,Housing Court Summary Process,Closed,20101115,20101202
15,13385108,"Residential Credit Solutions, Inc.",10H79SP004437,Housing Court Summary Process,Active,20101101,20101101
16,13987340,"Residential Credit Solutions, Inc.",12 MISC 467714,Servicemembers,Open,20120713,20120713
17,15204585,"Residential Credit Solutions, Inc.",13 MISC 477492,Servicemembers,Closed,20130403,20130614
18,15960762,"Residential Credit Solutions, Inc.",1166SU000036,Summary Process,Disposed (Statistical Purposes),20110712,20110803
19,18740294,"Residential Credit Solutions, Inc.",1105SU000119,Summary Process,Disposed (Statistical Purposes),20110801,20110812
20,38582033,"Residential Credit Solutions, Inc.",09H85SP004020,Housing Court Summary Process,Closed,20091123,20091207
21,49446277,"Residential Credit Solutions, Inc.",11 MISC 446827,Servicemembers,Closed,20110330,20110810
22,49450618,"Residential Credit Solutions, Inc.",11 MISC 446826,Servicemembers,Open,20110330,20110330
23,49564454,"Residential Credit Solutions, Inc.",11 MISC 450102,Servicemembers,Closed,20110706,20110928
24,49569185,"Residential Credit Solutions, Inc.",11 MISC 446880,Servicemembers,Closed,20110331,20110809
25,49589520,"Residential Credit Solutions, Inc.",11 MISC 450178,Servicemembers,Closed,20110707,20120906
26,49848048,"Residential Credit Solutions, Inc.",11 MISC 446974,Servicemembers,Closed,20110404,20110809
27,49857039,"Residential Credit Solutions, Inc.",11 MISC 446970,Servicemembers,Closed,20110404,20110811
28,49900129,"Residential Credit Solutions, Inc.",13 MISC 480867,Servicemembers,Closed,20131211,20140128
29,49907967,"Residential Credit Solutions, Inc.",13 MISC 480882,Servicemembers,Open,20131212,20131212
30,49908019,"Residential Credit Solutions, Inc.",11 MISC 447102,Servicemembers,Closed,20110406,20110819
31,50079343,"Residential Credit Solutions, Inc.",11 MISC 450941,Miscellaneous,Closed,20110720,20111118
32,50082784,"Residential Credit Solutions, Inc.",11 MISC 451058,Servicemembers,Closed,20110721,20111020
33,50113921,"Residential Credit Solutions, Inc.",11 MISC 447395,Servicemembers,Open,20110412,20110412
34,50379494,"Residential Credit Solutions, Inc.",11 MISC 447837,Servicemembers,Open,20110420,20110420
35,50398240,"Residential Credit Solutions, Inc.",11 MISC 447887,Servicemembers,Closed,20110421,20110907
36,50424798,"Residential Credit Solutions, Inc.",11 MISC 448017,Servicemembers,Closed,20110426,20110912
37,50425238,"Residential Credit Solutions, Inc.",11 MISC 448012,Servicemembers,Open,20110426,20110426
38,50428094,"Residential Credit Solutions, Inc.",11 MISC 448018,Servicemembers,Closed,20110426,20110822
39,50430071,"Residential Credit Solutions, Inc.",11 MISC 448048,Servicemembers,Closed,20110427,20110819
40,50430545,"Residential Credit Solutions, Inc.",11 MISC 448049,Servicemembers,Closed,20110427,20110912
41,50455215,"Residential Credit Solutions, Inc.",11 MISC 448106,Servicemembers,Closed,20110428,20110912
42,50461268,"Residential Credit Solutions, Inc.",11 MISC 448140,Servicemembers,Closed,20110429,20110909
43,50566823,"Residential Credit Solutions, Inc.",12 MISC 461914,Servicemembers,Closed,20120329,20120730
44,50662719,"Residential Credit Solutions, Inc.",14 MISC 484873,Servicemembers,Closed,20140716,20141124
45,50802847,"Residential Credit Solutions, Inc.",11 MISC 448548,Servicemembers,Closed,20110516,20110822
46,50805139,"Residential Credit Solutions, Inc.",11 MISC 448549,Servicemembers,Closed,20110516,20110915
47,50827143,"Residential Credit Solutions, Inc.",11 MISC 448582,Servicemembers,Closed,20110517,20110914
48,50842899,"Residential Credit Solutions, Inc.",11 MISC 448694,Servicemembers,Closed,20110520,20110919
49,50847520,"Residential Credit Solutions, Inc.",11 MISC 448692,Servicemembers,Closed,20110520,20110916
0,50910177,"Residential Credit Solutions, Inc.",11 MISC 448830,Servicemembers,Closed,20110526,20110909
1,50925438,"Residential Credit Solutions, Inc.",11H79SP005520,Housing Court Summary Process,Closed,20111219,20120119
2,50987169,"Residential Credit Solutions, Inc.",14 MISC 484067,Servicemembers,Closed,20140604,20140805
3,51008153,"Residential Credit Solutions, Inc.",15 SM 005214,Servicemembers,Open,20150625,20150625
4,51253585,"Residential Credit Solutions, Inc.",10 MISC 428465,Servicemembers,Closed,20100427,20100921
5,51296873,"Residential Credit Solutions, Inc.",10 MISC 440640,Servicemembers,Closed,20100924,20110510
6,51926420,"Residential Credit Solutions, Inc.",14 MISC 484248,Servicemembers,Closed,20140613,20140804
7,51937205,"Residential Credit Solutions, Inc.",10 MISC 441370,Servicemembers,Closed,20101007,20110412
8,52140813,"Residential Credit Solutions, Inc.",10 MISC 435711,Servicemembers,Closed,20100802,20101117
9,52340897,"Residential Credit Solutions, Inc.",11 MISC 446300,Servicemembers,Open,20110314,20110314
10,52391920,"Residential Credit Solutions, Inc.",11 MISC 446495,Servicemembers,Closed,20110322,20110810
11,52392440,"Residential Credit Solutions, Inc.",11 MISC 446496,Servicemembers,Closed,20110322,20111207
12,52393591,"Residential Credit Solutions, Inc.",11 MISC 446490,Servicemembers,Closed,20110322,20111110
13,52399271,"Residential Credit Solutions, Inc.",11 MISC 446518,Servicemembers,Closed,20110323,20110809
14,52399389,"Residential Credit Solutions, Inc.",11 MISC 446527,Servicemembers,Closed,20110323,20110809
15,52399489,"Residential Credit Solutions, Inc.",11 MISC 446521,Servicemembers,Closed,20110323,20110808
16,52399997,"Residential Credit Solutions, Inc.",11 MISC 446515,Servicemembers,Open,20110323,20110323
17,52401407,"Residential Credit Solutions, Inc.",11 MISC 446524,Servicemembers,Closed,20110323,20110811
18,52402371,"Residential Credit Solutions, Inc.",11 MISC 446528,Servicemembers,Closed,20110323,20110811
19,52402839,"Residential Credit Solutions, Inc.",11 MISC 446516,Servicemembers,Closed,20110323,20110928
20,52403036,"Residential Credit Solutions, Inc.",11 MISC 446523,Servicemembers,Closed,20110323,20110811
21,52403997,"Residential Credit Solutions, Inc.",11 MISC 446550,Servicemembers,Closed,20110324,20110811
22,52404803,"Residential Credit Solutions, Inc.",11 MISC 446558,Servicemembers,Closed,20110324,20110811
23,52405777,"Residential Credit Solutions, Inc.",11 MISC 446561,Servicemembers,Closed,20110324,20110811
24,52406428,"Residential Credit Solutions, Inc.",11 MISC 446559,Servicemembers,Closed,20110324,20110810
25,52406733,"Residential Credit Solutions, Inc.",11 MISC 446571,Servicemembers,Closed,20110324,20110810
26,52408592,"Residential Credit Solutions, Inc.",11 MISC 446560,Servicemembers,Open,20110324,20110324
27,52409022,"Residential Credit Solutions, Inc.",11 MISC 446569,Servicemembers,Closed,20110324,20110810
28,52417027,"Residential Credit Solutions, Inc.",11 MISC 446636,Servicemembers,Closed,20110325,20111107
29,52418434,"Residential Credit Solutions, Inc.",11 MISC 446627,Servicemembers,Open,20110325,20110325
30,52419159,"Residential Credit Solutions, Inc.",11 MISC 446639,Servicemembers,Closed,20110325,20110808
31,52462909,"Residential Credit Solutions, Inc.",13 MISC 477973,Servicemembers,Closed,20130517,20130723
32,52463185,"Residential Credit Solutions, Inc.",13 MISC 477966,Servicemembers,Closed,20130517,20130709
33,52532437,"Residential Credit Solutions, Inc.",15 SM 010429,Servicemembers,Closed,20151124,20160210
34,53052970,"Residential Credit Solutions, Inc.",15 SM 010871,Servicemembers,Closed,20151208,20160504
35,53066441,"Residential Credit Solutions, Inc.",15 SM 011034,Servicemembers,Open,20151211,20151211
36,53219123,"Residential Credit Solutions, Inc.",15 SM 011412,Servicemembers,Open,20151222,20151222
37,53223967,"Residential Credit Solutions, Inc.",15 SM 011480,Servicemembers,Closed,20151223,20160512
38,53316451,"Residential Credit Solutions, Inc.",15 SM 011693,Servicemembers,Closed,20151230,20160510
39,53392644,"Residential Credit Solutions, Inc.",13 MISC 480055,Servicemembers,Closed,20131015,20131203
40,54136734,"Residential Credit Solutions, Inc.",12 MISC 467535,Servicemembers,Closed,20120710,20130213
41,54154694,"Residential Credit Solutions, Inc.",12 MISC 469381,Servicemembers,Closed,20120816,20130306
42,54195917,"Residential Credit Solutions, Inc.",12 MISC 467755,Servicemembers,Closed,20120716,20130116
43,54200109,"Residential Credit Solutions, Inc.",15 SM 006007,Servicemembers,Closed,20150722,20160520
44,54382262,"Residential Credit Solutions, Inc.",10 MISC 442078,Servicemembers,Closed,20101026,20110420
45,54520187,"Residential Credit Solutions, Inc.",12 MISC 468730,Servicemembers,Closed,20120806,20130305
46,54738028,"Residential Credit Solutions, Inc.",10 MISC 442397,Servicemembers,Closed,20101103,20110420
47,55117621,"Residential Credit Solutions, Inc.",14H83SP03118FR,Housing Court Summary Process,Active,20140714,20140714
48,55723375,"Residential Credit Solutions, Inc.",16 SM 000023,Servicemembers,Open,20160104,20160104
49,55913089,"Residential Credit Solutions, Inc.",11 MISC 452024,Servicemembers,Closed,20110810,20120229
0,56058211,"Residential Credit Solutions, Inc.",16 SM 000149,Servicemembers,Open,20160106,20160106
1,56133846,"Residential Credit Solutions, Inc.",11 MISC 452471,Servicemembers,Closed,20110823,20111206
2,56138645,"Residential Credit Solutions, Inc.",11 MISC 452468,Servicemembers,Closed,20110823,20111128
3,56224010,"Residential Credit Solutions, Inc.",11 MISC 452654,Servicemembers,Closed,20110825,20111202
4,56281900,"Residential Credit Solutions, Inc.",11 MISC 452710,Servicemembers,Closed,20110826,20111205
5,56319409,"Residential Credit Solutions, Inc.",11 MISC 452804,Servicemembers,Closed,20110829,20111205
6,56346677,"Residential Credit Solutions, Inc.",11 MISC 452790,Servicemembers,Closed,20110829,20111206
7,56477057,"Residential Credit Solutions, Inc.",12 MISC 473397,Servicemembers,Closed,20121102,20130503
8,56752641,"Residential Credit Solutions, Inc.",11 MISC 454693,Servicemembers,Closed,20111014,20121001
9,56888362,"Residential Credit Solutions, Inc.",11 MISC 455790,Servicemembers,Closed,20111114,20120214
10,56970297,"Residential Credit Solutions, Inc.",11 MISC 455946,Servicemembers,Closed,20111116,20120307
11,57113721,"Residential Credit Solutions, Inc.",11 MISC 456105,Servicemembers,Closed,20111121,20120315
12,57134167,"Residential Credit Solutions, Inc.",11 MISC 455319,Servicemembers,Open,20111031,20111031
13,57461816,"Residential Credit Solutions, Inc.",11 MISC 456721,Servicemembers,Closed,20111208,20120326
14,57495488,"Residential Credit Solutions, Inc.",11 MISC 445961,Servicemembers,Closed,20110303,20110621
15,57530057,"Residential Credit Solutions, Inc.",11 MISC 446043,Servicemembers,Closed,20110304,20120313
16,57542304,"Residential Credit Solutions, Inc.",11 MISC 446035,Servicemembers,Closed,20110304,20110621
17,57549344,"Residential Credit Solutions, Inc.",11 MISC 446027,Servicemembers,Closed,20110304,20110621
18,58047471,"Residential Credit Solutions, Inc.",14 MISC 485698,Servicemembers,Closed,20140818,20141028
19,58404616,"Residential Credit Solutions, Inc.",12 MISC 470558,Servicemembers,Closed,20120906,20130319
20,58569174,"Residential Credit Solutions, Inc.",12 MISC 467216,Servicemembers,Closed,20120629,20130521
21,58569425,"Residential Credit Solutions, Inc.",12 MISC 467214,Servicemembers,Closed,20120629,20130117
22,58819375,"Residential Credit Solutions, Inc.",14 MISC 483939,Servicemembers,Closed,20140528,20140805
23,58841145,"Residential Credit Solutions, Inc.",12 MISC 465290,Servicemembers,Open,20120524,20120524
24,58979347,"Residential Credit Solutions, Inc.",12 MISC 464076,Servicemembers,Closed,20120504,20121012
25,59099257,"Residential Credit Solutions, Inc.",12 MISC 472365,Servicemembers,Closed,20121010,20130402
26,59107697,"Residential Credit Solutions, Inc.",16 SM 000213,Servicemembers,Closed,20160107,20160513
27,59148550,"Residential Credit Solutions, Inc.",13 MISC 478698,Servicemembers,Closed,20130723,20130910
28,59337000,"Residential Credit Solutions, Inc.",11 MISC 444349,Servicemembers,Closed,20110105,20110517
29,59400894,"Residential Credit Solutions, Inc.",11 MISC 445434,Servicemembers,Closed,20110216,20110601
30,59401004,"Residential Credit Solutions, Inc.",11 MISC 445442,Servicemembers,Closed,20110216,20110601
31,59401034,"Residential Credit Solutions, Inc.",11 MISC 445431,Servicemembers,Closed,20110216,20110601
32,59452583,"Residential Credit Solutions, Inc.",11 MISC 444568,Servicemembers,Closed,20110113,20111122
33,59692987,"Residential Credit Solutions, Inc.",09 MISC 397402,Servicemembers,Closed,20090327,20090929
34,59716704,"Residential Credit Solutions, Inc.",12H77SP000184,Housing Court Summary Process,Closed,20120117,20120127
35,59861305,"Residential Credit Solutions, Inc.",12 MISC 465949,Servicemembers,Closed,20120608,20130201
36,60217191,"Residential Credit Solutions, Inc.",10 MISC 431025,Servicemembers,Closed,20100601,20161118
37,60361453,"Residential Credit Solutions, Inc.",10 MISC 431882,Servicemembers,Closed,20100611,20101020
38,60479699,"Residential Credit Solutions, Inc.",09 MISC 406068,Servicemembers,Closed,20090713,20150211
39,60542459,"Residential Credit Solutions, Inc.",12 SBQ 05004 09 - 002,Subsequent,Closed,20120921,20130726
40,60621737,"Residential Credit Solutions, Inc.",09 MISC 393308,Servicemembers,Closed,20090205,20090721
41,60671513,"Residential Credit Solutions, Inc.",09 MISC 406716,Servicemembers,Closed,20090720,20100316
42,60685292,"Residential Credit Solutions, Inc.",11 MISC 446269,Servicemembers,Closed,20110311,20110803
43,60692663,"Residential Credit Solutions, Inc.",10 MISC 432761,Servicemembers,Closed,20100623,20101026
44,60693355,"Residential Credit Solutions, Inc.",11 MISC 446268,Servicemembers,Closed,20110311,20110802
45,60742945,"Residential Credit Solutions, Inc.",09 MISC 406814,Servicemembers,Closed,20090720,20091215
46,60854427,"Residential Credit Solutions, Inc.",11 MISC 447054,Servicemembers,Closed,20110405,20110816
47,61127515,"Residential Credit Solutions, Inc.",09 MISC 395705,Servicemembers,Closed,20090306,20150211
48,61177596,"Residential Credit Solutions, Inc.",11 MISC 449560,Servicemembers,Closed,20110623,20110926
49,61235109,"Residential Credit Solutions, Inc.",09 MISC 395186,Servicemembers,Closed,20090227,20090929
0,61274121,"Residential Credit Solutions, Inc.",12 MISC 469011,Servicemembers,Closed,20120810,20130225
1,61285721,"Residential Credit Solutions, Inc.",16 SM 001213,Servicemembers,Open,20160209,20160209
2,61365335,"Residential Credit Solutions, Inc.",10 MISC 424669,Servicemembers,Closed,20100312,20100629
3,61370076,"Residential Credit Solutions, Inc.",10 MISC 435133,Servicemembers,Closed,20100726,20101109
4,61476622,"Residential Credit Solutions, Inc.",09 MISC 395846,Servicemembers,Closed,20090309,20090916
5,61511153,"Residential Credit Solutions, Inc.",11 MISC 451489,Servicemembers,Closed,20110801,20111103
6,61538022,"Residential Credit Solutions, Inc.",11 MISC 451488,Servicemembers,Closed,20110801,20111117
7,61560297,"Residential Credit Solutions, Inc.",11 MISC 451562,Servicemembers,Closed,20110802,20111028
8,61669121,"Residential Credit Solutions, Inc.",12 MISC 460787,Servicemembers,Closed,20120309,20161118
9,61748062,"Residential Credit Solutions, Inc.",12 MISC 460776,Servicemembers,Closed,20120309,20120529
10,61776074,"Residential Credit Solutions, Inc.",15 SM 005850,Servicemembers,Open,20150717,20150717
11,61858908,"Residential Credit Solutions, Inc.",10 MISC 435627,Servicemembers,Closed,20100730,20101117
12,61900776,"Residential Credit Solutions, Inc.",12 MISC 465236,Servicemembers,Closed,20120523,20121126
13,61939486,"Residential Credit Solutions, Inc.",09 MISC 409454,Servicemembers,Closed,20090818,20100127
14,62045384,"Residential Credit Solutions, Inc.",09 MISC 410185,Servicemembers,Closed,20090827,20100127
15,62074783,"Residential Credit Solutions, Inc.",10 MISC 427422,Servicemembers,Closed,20100414,20161118
16,62090810,"Residential Credit Solutions, Inc.",12 MISC 462642,Servicemembers,Closed,20120410,20161118
17,62098450,"Residential Credit Solutions, Inc.",12 MISC 462665,Servicemembers,Closed,20120410,20120816
18,62111808,"Residential Credit Solutions, Inc.",07 MISC 367971,Servicemembers,Closed,20071228,20080520
19,62250624,"Residential Credit Solutions, Inc.",10 MISC 427018,Servicemembers,Closed,20100408,20100908
20,62343016,"Residential Credit Solutions, Inc.",08 MISC 369842,Servicemembers,Closed,20080115,20080610
21,62391229,"Residential Credit Solutions, Inc.",12 MISC 467301,Servicemembers,Closed,20120703,20130110
22,62403659,"Residential Credit Solutions, Inc.",09 MISC 400332,Servicemembers,Closed,20090507,20120604
23,62406703,"Residential Credit Solutions, Inc.",09 MISC 400218,Servicemembers,Closed,20090507,20091113
24,62423102,"Residential Credit Solutions, Inc.",16 SM 000550,Servicemembers,Open,20160119,20160119
25,62445276,"Residential Credit Solutions, Inc.",16 SM 000580,Servicemembers,Open,20160119,20160119
26,62467868,"Residential Credit Solutions, Inc.",12 MISC 467910,Servicemembers,Closed,20120719,20130118
27,62494030,"Residential Credit Solutions, Inc.",10 MISC 427982,Servicemembers,Closed,20100421,20100921
28,62547902,"Residential Credit Solutions, Inc.",07 MISC 356940,Servicemembers,Closed,20070904,20090122
29,62747221,"Residential Credit Solutions, Inc.",12 MISC 458350,Servicemembers,Closed,20120120,20120413
30,62755717,"Residential Credit Solutions, Inc.",14 MISC 485208,Servicemembers,Closed,20140730,20141015
31,62776613,"Residential Credit Solutions, Inc.",11 MISC 449096,Servicemembers,Closed,20110608,20110920
32,62862698,"Residential Credit Solutions, Inc.",14 MISC 482655,Servicemembers,Closed,20140402,20140530
33,63031995,"Residential Credit Solutions, Inc.",09 MISC 396110,Servicemembers,Closed,20090311,20111115
34,63326235,"Residential Credit Solutions, Inc.",10 MISC 442618,Servicemembers,Closed,20101108,20110706
35,70853003,"Residential Credit Solutions, Inc.",12 MISC 459219,Servicemembers,Closed,20120208,20120518
36,75838825,"Residential Credit Solutions, Inc.",10 MISC 429087,Servicemembers,Closed,20100505,20100928
37,75922824,"Residential Credit Solutions, Inc.",10 MISC 439726,Servicemembers,Closed,20100915,20161118
38,76128316,"Residential Credit Solutions, Inc.",09 MISC 399849,Servicemembers,Closed,20090504,20150211
39,76269288,"Residential Credit Solutions, Inc.",12 MISC 464402,Servicemembers,Closed,20120510,20121017
40,76827889,"Residential Credit Solutions, Inc.",08 MISC 372467,Servicemembers,Closed,20080211,20090303
41,76860214,"Residential Credit Solutions, Inc.",10 MISC 440944,Servicemembers,Closed,20100929,20161118
42,76869701,"Residential Credit Solutions, Inc.",10 MISC 430176,Servicemembers,Closed,20100519,20161118
43,76915408,"Residential Credit Solutions, Inc.",10 MISC 441537,Servicemembers,Closed,20101012,20110412
44,76915905,"Residential Credit Solutions, Inc.",10 MISC 441502,Servicemembers,Closed,20101012,20110412
45,76921136,"Residential Credit Solutions, Inc.",10 MISC 441538,Servicemembers,Closed,20101012,20110412
46,76921812,"Residential Credit Solutions, Inc.",10 MISC 441501,Servicemembers,Closed,20101012,20110412
47,76928955,"Residential Credit Solutions, Inc.",08 MISC 390660,Servicemembers,Closed,20081224,20090623
48,76969014,"Residential Credit Solutions, Inc.",10 MISC 441876,Servicemembers,Closed,20101020,20110420
49,78163224,"Residential Credit Solutions, Inc.",10 MISC 439858,Servicemembers,Closed,20100916,20161118
0,78187586,"Residential Credit Solutions, Inc.",08 MISC 374021,Servicemembers,Closed,20080227,20150211
1,78226277,"Residential Credit Solutions, Inc.",10 MISC 429567,Servicemembers,Closed,20100512,20101005
2,78236412,"Residential Credit Solutions, Inc.",10 MISC 440201,Servicemembers,Closed,20100920,20110329
3,78286344,"Residential Credit Solutions, Inc.",10 MISC 440307,Servicemembers,Closed,20100921,20110329
4,78319286,"Residential Credit Solutions, Inc.",10 MISC 440384,Servicemembers,Closed,20100922,20120529
5,78358834,"Residential Credit Solutions, Inc.",10 MISC 440568,Servicemembers,Closed,20100923,20110920
6,78391279,"Residential Credit Solutions, Inc.",10 MISC 440849,Servicemembers,Closed,20100928,20110809
7,78415309,"Residential Credit Solutions, Inc.",09 MISC 404184,Servicemembers,Closed,20090622,20091124
8,1370712,"Complete Credit Solutions, Inc.",1434SC000069,Small Claims,Disposed (Statistical Purposes),20140123,20140604
9,1811329,"Complete Credit Solutions, Inc.",1459SC000088,Small Claims,Disposed (Statistical Purposes),20140124,20140313
10,1813262,"Complete Credit Solutions, Inc.",1459SC000089,Small Claims,Disposed (Statistical Purposes),20140124,20140313
11,2324239,"Complete Credit Solutions, Inc.",1218SC001334,Small Claims,Disposed (Statistical Purposes),20120726,20130523
12,2472470,"Complete Credit Solutions, Inc.",1468SC000104,Small Claims,Disposed (Statistical Purposes),20140310,20140616
13,4595455,"Complete Credit Solutions, Inc.",1460SC000126,Small Claims,Disposed (Statistical Purposes),20140123,20140417
14,6552426,"Complete Credit Solutions, Inc.",1413SC000139,Small Claims,Pending,20140127,20140127
15,6552936,"Complete Credit Solutions, Inc.",1413SC000140,Small Claims,Disposed (Statistical Purposes),20140127,20140327
16,8204169,"Complete Credit Solutions, Inc.",1113SP000250,Supplementary Process,Disposed (Statistical Purposes),20110324,20110526
17,8297801,"Complete Credit Solutions, Inc.",1060CV000487,Civil,Disposed (Statistical Purposes),20100524,20100714
18,12150170,"Complete Credit Solutions, Inc.",1417SC000032,Small Claims,Disposed (Statistical Purposes),20140123,20140408
19,14223156,"Complete Credit Solutions, Inc.",1412SC000027,Small Claims,Disposed (Statistical Purposes),20140123,20140813
20,18132059,"Complete Credit Solutions, Inc.",1402SC000054,Small Claims,Disposed (Statistical Purposes),20140127,20140521
21,18143967,"Complete Credit Solutions, Inc.",1402SC000056,Small Claims,Disposed (Statistical Purposes),20140127,20140501
22,22844621,"Complete Credit Solutions, Inc.",0834CV000174,Civil,Disposed (Statistical Purposes),20080219,20080407
23,24781631,"Complete Credit Solutions, Inc.",0820CV000211,Civil,Disposed (Statistical Purposes),20080319,20080429
24,27173708,"Complete Credit Solutions, Inc.",0832CV000530,Civil,Disposed (Statistical Purposes),20080321,20080508
25,27529543,"Complete Credit Solutions, Inc.",0889CV000264,Civil,Disposed (Statistical Purposes),20080331,20080930
26,29561766,"Complete Credit Solutions, Inc.",0761CV000280,Civil,Disposed (Statistical Purposes),20070618,20080117
27,31491096,"Complete Credit Solutions, Inc.",1566CV000181,Civil,Pending,20150713,20150713
28,35594791,"Complete Credit Solutions, Inc.",0736CV000129,Civil,Disposed (Statistical Purposes),20070125,20070313
29,40815318,"Complete Credit Solutions, Inc.",0844CV000243,Civil,Disposed (Statistical Purposes),20080414,20080606
30,53247416,"Complete Credit Solutions, Inc.",1462SC000162,Small Claims,Disposed (Statistical Purposes),20140123,20140924
31,53656570,"Complete Credit Solutions, Inc.",1032SP000003,Supplementary Process,Disposed (Statistical Purposes),20100105,20100315
32,58467408,"Complete Credit Solutions, Inc.",1450SC000132,Small Claims,Disposed (Statistical Purposes),20140123,20140415
33,59980814,"Complete Credit Solutions, Inc.",0813SP000960,Supplementary Process,Disposed (Statistical Purposes),20081104,20090202
34,60883916,"Complete Credit Solutions, Inc.",0823CV000150,Civil,Disposed (Statistical Purposes),20080116,20080318
35,61693531,"Complete Credit Solutions, Inc.",0823CV001230,Civil,Disposed (Statistical Purposes),20080414,20080604
36,62324671,"Complete Credit Solutions, Inc.",0811CV001521,Civil,Disposed (Statistical Purposes),20080428,20090123
37,74968010,"Complete Credit Solutions, Inc.",0801CV001356,Civil,Closed,20080324,20080515
38,74996306,"Complete Credit Solutions, Inc.",0801CV001360,Civil,Closed,20080324,20080324
39,60204271,Residential Credit Solutions Inc.,09 MISC 418138,Servicemembers,Closed,20091209,20100330
40,1937324,Franklin Credit Solutions Vintage Ii Llc,1032SP000588,Supplementary Process,Disposed (Statistical Purposes),20100709,20100927
41,1937609,Franklin Credit Solutions Vintage Ii Llc,1032SP000589,Supplementary Process,Disposed (Statistical Purposes),20100709,20100927
42,4452384,Franklin Credit Solutions Vintage Ii Llc,1009CV000033,Civil,Disposed (Statistical Purposes),20100223,20100804
43,4888756,Franklin Credit Solutions Vintage Ii Llc,1009SC000106,Small Claims,Disposed (Statistical Purposes),20100427,20110916
44,4974961,Franklin Credit Solutions Vintage Ii Llc,1009SC000152,Small Claims,Disposed (Statistical Purposes),20100608,20110314
45,6469122,Franklin Credit Solutions Vintage Ii Llc,1045SP000140,Supplementary Process,Disposed (Statistical Purposes),20100706,20100827
46,7215450,Franklin Credit Solutions Vintage Ii Llc,1042SP000118,Supplementary Process,Disposed (Statistical Purposes),20101004,20101004
47,7896370,Franklin Credit Solutions Vintage Ii Llc,1265CV000127,Civil,Disposed (Statistical Purposes),20120423,20121204
48,9160450,Franklin Credit Solutions Vintage Ii Llc,1064SP000494,Supplementary Process,Disposed (Statistical Purposes),20101012,20110203
49,9462793,Franklin Credit Solutions Vintage Ii Llc,1068SP000159,Supplementary Process,Disposed (Statistical Purposes),20100714,20100927
0,9761462,Franklin Credit Solutions Vintage Ii Llc,1027SP000167,Supplementary Process,Disposed (Statistical Purposes),20100714,20100908
1,10851010,Franklin Credit Solutions Vintage Ii Llc,1352SP000220,Supplementary Process,Disposed (Statistical Purposes),20131028,20131210
2,11328010,Franklin Credit Solutions Vintage Ii Llc,1241SP000061,Supplementary Process,Disposed (Statistical Purposes),20120402,20131125
3,11411275,Franklin Credit Solutions Vintage Ii Llc,1016SP000198,Supplementary Process,Disposed (Statistical Purposes),20100721,20101021
4,11503172,Franklin Credit Solutions Vintage Ii Llc,1009SP000096,Supplementary Process,Disposed (Statistical Purposes),20101112,20101224
5,11617784,Franklin Credit Solutions Vintage Ii Llc,1241SP000115,Supplementary Process,Disposed (Statistical Purposes),20120625,20121005
6,11777478,Franklin Credit Solutions Vintage Ii Llc,1234SP000007,Supplementary Process,Disposed (Statistical Purposes),20120109,20121015
7,11881933,Franklin Credit Solutions Vintage Ii Llc,1018SP000658,Supplementary Process,Disposed (Statistical Purposes),20100607,20101130
8,11885175,Franklin Credit Solutions Vintage Ii Llc,1018SP000673,Supplementary Process,Disposed (Statistical Purposes),20100607,20101202
9,12340045,Franklin Credit Solutions Vintage Ii Llc,1234CV000767,Civil,Disposed (Statistical Purposes),20121029,20130726
10,12888735,Franklin Credit Solutions Vintage Ii Llc,1059SP000878,Supplementary Process,Disposed (Statistical Purposes),20101013,20101217
11,13362696,Franklin Credit Solutions Vintage Ii Llc,1067SC000568,Small Claims,Disposed (Statistical Purposes),20100607,20100924
12,13432098,Franklin Credit Solutions Vintage Ii Llc,1065SP000218,Supplementary Process,Disposed (Statistical Purposes),20100809,20110203
13,14511036,Franklin Credit Solutions Vintage Ii Llc,1127SP000184,Supplementary Process,Disposed (Statistical Purposes),20110620,20111026
14,15912292,Franklin Credit Solutions Vintage Ii Llc,1012CV000311,Civil,Disposed (Statistical Purposes),20100623,20110523
15,16574088,Franklin Credit Solutions Vintage Ii Llc,1061SP000306,Supplementary Process,Disposed (Statistical Purposes),20101004,20101110
16,16605489,Franklin Credit Solutions Vintage Ii Llc,1010SP000415,Supplementary Process,Disposed (Statistical Purposes),20100713,20101221
17,17715055,Franklin Credit Solutions Vintage Ii Llc,1189SC001216,Small Claims,Disposed (Statistical Purposes),20111107,20120125
18,21222312,Franklin Credit Solutions Vintage Ii Llc,0907CV001509,Civil,Disposed (Statistical Purposes),20091123,20100303
19,21222572,Franklin Credit Solutions Vintage Ii Llc,0907CV001518,Civil,Disposed (Statistical Purposes),20091123,20100222
20,21499893,Franklin Credit Solutions Vintage Ii Llc,0934CV001628,Civil,Disposed (Statistical Purposes),20091123,20100611
21,21500961,Franklin Credit Solutions Vintage Ii Llc,0934CV001629,Civil,Disposed (Statistical Purposes),20091123,20100825
22,22233378,Franklin Credit Solutions Vintage Ii Llc,0915CV003485,Civil,Disposed (Statistical Purposes),20091123,20100121
23,22235468,Franklin Credit Solutions Vintage Ii Llc,0915CV003486,Civil,Disposed (Statistical Purposes),20091123,20101208
24,22431220,Franklin Credit Solutions Vintage Ii Llc,0909CV000336,Civil,Disposed (Statistical Purposes),20091201,20100323
25,22432545,Franklin Credit Solutions Vintage Ii Llc,0909CV000335,Civil,Disposed (Statistical Purposes),20091201,20100205
26,22620351,Franklin Credit Solutions Vintage Ii Llc,0952CV001422,Civil,Disposed (Statistical Purposes),20091124,20100126
27,23158909,Franklin Credit Solutions Vintage Ii Llc,0920CV000827,Civil,Disposed (Statistical Purposes),20091123,20100126
28,23375179,Franklin Credit Solutions Vintage Ii Llc,0968CV000605,Civil,Disposed (Statistical Purposes),20091221,20100218
29,24098349,Franklin Credit Solutions Vintage Ii Llc,0964CV001168,Civil,Disposed (Statistical Purposes),20091123,20100217
30,24809472,Franklin Credit Solutions Vintage Ii Llc,0932CV002373,Civil,Disposed (Statistical Purposes),20091124,20100210
31,24811396,Franklin Credit Solutions Vintage Ii Llc,0932CV002376,Civil,Disposed (Statistical Purposes),20091124,20100202
32,24813826,Franklin Credit Solutions Vintage Ii Llc,0932CV002375,Civil,Disposed (Statistical Purposes),20091124,20100202
33,25969788,Franklin Credit Solutions Vintage Ii Llc,0941CV000570,Civil,Disposed (Statistical Purposes),20091123,20100304
34,25971920,Franklin Credit Solutions Vintage Ii Llc,0941CV000571,Civil,Disposed (Statistical Purposes),20091123,20100128
35,26990338,Franklin Credit Solutions Vintage Ii Llc,0918CV002407,Civil,Disposed (Statistical Purposes),20091123,20100611
36,27006752,Franklin Credit Solutions Vintage Ii Llc,0918CV002406,Civil,Disposed (Statistical Purposes),20091123,20100210
37,27012933,Franklin Credit Solutions Vintage Ii Llc,0918CV002405,Civil,Disposed (Statistical Purposes),20091123,20100210
38,27387439,Franklin Credit Solutions Vintage Ii Llc,0961CV000810,Civil,Disposed (Statistical Purposes),20091123,20100201
39,29512055,Franklin Credit Solutions Vintage Ii Llc,0950CV002356,Civil,Disposed (Statistical Purposes),20091123,20100126
40,29513082,Franklin Credit Solutions Vintage Ii Llc,0950CV002357,Civil,Disposed (Statistical Purposes),20091123,20100126
41,30668939,Franklin Credit Solutions Vintage Ii Llc,0912CV000645,Civil,Disposed (Statistical Purposes),20091127,20100209
42,30671110,Franklin Credit Solutions Vintage Ii Llc,0912CV000644,Civil,Disposed (Statistical Purposes),20091127,20110124
43,31121298,Franklin Credit Solutions Vintage Ii Llc,0928CV000393,Civil,Disposed (Statistical Purposes),20091123,20100623
44,31194320,Franklin Credit Solutions Vintage Ii Llc,0942CV000357,Civil,Disposed (Statistical Purposes),20091123,20100208
45,32261190,Franklin Credit Solutions Vintage Ii Llc,0927CV000864,Civil,Disposed (Statistical Purposes),20091124,20100210
46,33400703,Franklin Credit Solutions Vintage Ii Llc,0936CV001878,Civil,Disposed (Statistical Purposes),20091123,20100113
47,34068534,Franklin Credit Solutions Vintage Ii Llc,0910CV001387,Civil,Disposed (Statistical Purposes),20091123,20100217
48,34401330,Franklin Credit Solutions Vintage Ii Llc,0923CV003378,Civil,Disposed (Statistical Purposes),20091124,20100209
49,35145430,Franklin Credit Solutions Vintage Ii Llc,0931CV002097,Civil,Disposed (Statistical Purposes),20091123,20100426
0,35440980,Franklin Credit Solutions Vintage Ii Llc,0965CV000733,Civil,Disposed (Statistical Purposes),20091123,20100324
1,47228745,Franklin Credit Solutions Vintage Ii Llc,0915CV003749,Civil,Disposed (Statistical Purposes),20091222,20100222
2,47260688,Franklin Credit Solutions Vintage Ii Llc,0925CV002159,Civil,Disposed (Statistical Purposes),20091222,20100506
3,47367392,Franklin Credit Solutions Vintage Ii Llc,0935CV000194,Civil,Disposed (Statistical Purposes),20091123,20100209
4,47549114,Franklin Credit Solutions Vintage Ii Llc,0968CV000562,Civil,Disposed (Statistical Purposes),20091124,20100427
5,50447087,Franklin Credit Solutions Vintage Ii Llc,1056SP000998,Supplementary Process,Disposed (Statistical Purposes),20100702,20100913
6,54475653,Franklin Credit Solutions Vintage Ii Llc,1050SP000813,Supplementary Process,Disposed (Statistical Purposes),20100819,20101001
7,54559269,Franklin Credit Solutions Vintage Ii Llc,0956CV003699,Civil,Disposed (Statistical Purposes),20091123,20100201
8,54570169,Franklin Credit Solutions Vintage Ii Llc,0956CV003700,Civil,Disposed (Statistical Purposes),20091123,20100201
9,57604996,Franklin Credit Solutions Vintage Ii Llc,1056CV000327,Civil,Disposed (Statistical Purposes),20100208,20100406
10,1958038,"Complete Credit Solutions, Inc",1457SC000078,Small Claims,Disposed (Statistical Purposes),20140123,20140619
11,8639310,"Complete Credit Solutions, Inc",1466SC000036,Small Claims,Disposed (Statistical Purposes),20140123,20140502
12,10282151,"Complete Credit Solutions, Inc",1458SC000069,Small Claims,Disposed (Statistical Purposes),20140124,20140502
13,10284100,"Complete Credit Solutions, Inc",1458SC000070,Small Claims,Disposed (Statistical Purposes),20140124,20140502
14,17033868,"Complete Credit Solutions, Inc",1455SP000087,Supplementary Process,Disposed (Statistical Purposes),20140617,20140930
15,26666162,"Complete Credit Solutions, Inc",0716CV000037,Civil,Disposed (Statistical Purposes),20070117,20070330
16,31007928,"Complete Credit Solutions, Inc",0813CV000569,Civil,Disposed (Statistical Purposes),20080324,20080619
17,38003815,"Complete Credit Solutions, Inc",0865CV000147,Civil,Disposed (Statistical Purposes),20080312,20080528
18,40481159,"Complete Credit Solutions, Inc",0853CV000479,Civil,Disposed (Statistical Purposes),20080324,20080520
19,46773653,"Complete Credit Solutions, Inc",0813CV000856,Civil,Disposed (Statistical Purposes),20080505,20090105
20,52187182,"Complete Credit Solutions, Inc",0823CV000993,Civil,Disposed (Statistical Purposes),20080325,20080430
21,62368556,"Complete Credit Solutions, Inc",0853SC000464,Small Claims,Disposed (Statistical Purposes),20080331,20080514
22,2223882,Complete Credit Solutions Inc.,1160SP000192,Supplementary Process,Disposed (Statistical Purposes),20110328,20111027
23,6110575,Complete Credit Solutions Inc.,1325SC001592,Small Claims,Disposed (Statistical Purposes),20131231,20140508
24,8300028,Complete Credit Solutions Inc.,1060CV000488,Civil,Disposed (Statistical Purposes),20100524,20100714
25,8301649,Complete Credit Solutions Inc.,1060CV000489,Civil,Disposed (Statistical Purposes),20100524,20101224
26,9810616,Complete Credit Solutions Inc.,1036CV000825,Civil,Disposed (Statistical Purposes),20100524,20100827
27,9918581,Complete Credit Solutions Inc.,1364SP000170,Supplementary Process,Disposed (Statistical Purposes),20130715,20130827
28,11803396,Complete Credit Solutions Inc.,1133SP000206,Supplementary Process,Disposed (Statistical Purposes),20110321,20110701
29,14246004,Complete Credit Solutions Inc.,1013CV001000,Civil,Disposed (Statistical Purposes),20100524,20100730
30,15494652,Complete Credit Solutions Inc.,1033CV000867,Civil,Disposed (Statistical Purposes),20100524,20100721
31,15955663,Complete Credit Solutions Inc.,1225CV000227,Civil,Disposed (Statistical Purposes),20120305,20120606
32,16523282,Complete Credit Solutions Inc.,1089CV000475,Civil,Disposed (Statistical Purposes),20100524,20101001
33,16960059,Complete Credit Solutions Inc.,1332SP000485,Supplementary Process,Pending,20131223,20131223
34,17387944,Complete Credit Solutions Inc.,1059CV000907,Civil,Disposed (Statistical Purposes),20100524,20100714
35,22992628,Complete Credit Solutions Inc.,1515SP000100,Supplementary Process,Disposed (Statistical Purposes),20150318,20150730
36,30537504,Complete Credit Solutions Inc.,1513SC000123,Small Claims,Disposed (Statistical Purposes),20150123,20150309
37,30950092,Complete Credit Solutions Inc.,1613SP000068,Supplementary Process,Pending,20160307,20160307
38,31880529,Complete Credit Solutions Inc.,0716SP000117,Supplementary Process,Disposed (Statistical Purposes),20070713,20070911
39,46535974,Complete Credit Solutions Inc.,0736SP000225,Supplementary Process,Disposed (Statistical Purposes),20070530,20070822
40,46893920,Complete Credit Solutions Inc.,0836CV000558,Civil,Disposed (Statistical Purposes),20080422,20080626
41,48188586,Complete Credit Solutions Inc.,1531SC000065,Small Claims,Disposed (Statistical Purposes),20150121,20150306
42,63667998,Complete Credit Solutions Inc.,1056CV001536,Civil,Disposed (Statistical Purposes),20100524,20101022
43,64404600,Complete Credit Solutions Inc.,1359SC000502,Small Claims,Disposed (Statistical Purposes),20130408,20130627
44,70878284,Complete Credit Solutions Inc.,1360SC000453,Small Claims,Disposed (Statistical Purposes),20130408,20130701
45,2685327,LVNV Funding LLC as assignee of Credit One Financial Solutions,1233CV000347,Civil,Disposed (Statistical Purposes),20120402,20120629
46,75455953,LVNV Funding LLC as assignee of Credit One Financial Solutions,1310CV000104,Civil,Disposed (Statistical Purposes),20130215,20130430
47,3068923,"Franklin Credit Solutions Vintage II, LLC",1070SP000118,Supplementary Process,Disposed (Statistical Purposes),20101013,20101227
48,4178497,"Franklin Credit Solutions Vintage II, LLC",1348SP000141,Supplementary Process,Disposed (Statistical Purposes),20131007,20140320
49,4685011,"Franklin Credit Solutions Vintage II, LLC",1031SC000518,Small Claims,Disposed (Statistical Purposes),20100421,20100629
0,5204742,"Franklin Credit Solutions Vintage II, LLC",1125CV000089,Civil,Disposed (Statistical Purposes),20110119,20110715
1,9681413,"Franklin Credit Solutions Vintage II, LLC",1035SP000043,Supplementary Process,Disposed (Statistical Purposes),20101005,20130607
2,11369968,"Franklin Credit Solutions Vintage II, LLC",1018CV000734,Civil,Disposed (Statistical Purposes),20100420,20100616
3,11712794,"Franklin Credit Solutions Vintage II, LLC",1052SP000273,Supplementary Process,Disposed (Statistical Purposes),20100712,20100910
4,12010123,"Franklin Credit Solutions Vintage II, LLC",1031SP000584,Supplementary Process,Disposed (Statistical Purposes),20101012,20101109
5,22631808,"Franklin Credit Solutions Vintage II, LLC",1548SP000084,Supplementary Process,Disposed (Statistical Purposes),20150428,20150827
6,25370326,"Franklin Credit Solutions Vintage II, LLC",0916CV000794,Civil,Disposed (Statistical Purposes),20091123,20100203
7,25372171,"Franklin Credit Solutions Vintage II, LLC",0916CV000793,Civil,Disposed (Statistical Purposes),20091123,20100203
8,31017616,"Franklin Credit Solutions Vintage II, LLC",0945CV000636,Civil,Disposed (Statistical Purposes),20091124,20100126
9,33405478,"Franklin Credit Solutions Vintage II, LLC",0936CV001877,Civil,Disposed (Statistical Purposes),20091123,20100202
10,36006644,"Franklin Credit Solutions Vintage II, LLC",1656SP000091,Supplementary Process,Pending,20160401,20160401
11,37029966,"Franklin Credit Solutions Vintage II, LLC",0962CV003812,Civil,Disposed (Statistical Purposes),20091124,20100127
12,51267842,"Franklin Credit Solutions Vintage II, LLC",1062SP000769,Supplementary Process,Disposed (Statistical Purposes),20100707,20100930
13,51721672,"Franklin Credit Solutions Vintage II, LLC",0906CV001341,Civil,Disposed (Statistical Purposes),20091123,20100219
14,55019029,"Franklin Credit Solutions Vintage II, LLC",1007SP001129,Supplementary Process,Disposed (Statistical Purposes),20101208,20111013
15,59950731,"Franklin Credit Solutions Vintage II, LLC",1150SP000645,Supplementary Process,Disposed (Statistical Purposes),20110820,20111004
16,4700711,Residential Credit Solutions,1214SU000372,Summary Process,Disposed (Statistical Purposes),20120702,20120713
17,54667136,Residential Credit Solutions,12 MISC 470903,Servicemembers,Closed,20120912,20130318
18,58682857,Residential Credit Solutions,08 MISC 371425,Servicemembers,Closed,20080131,20150211
19,75969472,Residential Credit Solutions,09 MISC 401666,Servicemembers,Closed,20090526,20150211
20,78129677,Residential Credit Solutions,10 MISC 435987,Servicemembers,Closed,20100805,20101123
21,5683855,"Complete Credit Solutions, Inc. as Assignee of Plains Commerce Bank",1464SC000083,Small Claims,Disposed (Statistical Purposes),20140123,20140305
22,7371421,"Franklin Credit Solutions Vintage Ii, L L C",1026SP000208,Supplementary Process,Disposed (Statistical Purposes),20100714,20100826
23,8796921,"Franklin Credit Solutions Vintage, Ii, Llc",1015SP000814,Supplementary Process,Disposed (Statistical Purposes),20100712,20100831
24,9223747,LVNV Funding LLC assignee of Credit One Financial Solutions,1245CV000063,Civil,Disposed (Statistical Purposes),20120227,20120402
25,10404674,LVNV Funding LLC assignee of Credit One Financial Solutions,1166CV000031,Civil,Disposed (Statistical Purposes),20110119,20110224
26,9645848,"Fv Reo I, Llc. C/O Residential Credit Solutions, I",1150SU000287,Summary Process,Disposed (Statistical Purposes),20110509,20110520
27,10708662,LVNV Funding LLC assignee of Credit One Financial Solutions/Credit One Financial Solutions,1133SP000707,Supplementary Process,Disposed (Statistical Purposes),20111123,20120210
28,11028170,"Complete Credit Solutions, Inc.as Assignee of Plains Commerce Bank",1415SC000174,Small Claims,Disposed (Statistical Purposes),20140124,20140403
29,11029014,"Complete Credit Solutions, Inc. as Assingee of Plains commerce Bank",1415SC000175,Small Claims,Disposed (Statistical Purposes),20140124,20140403
30,11429326,"Franklin Credit Solutions Vintage Ii,Llc",1132CV000963,Civil,Disposed (Statistical Purposes),20110829,20120130
31,11873804,Complete Credit Solutions Inc,1010CV000568,Civil,Disposed (Statistical Purposes),20100524,20100714
32,13933981,Complete Credit Solutions Inc,1350SP000334,Supplementary Process,Disposed (Statistical Purposes),20130716,20130829
33,15793700,Complete Credit Solutions Inc,1164SP000105,Supplementary Process,Disposed (Statistical Purposes),20110328,20110523
34,16994688,Complete Credit Solutions Inc,1055CV000434,Civil,Disposed (Statistical Purposes),20100524,20100713
35,18001665,Complete Credit Solutions Inc,1064CV000521,Civil,Disposed (Statistical Purposes),20100524,20100811
36,19710139,Complete Credit Solutions Inc,1285CV00993,Contract / Business Cases,Open,20120517,20121231
37,37482291,Complete Credit Solutions Inc,0855CV000227,Civil,Disposed (Statistical Purposes),20080319,20080710
38,46919174,Complete Credit Solutions Inc,0842CV000087,Civil,Disposed (Statistical Purposes),20080324,20080609
39,55220141,Complete Credit Solutions Inc,1356SP000612,Supplementary Process,Disposed (Statistical Purposes),20130913,20140212
40,15320413,"Residential Credit Solutions, Inc",14H83SP01832FR,Housing Court Summary Process,Active,20140428,20140428
41,15493104,"Residential Credit Solutions, Inc",13 MISC 477756,Servicemembers,Closed,20130429,20130619
42,57843943,"Residential Credit Solutions, Inc",14 MISC 488224,Servicemembers,Closed,20141119,20151201
43,60561728,"Residential Credit Solutions, Inc",12 MISC 471963,Servicemembers,Closed,20121003,20161118
44,62404237,"Residential Credit Solutions, Inc",12 MISC 467343,Servicemembers,Closed,20120703,20130110
45,76166676,"Residential Credit Solutions, Inc",12 MISC 462454,Servicemembers,Closed,20120406,20161118
46,76862085,"Residential Credit Solutions, Inc",10 MISC 428348,Servicemembers,Closed,20100426,20100921
47,76943009,"Residential Credit Solutions, Inc",10 MISC 439327,Servicemembers,Closed,20100909,20110426
48,16981936,"Complete Credit Solutions,Inc. as assignee of Plains Commerce Bank",1420SC000066,Small Claims,Disposed (Statistical Purposes),20140124,20140611
49,17277857,"Franklin Credit Solutions, Vintage Ii Llc",1055SC000398,Small Claims,Disposed (Statistical Purposes),20100607,20100802
0,17844400,"Complete Credit Solutions, Inc as assignee",1272CV00376,Contract / Business Cases,Closed,20120618,20120921
1,51628522,Residential Credit Solutions Inc,10 MISC 441289,Servicemembers,Open,20101005,20101005
2,78226929,Residential Credit Solutions Inc,10 MISC 440175,Servicemembers,Closed,20100920,20110329
3,78228606,Residential Credit Solutions Inc,10 MISC 440172,Servicemembers,Closed,20100920,20110517
4,18815318,"Complete Credit Solutions, Inc as assignee of Plains Commerce Bank",1406SC000197,Small Claims,Disposed (Statistical Purposes),20140211,20140815
5,19407292,"COMPLETE CREDIT SOLUTIONS, INC AS",1407SC000100,Small Claims,Disposed (Statistical Purposes),20140128,20140527
6,20107187,"Complete Credit Solutions,Inc",0807CV000680,Civil,Disposed (Statistical Purposes),20080429,20090428
7,21904034,"Franklin Credit Solutions Vintage 11, Llc",0925CV001978,Civil,Disposed (Statistical Purposes),20091123,20100330
8,21906708,Franklin Credit Solutions Vintage 11 Llc,0925CV001979,Civil,Disposed (Statistical Purposes),20091123,20100330
9,45986460,Credit Solutions,0610SP000265,Supplementary Process,Disposed (Statistical Purposes),20060619,20061116
10,22954353,"Phoenix Credit Solutions, Llc",0514CV000672,Civil,Disposed (Statistical Purposes),20050804,20050921
11,35622413,"Phoenix Credit Solutions, Llc",0633SP000649,Supplementary Process,Disposed (Statistical Purposes),20061220,20070202
12,46368881,"Phoenix Credit Solutions, Llc",0714SP000443,Supplementary Process,Disposed (Statistical Purposes),20071018,20071211
13,56839160,"Phoenix Credit Solutions, Llc",0533CV001014,Civil,Disposed (Statistical Purposes),20050803,20050909
14,23298650,Complete Credit Solutions Inc./As Assignee For Cit,0820SP000134,Supplementary Process,Disposed (Statistical Purposes),20080519,20080813
15,26630948,"Credit Solutions, L.L.C.",0611CV000324,Civil,Disposed (Statistical Purposes),20060209,20070130
16,32924380,"Credit Solutions, L.L.C.",0712SP000040,Supplementary Process,Disposed (Statistical Purposes),20070316,20071011
17,27975590,"Security Credit Services, LLC assignee of Absolute Resolutions Corp.",1518SC000958,Small Claims,Disposed (Statistical Purposes),20150427,20150805
18,30405504,"Complete Credit Solutions, Inc. Assignee Of Dillar",0861CV000181,Civil,Disposed (Statistical Purposes),20080319,20080509
19,30749832,"Complete Credit Solutions, Inc..",0813CV000176,Civil,Disposed (Statistical Purposes),20080125,20080515
20,31281774,"LVNV Funding LLC assignee of Credit One Financial Solutions, LLC",1545CV000122,Civil,Disposed (Statistical Purposes),20150625,20150828
21,31365495,Franklin Credit Solutions Vintage Ii L L C,0926CV000689,Civil,Disposed (Statistical Purposes),20091123,20100723
22,31384910,Franklin Credit Solutions Vintage Ii L L C,0926CV000691,Civil,Disposed (Statistical Purposes),20091123,20100723
23,31373943,Franklin Credit Solutions Vntage Ii L L C,0926CV000690,Civil,Disposed (Statistical Purposes),20091123,20100210
24,31402418,"Complete Credit Solutions, Inc Assignee Of Circuit",0850CV000543,Civil,Disposed (Statistical Purposes),20080312,20080429
25,31490710,"Complete Credit Solutions, Inc Assignee Of Circuit",0850CV000569,Civil,Disposed (Statistical Purposes),20080317,20080429
26,33421781,"Franklin Credit Solutions Vintage, Ii Llc",0936CV001879,Civil,Disposed (Statistical Purposes),20091127,20100202
27,35982979,"Credit Solutions, L.L.C. Assignee Of First North A",0610CV000087,Civil,Disposed (Statistical Purposes),20060201,20060420
28,38627565,"Residential Credit Solutions, Inc. (Subst.Pltf)",09 MISC 415871,Servicemembers,Closed,20091106,20150211
29,58238169,"Residential Credit Solutions, Inc. (Subst.Pltf)",12 MISC 464606,Servicemembers,Closed,20120514,20130225
30,76965306,"Residential Credit Solutions, Inc. (Subst.Pltf)",09 MISC 413523,Servicemembers,Closed,20091006,20111101
31,77047863,"Residential Credit Solutions, Inc. (Subst.Pltf)",09 MISC 415992,Servicemembers,Closed,20091109,20130104
32,42031193,Complete Credit Solutions Inc As Assignee For Circ,0955SP000239,Supplementary Process,Disposed (Statistical Purposes),20090608,20091015
33,42332456,"Complete Credit Solutions Inc,Assignee Circuit Cit",0865SP000224,Supplementary Process,Pending,20081002,20081002
34,42534996,"Residential Credit Solutions REO 1, LLC",09H77SP000243,Housing Court Summary Process,Closed,20090120,20090129
35,49673096,"Residentail Credit Solutions, Inc.",11 MISC 450372,Servicemembers,Closed,20110712,20111006
36,63342610,"Residentail Credit Solutions, Inc.",11 MISC 456846,Servicemembers,Closed,20111212,20120418
37,50901919,"Residential Credit Solutions, Inc (Subst.Pltf)",12 MISC 463423,Servicemembers,Closed,20120424,20130322
38,76981299,"Residential Credit Solutions, Inc (Subst.Pltf)",09 MISC 413538,Servicemembers,Closed,20091006,20121106
39,51050791,"Complete Credit Solutions, Inc. Assignee Of Circut",0833CV000445,Civil,Disposed (Statistical Purposes),20080306,20080528
40,57667312,"Complete Credit Solutions, Inc. Assignee Of Circut",0833SP000809,Supplementary Process,Disposed (Statistical Purposes),20081027,20090318
41,52196210,"Complete Credit Solutions Inc.,",0823CV001062,Civil,Disposed (Statistical Purposes),20080331,20080605
42,53380390,Amtrust Red I LLC C/O Residential Credit Solutions C/O Harmon Law Office,11H85SP004752,Housing Court Summary Process,Active,20111129,20111129
43,59965957,"Franklin Credit Resolutions Vintage Ii, Llc",1062SC001492,Small Claims,Disposed (Statistical Purposes),20100610,20100804
44,60014884,Frankiln Credit Solutions Vintage Ii Llc,1023SP001243,Supplementary Process,Disposed (Statistical Purposes),20101012,20101220
45,61487953,"Residential Credit Solutions, Inc. (Sub. Pltf.)",09 MISC 408804,Servicemembers,Closed,20090810,20110104
46,61795825,"Residential Credit Solutions, Inc. (Sub. Pltf.)",09 MISC 396538,Servicemembers,Closed,20090317,20100721
47,61544170,"Residential Credit Solutions, Inc. (Subst. Pitf.)",09 MISC 409798,Servicemembers,Closed,20090821,20110412
48,61548325,"Residential Credit Solutions, Inc. (Subst.Pitf.)",09 MISC 409775,Servicemembers,Closed,20090821,20110308
49,61905802,"Residential Credit Solutions, Inc., (sub. pl.)",09 MISC 409484,Servicemembers,Closed,20090818,20100217
0,68307246,"Security Credit Services, LLC assignee of Absolute Resolutions Corp., assignee of apartment Investment and Management Company",1656SC000906,Small Claims,Disposed (Statistical Purposes),20160516,20160620
1,70088791,Complete Credit Solutions Citibank Home Depot,1001CV001818,Civil,Closed,20100524,20100831
2,75903980,"Residnetial Credit Solutions, Inc. (Subst. Pltf.)",09 MISC 413941,Servicemembers,Closed,20091009,20110913
3,80687513,Credit Corp Solutions Inc.,2120CV000257,Civil,Open,20211018,20211018
4,81298524,Credit Corp Solutions Inc.,2032SC000799,Small Claims,Disposed (Statistical Purposes),20200312,20200427
5,88624602,Credit Corp Solutions Inc.,2189SC000337,Small Claims,Disposed (Statistical Purposes),20210517,20210929
6,80883210,Credit Corp Solutions Inc Assignee of Synchrony Bank,2015SC000619,Small Claims,Disposed (Statistical Purposes),20200218,20211028
7,81122219,"Credit Corp Solutions, Inc.",2147CV000019,Civil,Disposed (Statistical Purposes),20210121,20210511
