,post_id,party_name,case_number,case_type,case_status,file_date,status_date
0,80687513,Credit Corp Solutions Inc.,2120CV000257,Civil,Open,20211018,20211018
1,81298524,Credit Corp Solutions Inc.,2032SC000799,Small Claims,Disposed (Statistical Purposes),20200312,20200427
2,88624602,Credit Corp Solutions Inc.,2189SC000337,Small Claims,Disposed (Statistical Purposes),20210517,20210929
3,80883210,Credit Corp Solutions Inc Assignee of Synchrony Bank,2015SC000619,Small Claims,Disposed (Statistical Purposes),20200218,20211028
4,81122219,"Credit Corp Solutions, Inc.",2147CV000019,Civil,Disposed (Statistical Purposes),20210121,20210511
