,post_id,party_name,case_number,case_type,case_status,file_date,status_date
0,12978103,Credit Information Bureau,1023SP000235,Supplementary Process,Disposed (Statistical Purposes),20100222,20100429
1,36035948,Credit Information Bureau,0933CV001042,Civil,Disposed (Statistical Purposes),20090527,20091005
2,37473455,Credit Information Bureau,0960SC001277,Small Claims,Disposed (Statistical Purposes),20090904,20091008
3,51878269,Credit Information Bureau,0856SC003615,Small Claims,Disposed (Statistical Purposes),20080909,20081030
4,54830651,Credit Information Bureau,0823CV003243,Civil,Disposed (Statistical Purposes),20080930,20090602
5,56327657,Credit Information Bureau,0956SC003608,Small Claims,Disposed (Statistical Purposes),20090829,20091104
6,51389989,Credit Information Bureau Inc.,0662SC002398,Small Claims,Disposed (Statistical Purposes),20060606,20060706
