,post_id,party_name,case_number,case_type,case_status,file_date,status_date
0,446125,"LVNV Funding, LLC c/o Resurgent Capital Services LP",1251SC000202,Small Claims,Disposed (Statistical Purposes),20120221,20120806
1,688660,"LVNV Funding, LLC c/o Resurgent Capital Services LP",1359SC001080,Small Claims,Disposed (Statistical Purposes),20130805,20130926
2,703732,"LVNV Funding, LLC c/o Resurgent Capital Services LP",1251SC000286,Small Claims,Disposed (Statistical Purposes),20120316,20120612
3,716310,"LVNV Funding, LLC c/o Resurgent Capital Services LP",1260SC001251,Small Claims,Disposed (Statistical Purposes),20121101,20130117
4,717412,"LVNV Funding, LLC c/o Resurgent Capital Services LP",1260SC001252,Small Claims,Disposed (Statistical Purposes),20121101,20130117
5,847958,"LVNV Funding, LLC c/o Resurgent Capital Services LP",1216SC000659,Small Claims,Disposed (Statistical Purposes),20121009,20121210
6,1021208,"LVNV Funding, LLC c/o Resurgent Capital Services LP",1260SC001373,Small Claims,Disposed (Statistical Purposes),20121121,20130411
7,1047791,"LVNV Funding, LLC c/o Resurgent Capital Services LP",1260SC001378,Small Claims,Disposed (Statistical Purposes),20121123,20130411
8,1132701,"LVNV Funding, LLC c/o Resurgent Capital Services LP",1216SC000737,Small Claims,Disposed (Statistical Purposes),20121029,20130103
9,1526482,"LVNV Funding, LLC c/o Resurgent Capital Services LP",1260SC001500,Small Claims,Disposed (Statistical Purposes),20121219,20130314
10,1564265,"LVNV Funding, LLC c/o Resurgent Capital Services LP",1342SC000251,Small Claims,Disposed (Statistical Purposes),20130806,20131009
11,2460895,"LVNV Funding, LLC c/o Resurgent Capital Services LP",1243SC000965,Small Claims,Disposed (Statistical Purposes),20121105,20130320
12,2848228,"LVNV Funding, LLC c/o Resurgent Capital Services LP",1218SC000927,Small Claims,Disposed (Statistical Purposes),20120508,20120529
13,2850842,"LVNV Funding, LLC c/o Resurgent Capital Services LP",1218SC000928,Small Claims,Disposed (Statistical Purposes),20120508,20121119
14,3309256,"LVNV Funding, LLC c/o Resurgent Capital Services LP",1260SC000564,Small Claims,Disposed (Statistical Purposes),20120507,20121018
15,4048171,"LVNV Funding, LLC c/o Resurgent Capital Services LP",1223SC000541,Small Claims,Disposed (Statistical Purposes),20120214,20120712
16,4048320,"LVNV Funding, LLC c/o Resurgent Capital Services LP",1223SC000542,Small Claims,Disposed (Statistical Purposes),20120214,20120806
17,4646443,"LVNV Funding, LLC c/o Resurgent Capital Services LP",1263SC000304,Small Claims,Disposed (Statistical Purposes),20120911,20130211
18,4837323,"LVNV Funding, LLC c/o Resurgent Capital Services LP",1223SC002880,Small Claims,Disposed (Statistical Purposes),20121012,20121213
19,4837516,"LVNV Funding, LLC c/o Resurgent Capital Services LP",1223SC002881,Small Claims,Disposed (Statistical Purposes),20121012,20130211
20,4837941,"LVNV Funding, LLC c/o Resurgent Capital Services LP",1223SC002882,Small Claims,Disposed (Statistical Purposes),20121012,20130118
21,5121873,"LVNV Funding, LLC c/o Resurgent Capital Services LP",1218SC002452,Small Claims,Disposed (Statistical Purposes),20121228,20140129
22,5122799,"LVNV Funding, LLC c/o Resurgent Capital Services LP",1218SC002453,Small Claims,Disposed (Statistical Purposes),20121228,20140107
23,5158795,"LVNV Funding, LLC c/o Resurgent Capital Services LP",1223SC003335,Small Claims,Disposed (Statistical Purposes),20121116,20130115
24,5159466,"LVNV Funding, LLC c/o Resurgent Capital Services LP",1223SC003336,Small Claims,Disposed (Statistical Purposes),20121116,20130211
25,5164812,"LVNV Funding, LLC c/o Resurgent Capital Services LP",1214SC001625,Small Claims,Disposed (Statistical Purposes),20120927,20130410
26,5232809,"LVNV Funding, LLC c/o Resurgent Capital Services LP",1223SC003625,Small Claims,Disposed (Statistical Purposes),20121213,20130308
27,5241741,"LVNV Funding, LLC c/o Resurgent Capital Services LP",1223SC003644,Small Claims,Disposed (Statistical Purposes),20121214,20130207
28,5242022,"LVNV Funding, LLC c/o Resurgent Capital Services LP",1223SC003645,Small Claims,Disposed (Statistical Purposes),20121214,20130207
29,5672754,"LVNV Funding, LLC c/o Resurgent Capital Services LP",1239SC000537,Small Claims,Disposed (Statistical Purposes),20121115,20121219
30,5941033,"LVNV Funding, LLC c/o Resurgent Capital Services LP",1338SC000832,Small Claims,Disposed (Statistical Purposes),20130805,20140220
31,5941904,"LVNV Funding, LLC c/o Resurgent Capital Services LP",1211SC001434,Small Claims,Disposed (Statistical Purposes),20120507,20120820
32,5968371,"LVNV Funding, LLC c/o Resurgent Capital Services LP",1261SC001128,Small Claims,Disposed (Statistical Purposes),20120921,20121204
33,6187138,"LVNV Funding, LLC c/o Resurgent Capital Services LP",1315SC001637,Small Claims,Disposed (Statistical Purposes),20130709,20130906
34,6187264,"LVNV Funding, LLC c/o Resurgent Capital Services LP",1315SC001638,Small Claims,Disposed (Statistical Purposes),20130709,20131003
35,6187667,"LVNV Funding, LLC c/o Resurgent Capital Services LP",1315SC001639,Small Claims,Disposed (Statistical Purposes),20130709,20140206
36,6783132,"LVNV Funding, LLC c/o Resurgent Capital Services LP",1231SC001423,Small Claims,Disposed (Statistical Purposes),20120921,20121119
37,6967892,"LVNV Funding, LLC c/o Resurgent Capital Services LP",1231SC001696,Small Claims,Disposed (Statistical Purposes),20121105,20130228
38,7070806,"LVNV Funding, LLC c/o Resurgent Capital Services LP",1268SC000408,Small Claims,Disposed (Statistical Purposes),20120921,20121203
39,7130684,"LVNV Funding, LLC c/o Resurgent Capital Services LP",1268SC000482,Small Claims,Disposed (Statistical Purposes),20121101,20130205
40,7130858,"LVNV Funding, LLC c/o Resurgent Capital Services LP",1268SC000483,Small Claims,Disposed (Statistical Purposes),20121101,20130116
41,7324038,"LVNV Funding, LLC c/o Resurgent Capital Services LP",1265SC000594,Small Claims,Disposed (Statistical Purposes),20121031,20131216
42,7386716,"LVNV Funding, LLC c/o Resurgent Capital Services LP",1265SC000707,Small Claims,Disposed (Statistical Purposes),20121213,20131204
43,7427628,"LVNV Funding, LLC c/o Resurgent Capital Services LP",1313SC001398,Small Claims,Disposed (Statistical Purposes),20130705,20130927
44,7550755,"LVNV Funding, LLC c/o Resurgent Capital Services LP",1313SC001448,Small Claims,Disposed (Statistical Purposes),20130716,20130923
45,7591337,"LVNV Funding, LLC c/o Resurgent Capital Services LP",1251SC000963,Small Claims,Disposed (Statistical Purposes),20120921,20130102
46,7660996,"LVNV Funding, LLC c/o Resurgent Capital Services LP",1251SC001049,Small Claims,Disposed (Statistical Purposes),20121012,20130129
47,7661514,"LVNV Funding, LLC c/o Resurgent Capital Services LP",1251SC001050,Small Claims,Disposed (Statistical Purposes),20121012,20130225
48,7676542,"LVNV Funding, LLC c/o Resurgent Capital Services LP",1213SC000484,Small Claims,Disposed (Statistical Purposes),20120309,20120515
49,7710942,"LVNV Funding, LLC c/o Resurgent Capital Services LP",1251SC001108,Small Claims,Disposed (Statistical Purposes),20121026,20130212
0,7756550,"LVNV Funding, LLC c/o Resurgent Capital Services LP",1251SC001163,Small Claims,Disposed (Statistical Purposes),20121116,20130312
1,7846460,"LVNV Funding, LLC c/o Resurgent Capital Services LP",1265SC000142,Small Claims,Disposed (Statistical Purposes),20120312,20121224
2,7925172,"LVNV Funding, LLC c/o Resurgent Capital Services LP",1265SC000266,Small Claims,Disposed (Statistical Purposes),20120507,20130211
3,8043814,"LVNV Funding, LLC c/o Resurgent Capital Services LP",1213SC000643,Small Claims,Disposed (Statistical Purposes),20120404,20120529
4,8229359,"LVNV Funding, LLC c/o Resurgent Capital Services LP",1216SC000267,Small Claims,Disposed (Statistical Purposes),20120417,20121015
5,8496080,"LVNV Funding, LLC c/o Resurgent Capital Services LP",1213SC000694,Small Claims,Disposed (Statistical Purposes),20120417,20120615
6,10733792,"LVNV Funding, LLC c/o Resurgent Capital Services LP",1213SC001098,Small Claims,Disposed (Statistical Purposes),20120612,20120726
7,11446058,"LVNV Funding, LLC c/o Resurgent Capital Services LP",1329SC000224,Small Claims,Disposed (Statistical Purposes),20130708,20130802
8,12084226,"LVNV Funding, LLC c/o Resurgent Capital Services LP",1369SC000407,Small Claims,Disposed (Statistical Purposes),20130705,20140512
9,12382365,"LVNV Funding, LLC c/o Resurgent Capital Services LP",1234SC000289,Small Claims,Disposed (Statistical Purposes),20120312,20120813
10,12396053,"LVNV Funding, LLC c/o Resurgent Capital Services LP",1234SC001105,Small Claims,Disposed (Statistical Purposes),20121026,20130226
11,13132304,"LVNV Funding, LLC c/o Resurgent Capital Services LP",1398SC000354,Small Claims,Disposed (Statistical Purposes),20130708,20130909
12,13459307,"LVNV Funding, LLC c/o Resurgent Capital Services LP",1234SC000365,Small Claims,Disposed (Statistical Purposes),20120402,20120711
13,13864877,"LVNV Funding, LLC c/o Resurgent Capital Services LP",1350SC001319,Small Claims,Disposed (Statistical Purposes),20130717,20131025
14,13869221,"LVNV Funding, LLC c/o Resurgent Capital Services LP",1350SC001320,Small Claims,Disposed (Statistical Purposes),20130717,20131001
15,13873510,"LVNV Funding, LLC c/o Resurgent Capital Services LP",1350SC001321,Small Claims,Disposed (Statistical Purposes),20130717,20130930
16,15320017,"LVNV Funding, LLC c/o Resurgent Capital Services LP",1228SC000563,Small Claims,Disposed (Statistical Purposes),20121026,20130103
17,16892944,"LVNV Funding, LLC c/o Resurgent Capital Services LP",1213SC001728,Small Claims,Disposed (Statistical Purposes),20120911,20121109
18,16916586,"LVNV Funding, LLC c/o Resurgent Capital Services LP",1243SC000220,Small Claims,Disposed (Statistical Purposes),20120313,20120521
19,17055613,"LVNV Funding, LLC c/o Resurgent Capital Services LP",1359SC000913,Small Claims,Disposed (Statistical Purposes),20130705,20130827
20,17058935,"LVNV Funding, LLC c/o Resurgent Capital Services LP",1359SC000914,Small Claims,Disposed (Statistical Purposes),20130705,20130827
21,17177038,"LVNV Funding, LLC c/o Resurgent Capital Services LP",1213SC001798,Small Claims,Disposed (Statistical Purposes),20120921,20121116
22,17511216,"LVNV Funding, LLC c/o Resurgent Capital Services LP",1213SC001934,Small Claims,Disposed (Statistical Purposes),20121011,20130108
23,17710657,"LVNV Funding, LLC c/o Resurgent Capital Services LP",1213SC002128,Small Claims,Disposed (Statistical Purposes),20121107,20130125
24,17711312,"LVNV Funding, LLC c/o Resurgent Capital Services LP",1213SC002129,Small Claims,Disposed (Statistical Purposes),20121107,20130125
25,17858355,"LVNV Funding, LLC c/o Resurgent Capital Services LP",1208SC000297,Small Claims,Disposed (Statistical Purposes),20120921,20121105
26,17858912,"LVNV Funding, LLC c/o Resurgent Capital Services LP",1208SC000298,Small Claims,Pending,20120921,20120921
27,18508946,"LVNV Funding, LLC c/o Resurgent Capital Services LP",1205SC000326,Small Claims,Disposed (Statistical Purposes),20120611,20150629
28,19168692,"LVNV Funding, LLC c/o Resurgent Capital Services LP",1207SC001651,Small Claims,Disposed (Statistical Purposes),20121121,20130325
29,19516521,"LVNV Funding, LLC c/o Resurgent Capital Services LP",1207SC001293,Small Claims,Disposed (Statistical Purposes),20120913,20130201
30,19568431,"LVNV Funding, LLC c/o Resurgent Capital Services LP",1203SC000031,Small Claims,Disposed (Statistical Purposes),20120206,20120510
31,47936763,"LVNV Funding, LLC c/o Resurgent Capital Services LP",1305SC000475,Small Claims,Disposed (Statistical Purposes),20130716,20140107
32,47954548,"LVNV Funding, LLC c/o Resurgent Capital Services LP",1307SC000873,Small Claims,Disposed (Statistical Purposes),20130709,20131105
33,50374087,"LVNV Funding, LLC c/o Resurgent Capital Services LP",1250SC000229,Small Claims,Disposed (Statistical Purposes),20120214,20120420
34,50930191,"LVNV Funding, LLC c/o Resurgent Capital Services LP",1213SC000330,Small Claims,Disposed (Statistical Purposes),20120214,20120501
35,50931064,"LVNV Funding, LLC c/o Resurgent Capital Services LP",1213SC000326,Small Claims,Disposed (Statistical Purposes),20120214,20120501
36,50933964,"LVNV Funding, LLC c/o Resurgent Capital Services LP",1213SC000329,Small Claims,Disposed (Statistical Purposes),20120214,20120515
37,50936789,"LVNV Funding, LLC c/o Resurgent Capital Services LP",1213SC000325,Small Claims,Closed (Transferred),20120214,20140604
38,50937868,"LVNV Funding, LLC c/o Resurgent Capital Services LP",1213SC000328,Small Claims,Disposed (Statistical Purposes),20120214,20120430
39,51180510,"LVNV Funding, LLC c/o Resurgent Capital Services LP",1213SC000409,Small Claims,Disposed (Statistical Purposes),20120305,20120504
40,52817595,"LVNV Funding, LLC c/o Resurgent Capital Services LP",1314SC001208,Small Claims,Disposed (Statistical Purposes),20130807,20140314
41,53196748,"LVNV Funding, LLC c/o Resurgent Capital Services LP",1215SC002670,Small Claims,Pending,20121120,20121120
42,55962877,"LVNV Funding, LLC c/o Resurgent Capital Services LP",1211SC000504,Small Claims,Disposed (Statistical Purposes),20120213,20120521
43,55970372,"LVNV Funding, LLC c/o Resurgent Capital Services LP",1211SC000503,Small Claims,Disposed (Statistical Purposes),20120213,20120521
44,55971154,"LVNV Funding, LLC c/o Resurgent Capital Services LP",1211SC000505,Small Claims,Disposed (Statistical Purposes),20120213,20120521
45,56016197,"LVNV Funding, LLC c/o Resurgent Capital Services LP",1211SC000501,Small Claims,Disposed (Statistical Purposes),20120213,20120522
46,58941442,"LVNV Funding, LLC c/o Resurgent Capital Services LP",1213SC002079,Small Claims,Disposed (Statistical Purposes),20121030,20130111
47,58945342,"LVNV Funding, LLC c/o Resurgent Capital Services LP",1213SC002078,Small Claims,Disposed (Statistical Purposes),20121030,20130118
48,58946291,"LVNV Funding, LLC c/o Resurgent Capital Services LP",1213SC002080,Small Claims,Disposed (Statistical Purposes),20121030,20130118
49,59977992,"LVNV Funding, LLC c/o Resurgent Capital Services LP",1213SC002373,Small Claims,Disposed (Statistical Purposes),20121211,20130327
0,60019343,"LVNV Funding, LLC c/o Resurgent Capital Services LP",1315SC000396,Small Claims,Disposed (Statistical Purposes),20130215,20130418
1,63669869,"LVNV Funding, LLC c/o Resurgent Capital Services LP",1387SC000004,Small Claims,Disposed (Statistical Purposes),20130102,20130522
2,64695686,"LVNV Funding, LLC c/o Resurgent Capital Services LP",1318SC000300,Small Claims,Disposed (Statistical Purposes),20130213,20140509
3,64696342,"LVNV Funding, LLC c/o Resurgent Capital Services LP",1318SC000301,Small Claims,Disposed (Statistical Purposes),20130213,20140512
4,64697148,"LVNV Funding, LLC c/o Resurgent Capital Services LP",1318SC000299,Small Claims,Disposed (Statistical Purposes),20130213,20131125
5,64762740,"LVNV Funding, LLC c/o Resurgent Capital Services LP",1359SC000216,Small Claims,Disposed (Statistical Purposes),20130214,20130410
6,64763669,"LVNV Funding, LLC c/o Resurgent Capital Services LP",1359SC000217,Small Claims,Disposed (Statistical Purposes),20130214,20130410
7,64855792,"LVNV Funding, LLC c/o Resurgent Capital Services LP",1389SC000518,Small Claims,Disposed (Statistical Purposes),20130603,20130823
8,65457459,"LVNV Funding, LLC c/o Resurgent Capital Services LP",1315SC000394,Small Claims,Disposed (Statistical Purposes),20130215,20130418
9,65460577,"LVNV Funding, LLC c/o Resurgent Capital Services LP",1315SC000395,Small Claims,Pending,20130215,20130215
10,65702417,"LVNV Funding, LLC c/o Resurgent Capital Services LP",1342SC000052,Small Claims,Disposed (Statistical Purposes),20130213,20130604
11,66122654,"LVNV Funding, LLC c/o Resurgent Capital Services LP",1332SC001180,Small Claims,Disposed (Statistical Purposes),20130603,20131024
12,66134935,"LVNV Funding, LLC c/o Resurgent Capital Services LP",1332SC001179,Small Claims,Disposed (Statistical Purposes),20130603,20130815
13,67084597,"LVNV Funding, LLC c/o Resurgent Capital Services LP",1350SC000284,Small Claims,Disposed (Statistical Purposes),20130213,20130419
14,68631397,"LVNV Funding, LLC c/o Resurgent Capital Services LP",1313SC000315,Small Claims,Disposed (Statistical Purposes),20130214,20130426
15,68633313,"LVNV Funding, LLC c/o Resurgent Capital Services LP",1313SC000314,Small Claims,Disposed (Statistical Purposes),20130214,20130513
16,69741200,"LVNV Funding, LLC c/o Resurgent Capital Services LP",1361SC000202,Small Claims,Disposed (Statistical Purposes),20130214,20130409
17,69742602,"LVNV Funding, LLC c/o Resurgent Capital Services LP",1361SC000201,Small Claims,Disposed (Statistical Purposes),20130214,20130409
18,71614325,"LVNV Funding, LLC c/o Resurgent Capital Services LP",1365SC000092,Small Claims,Disposed (Statistical Purposes),20130214,20140204
19,72797280,"LVNV Funding, LLC c/o Resurgent Capital Services LP",1314SC000231,Small Claims,Disposed (Statistical Purposes),20130213,20130710
20,78102070,"LVNV Funding, LLC c/o Resurgent Capital Services LP",1323SC000509,Small Claims,Disposed (Statistical Purposes),20130214,20130515
21,78106401,"LVNV Funding, LLC c/o Resurgent Capital Services LP",1323SC000510,Small Claims,Disposed (Statistical Purposes),20130214,20130626
22,1690475,LVNV Funding LLC c/o Resurgent Capital Services LP,1286SC000179,Small Claims,Disposed (Statistical Purposes),20120203,20120430
23,5914638,LVNV Funding LLC c/o Resurgent Capital Services LP,1214SC002066,Small Claims,Disposed (Statistical Purposes),20121211,20130828
24,6187785,LVNV Funding LLC c/o Resurgent Capital Services LP,1315SC001640,Small Claims,Disposed (Statistical Purposes),20130709,20130906
25,6837546,LVNV Funding LLC c/o Resurgent Capital Services LP,1231SC001488,Small Claims,Disposed (Statistical Purposes),20121009,20130102
26,7041161,LVNV Funding LLC c/o Resurgent Capital Services LP,1353SC000847,Small Claims,Disposed (Statistical Purposes),20130705,20140123
27,7274830,LVNV Funding LLC c/o Resurgent Capital Services LP,1265SC000513,Small Claims,Disposed (Statistical Purposes),20120921,20130806
28,14852312,LVNV Funding LLC c/o Resurgent Capital Services LP,1332SC001427,Small Claims,Disposed (Statistical Purposes),20130705,20130918
29,53194123,LVNV Funding LLC c/o Resurgent Capital Services LP,1215SC002609,Small Claims,Disposed (Statistical Purposes),20121119,20130201
30,53194161,LVNV Funding LLC c/o Resurgent Capital Services LP,1215SC002608,Small Claims,Pending,20121119,20121119
31,53194231,LVNV Funding LLC c/o Resurgent Capital Services LP,1215SC002610,Small Claims,Disposed (Statistical Purposes),20121119,20130111
32,59172950,LVNV Funding LLC c/o Resurgent Capital Services LP,1253SC001589,Small Claims,Disposed (Statistical Purposes),20121210,20130610
33,68672230,LVNV Funding LLC c/o Resurgent Capital Services LP,1356SC000650,Small Claims,Disposed (Statistical Purposes),20130202,20130424
34,1781776,"LVNV Funding , LLC c/o Resurgent Capital Services LP",1240SC000303,Small Claims,Disposed (Statistical Purposes),20121228,20130208
35,3707689,"LVNV Funding , LLC c/o Resurgent Capital Services LP",1363SC000245,Small Claims,Disposed (Statistical Purposes),20130708,20131125
36,8343501,"LVNV Funding , LLC c/o Resurgent Capital Services LP",1310SC000946,Small Claims,Disposed (Statistical Purposes),20130821,20131024
37,55974758,"LVNV Funding , LLC c/o Resurgent Capital Services LP",1211SC000502,Small Claims,Disposed (Statistical Purposes),20120213,20120515
38,2391709,"LVNV Funding, LLC % Resurgent Capital Services LP",1259SC000354,Small Claims,Disposed (Statistical Purposes),20120312,20120605
39,56528005,"LVNV Funding, LLC % Resurgent Capital Services LP",1262SC003318,Small Claims,Disposed (Statistical Purposes),20121130,20131118
40,59442931,"LVNV Funding, LLC % Resurgent Capital Services LP",1262SC003315,Small Claims,Disposed (Statistical Purposes),20121130,20131106
41,4412607,PYOD LLC c/o Resurgent Capital Services LP,1286SC001734,Small Claims,Disposed (Statistical Purposes),20120919,20130129
42,4510415,"LVNV Funding, LLC c/o Resurgent Capital Services, LP",1356SC002425,Small Claims,Disposed (Statistical Purposes),20130730,20130918
43,5156050,"LVNV Funding, LLC c/o Resurgent Capital Services, LP",1223SC003331,Small Claims,Disposed (Statistical Purposes),20121116,20130211
44,7177159,"LVNV Funding, LLC c/o Resurgent Capital Services, LP",1362SC000656,Small Claims,Disposed (Statistical Purposes),20121204,20140129
45,7216400,"LVNV Funding, LLC c/o Resurgent Capital Services, LP",1362SC000655,Small Claims,Disposed (Statistical Purposes),20121214,20140129
46,9544550,"LVNV Funding, LLC c/o Resurgent Capital Services, LP",1269SC000756,Small Claims,Disposed (Statistical Purposes),20121026,20130410
47,9545096,"LVNV Funding, LLC c/o Resurgent Capital Services, LP",1269SC000757,Small Claims,Disposed (Statistical Purposes),20121026,20130503
48,9670416,"LVNV Funding, LLC c/o Resurgent Capital Services, LP",1211SC002691,Small Claims,Disposed (Statistical Purposes),20120910,20130211
49,9671714,"LVNV Funding, LLC c/o Resurgent Capital Services, LP",1211SC002692,Small Claims,Disposed (Statistical Purposes),20120910,20130114
0,11905663,"LVNV Funding, LLC c/o Resurgent Capital Services, LP",1269SC000210,Small Claims,Disposed (Statistical Purposes),20120302,20121002
1,12580698,"LVNV Funding, LLC c/o Resurgent Capital Services, LP",1298SC000161,Small Claims,Disposed (Statistical Purposes),20120312,20120525
2,14649538,"LVNV Funding, LLC c/o Resurgent Capital Services, LP",1245SC000770,Small Claims,Disposed (Statistical Purposes),20121228,20130227
3,14849896,"LVNV Funding, LLC c/o Resurgent Capital Services, LP",1332SC001425,Small Claims,Disposed (Statistical Purposes),20130705,20130923
4,14851110,"LVNV Funding, LLC c/o Resurgent Capital Services, LP",1332SC001426,Small Claims,Disposed (Statistical Purposes),20130705,20130920
5,18140836,"LVNV Funding, LLC c/o Resurgent Capital Services, LP",1306SC001034,Small Claims,Disposed (Statistical Purposes),20130806,20140324
6,18758875,"LVNV Funding, LLC c/o Resurgent Capital Services, LP",1207SC001519,Small Claims,Disposed (Statistical Purposes),20121030,20130204
7,19387205,"LVNV Funding, LLC c/o Resurgent Capital Services, LP",1205SC000605,Small Claims,Pending,20121106,20121106
8,19390032,"LVNV Funding, LLC c/o Resurgent Capital Services, LP",1205SC000606,Small Claims,Disposed (Statistical Purposes),20121106,20130204
9,47903032,"LVNV Funding, LLC c/o Resurgent Capital Services, LP",1207SC000677,Small Claims,Disposed (Statistical Purposes),20120516,20120918
10,47990392,"LVNV Funding, LLC c/o Resurgent Capital Services, LP",1306SC000858,Small Claims,Disposed (Statistical Purposes),20130709,20140314
11,64148510,"LVNV Funding, LLC c/o Resurgent Capital Services, LP",1318SC001068,Small Claims,Disposed (Statistical Purposes),20130531,20140512
12,64149958,"LVNV Funding, LLC c/o Resurgent Capital Services, LP",1318SC001067,Small Claims,Disposed (Statistical Purposes),20130531,20140512
13,4574942,"LVNV Funding, LLC Resurgent Capital Services LP",1356SC002453,Small Claims,Disposed (Statistical Purposes),20130802,20130918
14,70789366,"LVNV Funding, LLC Resurgent Capital Services LP",1366SC000424,Small Claims,Disposed (Statistical Purposes),20130603,20131126
15,4914896,Resurgent Capital Services,1118SP000876,Supplementary Process,Disposed (Statistical Purposes),20111114,20120918
16,5017317,Resurgent Capital Services,1233CV000657,Civil,Disposed (Statistical Purposes),20120705,20120919
17,21251868,Resurgent Capital Services,0506CV000825,Civil,Disposed (Statistical Purposes),20051121,20060413
18,23595912,Resurgent Capital Services,0664CV000056,Civil,Disposed (Statistical Purposes),20060120,20060501
19,24743302,Resurgent Capital Services,0689SC000392,Small Claims,Disposed (Statistical Purposes),20060320,20060510
20,28796452,Resurgent Capital Services,1533SP000328,Supplementary Process,Pending,20151221,20151221
21,33275188,Resurgent Capital Services,0513SP000565,Supplementary Process,Disposed (Statistical Purposes),20051206,20060608
22,39779040,Resurgent Capital Services,0527CV000571,Civil,Disposed (Statistical Purposes),20051108,20060327
23,41182831,Resurgent Capital Services,0836CV001631,Civil,Disposed (Statistical Purposes),20081021,20090219
24,41968979,Resurgent Capital Services,0560CV000641,Civil,Disposed (Statistical Purposes),20051121,20060206
25,45648181,Resurgent Capital Services,0533SP000404,Supplementary Process,Disposed (Statistical Purposes),20050829,20051026
26,45806582,Resurgent Capital Services,0560SP000236,Supplementary Process,Disposed (Statistical Purposes),20051208,20060112
27,50748437,Resurgent Capital Services,0615CV000121,Civil,Disposed (Statistical Purposes),20060125,20061214
28,63041474,Resurgent Capital Services,0813CV002281,Civil,Disposed (Statistical Purposes),20081022,20090806
29,5159942,"LVNV Funding, LLC, c/o Resurgent Capital Services LP",1223SC003337,Small Claims,Disposed (Statistical Purposes),20121116,20130211
30,5160586,"LVNV Funding, LLC, c/o Resurgent Capital Services LP",1223SC003338,Small Claims,Disposed (Statistical Purposes),20121116,20130211
31,64267476,"LVNV Funding, LLC, c/o Resurgent Capital Services LP",1359SC000360,Small Claims,Disposed (Statistical Purposes),20130308,20130705
32,64761232,"LVNV Funding, LLC, c/o Resurgent Capital Services LP",1359SC000215,Small Claims,Disposed (Statistical Purposes),20130214,20130410
33,7483799,"LVNV Funding, LLD c/o Resurgent Capital Services LP",1261SC001443,Small Claims,Disposed (Statistical Purposes),20121210,20130212
34,7496503,"LVNV Funding c/o Resurgent Capital Services, LP",1247SC000784,Small Claims,Disposed (Statistical Purposes),20121221,20130918
35,9227140,"LVNV Funding, LLc c/o Resurgent Capital Services",1222SC000766,Small Claims,Disposed (Statistical Purposes),20121120,20130305
36,18525896,"LVNV Funding, LLc c/o Resurgent Capital Services",1402CV000211,Civil,Disposed (Statistical Purposes),20140826,20150427
37,75539947,"LVNV Funding, LLc c/o Resurgent Capital Services",1322SC000084,Small Claims,Disposed (Statistical Purposes),20130213,20130516
38,75541485,"LVNV Funding, LLc c/o Resurgent Capital Services",1322SC000085,Small Claims,Disposed (Statistical Purposes),20130213,20130516
39,10861357,"LVNV Funding LLC, c/o Resurgent Capital Services LP",1213SC001095,Small Claims,Disposed (Statistical Purposes),20120611,20120830
40,47868785,"LVNV Funding LLC, c/o Resurgent Capital Services LP",1205SC000100,Small Claims,Disposed (Statistical Purposes),20120213,20120522
41,20823834,"Resurgent Capital Services, L.P.",0834SC000462,Small Claims,Disposed (Statistical Purposes),20080418,20080428
42,20952924,"Resurgent Capital Services, L.P.",0802CV000861,Civil,Disposed (Statistical Purposes),20081022,20090821
43,28391078,"Resurgent Capital Services, L.P.",0954SC000787,Small Claims,Disposed (Statistical Purposes),20090528,20090928
44,34713226,"Resurgent Capital Services, L.P.",0827SC000831,Small Claims,Disposed (Statistical Purposes),20080611,20080721
45,38099751,"Resurgent Capital Services, L.P.",0843CV000795,Civil,Disposed (Statistical Purposes),20081022,20090626
46,41475544,"Resurgent Capital Services, L.P.",0936SC000811,Small Claims,Disposed (Statistical Purposes),20090603,20090707
47,41893247,"Resurgent Capital Services, L.P.",0855SC001247,Small Claims,Disposed (Statistical Purposes),20081022,20090113
48,44540598,"Resurgent Capital Services, L.P.",05 MISC 315106,Servicemembers,Closed,20051028,20060104
49,52417187,"Resurgent Capital Services, L.P.",06 MISC 322877,Servicemembers,Closed,20060505,20060728
0,57282559,"Resurgent Capital Services, L.P.",0862CV003381,Civil,Disposed (Statistical Purposes),20081022,20090807
1,57950775,"Resurgent Capital Services, L.P.",0856SC001562,Small Claims,Disposed (Statistical Purposes),20080417,20080604
2,62627740,"Resurgent Capital Services, L.P.",0811SC003382,Small Claims,Disposed (Statistical Purposes),20081022,20090511
3,76311977,"Resurgent Capital Services, L.P.",06 MISC 319069,Servicemembers,Closed,20060214,20090326
4,12396876,LVNV Funding c/o Resurgent Capital Services LP,1234SC001106,Small Claims,Disposed (Statistical Purposes),20121026,20130306
5,75342105,LVNV Funding c/o Resurgent Capital Services LP,1353SC000191,Small Claims,Disposed (Statistical Purposes),20130213,20130829
6,12795967,"LVNV Funding LLC s/o Resurgent Capital Services, LP",1266SC000271,Small Claims,Disposed (Statistical Purposes),20120403,20120912
7,21529074,Resurgent Capital Services LP,0815SC001517,Small Claims,Disposed (Statistical Purposes),20080527,20080717
8,33689062,Resurgent Capital Services LP,0886SC000347,Small Claims,Disposed (Statistical Purposes),20080417,20080602
9,35517407,Resurgent Capital Services LP,0636SP000075,Supplementary Process,Disposed (Statistical Purposes),20060224,20060519
10,39284392,Resurgent Capital Services LP,0827SC001535,Small Claims,Disposed (Statistical Purposes),20081023,20081126
11,45727791,Resurgent Capital Services LP,0550SP000370,Supplementary Process,Disposed (Statistical Purposes),20050729,20051213
12,63078503,Resurgent Capital Services LP,0801SC002506,Small Claims,Closed,20080619,20080729
13,17878716,"LVNV Funding ,LLC c/o Resurgent Capital Services LP",1207SC001353,Small Claims,Disposed (Statistical Purposes),20120919,20130212
14,17962757,"LVNV Funding,LLC c/o Resurgent Capital Services LP",1307SC000224,Small Claims,Disposed (Statistical Purposes),20130220,20131107
15,18990436,"LVNV Funnding, LLC c/o Resurgent Capital Services, LP",1205SC000243,Small Claims,Disposed (Statistical Purposes),20120509,20120815
16,20046968,"Resurgent Capital Services, LP",0804SC000056,Small Claims,Disposed (Statistical Purposes),20080523,20080626
17,20355070,"Resurgent Capital Services, LP",0506SP000412,Supplementary Process,Disposed (Statistical Purposes),20051109,20060925
18,21060265,"Resurgent Capital Services, LP",0520CV000144,Civil,Disposed (Statistical Purposes),20050302,20050725
19,22004243,"Resurgent Capital Services, LP",0606SP000465,Supplementary Process,Disposed (Statistical Purposes),20060901,20060929
20,28033399,"Resurgent Capital Services, LP",0918CV001877,Civil,Disposed (Statistical Purposes),20090908,20100525
21,30077836,"Resurgent Capital Services, LP",0510SC000165,Small Claims,Disposed (Statistical Purposes),20050119,20050324
22,31139250,"Resurgent Capital Services, LP",0898SC000877,Small Claims,Disposed (Statistical Purposes),20081027,20090116
23,32819625,"Resurgent Capital Services, LP",0511SP000770,Supplementary Process,Disposed (Statistical Purposes),20051110,20060130
24,36859511,"Resurgent Capital Services, LP",0751CV000336,Civil,Disposed (Statistical Purposes),20070409,20070430
25,39278707,"Resurgent Capital Services, LP",0827SC001536,Small Claims,Disposed (Statistical Purposes),20081023,20081201
26,50129045,"Resurgent Capital Services, LP",0707SP000678,Supplementary Process,Disposed (Statistical Purposes),20070813,20070831
27,51195670,"Resurgent Capital Services, LP",05 MISC 313673,Servicemembers,Closed,20050920,20081210
28,55658388,"Resurgent Capital Services, LP",0853SC001804,Small Claims,Disposed (Statistical Purposes),20081022,20090330
29,55661321,"Resurgent Capital Services, LP",0853SC001803,Small Claims,Disposed (Statistical Purposes),20081022,20090115
30,56122834,"Resurgent Capital Services, LP",0850SC001649,Small Claims,Disposed (Statistical Purposes),20080728,20081105
31,24089337,"Resurgent Capital Services, L. P.",0815SC002151,Small Claims,Disposed (Statistical Purposes),20080725,20080923
32,38112318,"Resurgent Capital Services, L. P.",0843SC001264,Small Claims,Disposed (Statistical Purposes),20081022,20081204
33,56582692,"Resurgent Capital Services, L. P.",0833SC003094,Small Claims,Disposed (Statistical Purposes),20080728,20080828
34,62940539,"Resurgent Capital Services, L. P.",0861SC001326,Small Claims,Disposed (Statistical Purposes),20081029,20081209
35,27107301,"Resurgent Capital Services., L. P.",0814SC001748,Small Claims,Disposed (Statistical Purposes),20081022,20081125
36,34875918,Resurgent Capital Services L.P.,0913CV001273,Civil,Disposed (Statistical Purposes),20090529,20091009
37,41414700,Resurgent Capital Services L.P.,0810CV001408,Civil,Disposed (Statistical Purposes),20081022,20090826
38,61139931,Resurgent Capital Services L.P.,06 MISC 336726,Servicemembers,Closed,20061218,20150211
39,36484262,"Resurgent Capital Servicess, L.P.",0887SC000462,Small Claims,Disposed (Statistical Purposes),20081023,20081119
40,47905625,"Lvnv Funding, Llc C/O Resurgent Capital Services,",1207SC000417,Small Claims,Disposed (Statistical Purposes),20120313,20120614
41,54907678,"Lvnv Funding, Llc /C/O Resurgent Capital Services",1207SC000246,Small Claims,Disposed (Statistical Purposes),20120221,20120605
42,59331177,LVNV FundingLLC % Resurgent Capital Services LP,1262SC003317,Small Claims,Disposed (Statistical Purposes),20121130,20131108
43,62080188,"Resurgent Capital Services, LP, servicer for L etc",07 MISC 356759,Servicemembers,Closed,20070831,20150211
44,72756517,"LVNV Funding LLC c/o Resurgent Capital Services, LP",1314SC000230,Small Claims,Disposed (Statistical Purposes),20130213,20130710
45,72783871,"LVNV Funding LLC c/o Resurgent Capital Services, LP",1314SC000229,Small Claims,Disposed (Statistical Purposes),20130213,20130621
46,74005351,"LVNV Funding, LLC. c/o Resurgent Capital Services LP",1305SC000381,Small Claims,Disposed (Statistical Purposes),20130603,20130918
47,75335288,LVNV Funding c/o Resurgent Capital Services LLC,1353SC000192,Small Claims,Disposed (Statistical Purposes),20130213,20130829
48,85805136,"Cach LLC C/O Resurgent Capital Services, LP",1850SC002085,Small Claims,Disposed (Statistical Purposes),20181002,20190104
