,post_id,party_name,case_number,case_type,case_status,file_date,status_date
0,3071226,"Reverse Mortgage Solutions, Inc.",11 MISC 444820,Servicemembers,Closed,20110124,20110524
1,4488275,"Reverse Mortgage Solutions, Inc.",14 MISC 484834,Servicemembers,Closed,20140715,20141020
2,4652158,"Reverse Mortgage Solutions, Inc.",14 MISC 485627,Servicemembers,Closed,20140815,20141215
3,14097748,"Reverse Mortgage Solutions, Inc.",13 MISC 475329,Servicemembers,Closed,20130104,20130531
4,16332177,"Reverse Mortgage Solutions, Inc.",13 MISC 478323,Servicemembers,Closed,20130625,20130904
5,49643633,"Reverse Mortgage Solutions, Inc.",14 MISC 481371,Servicemembers,Closed,20140128,20140318
6,49644985,"Reverse Mortgage Solutions, Inc.",14 MISC 481390,Servicemembers,Closed,20140128,20140318
7,49744469,"Reverse Mortgage Solutions, Inc.",14 MISC 481497,Servicemembers,Open,20140206,20140206
8,49782156,"Reverse Mortgage Solutions, Inc.",13 MISC 480694,Servicemembers,Closed,20131126,20140114
9,49893062,"Reverse Mortgage Solutions, Inc.",14 MISC 481623,Servicemembers,Closed,20140213,20140414
10,49909419,"Reverse Mortgage Solutions, Inc.",14 MISC 481581,Servicemembers,Closed,20140212,20140519
11,49930813,"Reverse Mortgage Solutions, Inc.",13 MISC 480924,Servicemembers,Closed,20131217,20140305
12,49943801,"Reverse Mortgage Solutions, Inc.",13 MISC 480963,Servicemembers,Closed,20131220,20140325
13,50245544,"Reverse Mortgage Solutions, Inc.",14 MISC 481864,Servicemembers,Closed,20140226,20140519
14,50256964,"Reverse Mortgage Solutions, Inc.",14 MISC 484540,Servicemembers,Closed,20140701,20141008
15,50272816,"Reverse Mortgage Solutions, Inc.",14 MISC 484563,Servicemembers,Open,20140702,20140702
16,50276736,"Reverse Mortgage Solutions, Inc.",14 MISC 484593,Servicemembers,Closed,20140703,20140826
17,50486294,"Reverse Mortgage Solutions, Inc.",14 MISC 482121,Servicemembers,Closed,20140307,20140530
18,50498457,"Reverse Mortgage Solutions, Inc.",14 MISC 482117,Servicemembers,Closed,20140307,20140513
19,50534380,"Reverse Mortgage Solutions, Inc.",14 MISC 482151,Servicemembers,Closed,20140311,20140827
20,50544763,"Reverse Mortgage Solutions, Inc.",14 MISC 482193,Servicemembers,Closed,20140312,20140605
21,50649047,"Reverse Mortgage Solutions, Inc.",14 MISC 482256,Servicemembers,Open,20140314,20140314
22,50718307,"Reverse Mortgage Solutions, Inc.",14 MISC 482285,Servicemembers,Open,20140317,20140317
23,50726374,"Reverse Mortgage Solutions, Inc.",14 MISC 482308,Servicemembers,Closed,20140318,20141106
24,50750081,"Reverse Mortgage Solutions, Inc.",14 MISC 482386,Servicemembers,Open,20140320,20140320
25,50833510,"Reverse Mortgage Solutions, Inc.",14 MISC 482477,Servicemembers,Closed,20140325,20150519
26,50872818,"Reverse Mortgage Solutions, Inc.",14 MISC 482554,Servicemembers,Open,20140328,20140328
27,50995576,"Reverse Mortgage Solutions, Inc.",14 MISC 484074,Servicemembers,Closed,20140604,20150519
28,51548960,"Reverse Mortgage Solutions, Inc.",14 MISC 487390,Servicemembers,Closed,20141021,20150610
29,51696191,"Reverse Mortgage Solutions, Inc.",15 SM 005711,Servicemembers,Closed,20150715,20151007
30,51711670,"Reverse Mortgage Solutions, Inc.",15 SM 008884,Servicemembers,Closed,20151009,20160725
31,51732570,"Reverse Mortgage Solutions, Inc.",15 SM 005794,Servicemembers,Closed,20150716,20160129
32,51740572,"Reverse Mortgage Solutions, Inc.",14 MISC 487729,Servicemembers,Closed,20141030,20150518
33,51907239,"Reverse Mortgage Solutions, Inc.",14 MISC 484215,Servicemembers,Closed,20140612,20150106
34,52298299,"Reverse Mortgage Solutions, Inc.",16 SM 003029,Servicemembers,Open,20160323,20160323
35,53316029,"Reverse Mortgage Solutions, Inc.",15 SM 011681,Servicemembers,Open,20151230,20151230
36,53316517,"Reverse Mortgage Solutions, Inc.",15 SM 011684,Servicemembers,Closed,20151230,20160314
37,54529902,"Reverse Mortgage Solutions, Inc.",14 MISC 488032,Servicemembers,Open,20141112,20141112
38,54530709,"Reverse Mortgage Solutions, Inc.",12 MISC 469803,Servicemembers,Closed,20120823,20130318
39,54691688,"Reverse Mortgage Solutions, Inc.",14 MISC 488397,Servicemembers,Closed,20141125,20150909
40,54693243,"Reverse Mortgage Solutions, Inc.",14 MISC 484337,Servicemembers,Open,20140620,20140620
41,54758660,"Reverse Mortgage Solutions, Inc.",14 MISC 488449,Servicemembers,Closed,20141126,20150807
42,55151758,"Reverse Mortgage Solutions, Inc.",15 SM 006623,Servicemembers,Closed,20150810,20151014
43,55192837,"Reverse Mortgage Solutions, Inc.",15 SM 007586,Servicemembers,Closed,20150908,20151027
44,55421607,"Reverse Mortgage Solutions, Inc.",13 MISC 477654,Servicemembers,Closed,20130418,20130619
45,55938770,"Reverse Mortgage Solutions, Inc.",16 SM 000478,Servicemembers,Closed,20160115,20160513
46,56020188,"Reverse Mortgage Solutions, Inc.",16 SM 001350,Servicemembers,Open,20160212,20160212
47,56246114,"Reverse Mortgage Solutions, Inc.",16 SM 003478,Servicemembers,Open,20160405,20160405
48,56250820,"Reverse Mortgage Solutions, Inc.",16 SM 000943,Servicemembers,Open,20160201,20160201
49,56468118,"Reverse Mortgage Solutions, Inc.",12 MISC 474634,Servicemembers,Closed,20121211,20130417
0,56531766,"Reverse Mortgage Solutions, Inc.",12 MISC 474702,Servicemembers,Closed,20121212,20130426
1,56791720,"Reverse Mortgage Solutions, Inc.",16 SM 000717,Servicemembers,Closed,20160122,20160518
2,56800991,"Reverse Mortgage Solutions, Inc.",15 SM 000249,Servicemembers,Closed,20150115,20150717
3,56817391,"Reverse Mortgage Solutions, Inc.",16 SM 000718,Servicemembers,Closed,20160122,20160518
4,57121400,"Reverse Mortgage Solutions, Inc.",16 SM 002878,Servicemembers,Open,20160318,20160318
5,57144329,"Reverse Mortgage Solutions, Inc.",16 SM 001148,Servicemembers,Open,20160205,20160205
6,57156539,"Reverse Mortgage Solutions, Inc.",16 SM 001126,Servicemembers,Closed,20160205,20160520
7,57260674,"Reverse Mortgage Solutions, Inc.",14 MISC 483348,Servicemembers,Closed,20140429,20140819
8,57275102,"Reverse Mortgage Solutions, Inc.",14 MISC 482883,Servicemembers,Closed,20140411,20140729
9,57304749,"Reverse Mortgage Solutions, Inc.",14 MISC 482894,Servicemembers,Closed,20140411,20140612
10,57406715,"Reverse Mortgage Solutions, Inc.",14 MISC 483003,Servicemembers,Closed,20140416,20150515
11,57456346,"Reverse Mortgage Solutions, Inc.",14 MISC 483364,Servicemembers,Closed,20140430,20140711
12,57685891,"Reverse Mortgage Solutions, Inc.",14 MISC 483657,Servicemembers,Closed,20140513,20140923
13,57723103,"Reverse Mortgage Solutions, Inc.",14 MISC 483440,Servicemembers,Closed,20140502,20140716
14,57755178,"Reverse Mortgage Solutions, Inc.",14 MISC 483141,Servicemembers,Open,20140422,20140422
15,57847982,"Reverse Mortgage Solutions, Inc.",14 MISC 483486,Servicemembers,Open,20140505,20140812
16,57906846,"Reverse Mortgage Solutions, Inc.",14 MISC 483508,Servicemembers,Open,20140506,20140506
17,57930102,"Reverse Mortgage Solutions, Inc.",14 MISC 483502,Servicemembers,Closed,20140506,20140812
18,58071510,"Reverse Mortgage Solutions, Inc.",15 SM 001673,Servicemembers,Closed,20150310,20150812
19,58104958,"Reverse Mortgage Solutions, Inc.",14 MISC 486268,Servicemembers,Closed,20140910,20141124
20,58169029,"Reverse Mortgage Solutions, Inc.",14 MISC 483828,Servicemembers,Closed,20140521,20140718
21,58211926,"Reverse Mortgage Solutions, Inc.",14 MISC 483591,Servicemembers,Closed,20140509,20150707
22,58233734,"Reverse Mortgage Solutions, Inc.",14 MISC 483590,Servicemembers,Closed,20140509,20140905
23,58261433,"Reverse Mortgage Solutions, Inc.",15 SM 004743,Servicemembers,Closed,20150609,20150916
24,58262517,"Reverse Mortgage Solutions, Inc.",15 SM 004746,Servicemembers,Closed,20150609,20150915
25,59163862,"Reverse Mortgage Solutions, Inc.",16 SM 004729,Servicemembers,Closed,20160506,20160726
26,59230711,"Reverse Mortgage Solutions, Inc.",15 SM 002976,Servicemembers,Closed,20150413,20151112
27,59309959,"Reverse Mortgage Solutions, Inc.",16 SM 002641,Servicemembers,Closed,20160314,20160810
28,59333488,"Reverse Mortgage Solutions, Inc.",16 SM 003815,Servicemembers,Closed,20160413,20161019
29,59372930,"Reverse Mortgage Solutions, Inc.",16 SM 002030,Servicemembers,Open,20160225,20160225
30,59418071,"Reverse Mortgage Solutions, Inc.",16 SM 003863,Servicemembers,Closed,20160414,20160819
31,59464028,"Reverse Mortgage Solutions, Inc.",16 SM 002065,Servicemembers,Closed,20160226,20160822
32,59875767,"Reverse Mortgage Solutions, Inc.",12 MISC 466002,Servicemembers,Closed,20120611,20140328
33,60026778,"Reverse Mortgage Solutions, Inc.",16 SM 008983,Servicemembers,Open,20160916,20160916
34,60781216,"Reverse Mortgage Solutions, Inc.",16 SM 003228,Servicemembers,Closed,20160329,20161025
35,61302547,"Reverse Mortgage Solutions, Inc.",13 MISC 475880,Servicemembers,Closed,20130122,20130509
36,61334094,"Reverse Mortgage Solutions, Inc.",15 SM 002756,Servicemembers,Open,20150403,20150403
37,61981823,"Reverse Mortgage Solutions, Inc.",15 SM 003623,Servicemembers,Open,20150501,20150501
38,62119575,"Reverse Mortgage Solutions, Inc.",15 SM 009079,Servicemembers,Closed,20151016,20160111
39,62596935,"Reverse Mortgage Solutions, Inc.",16 SM 004303,Servicemembers,Open,20160427,20160427
40,62921949,"Reverse Mortgage Solutions, Inc.",14 MISC 485318,Servicemembers,Closed,20140804,20141216
41,62996171,"Reverse Mortgage Solutions, Inc.",14 MISC 485419,Servicemembers,Open,20140807,20140807
42,63410009,"Reverse Mortgage Solutions, Inc.",15 SM 008443,Servicemembers,Closed,20150930,20151116
43,65599242,"Reverse Mortgage Solutions, Inc.",16 SM 009127,Servicemembers,Open,20160921,20160921
44,65623923,"Reverse Mortgage Solutions, Inc.",16 SM 009587,Servicemembers,Open,20161003,20161003
45,65869755,"Reverse Mortgage Solutions, Inc.",16 SM 008979,Servicemembers,Open,20160916,20160916
46,65957556,"Reverse Mortgage Solutions, Inc.",16 SM 009394,Servicemembers,Open,20160928,20160928
47,66048789,"Reverse Mortgage Solutions, Inc.",16 SM 008413,Servicemembers,Open,20160825,20160825
48,66233015,"Reverse Mortgage Solutions, Inc.",16 SM 006460,Servicemembers,Open,20160627,20160627
49,66370046,"Reverse Mortgage Solutions, Inc.",16 SM 007647,Servicemembers,Open,20160801,20160801
0,66606848,"Reverse Mortgage Solutions, Inc.",16 SM 006296,Servicemembers,Open,20160621,20160621
1,66670293,"Reverse Mortgage Solutions, Inc.",16 SM 007500,Servicemembers,Open,20160727,20160727
2,66723776,"Reverse Mortgage Solutions, Inc.",16 SM 006285,Servicemembers,Open,20160620,20160620
3,66734115,"Reverse Mortgage Solutions, Inc.",16 SM 006485,Servicemembers,Open,20160628,20160628
4,70929232,"Reverse Mortgage Solutions, Inc.",16 SM 005504,Servicemembers,Open,20160527,20160527
5,71072481,"Reverse Mortgage Solutions, Inc.",16 SM 005185,Servicemembers,Open,20160519,20160519
6,71210519,"Reverse Mortgage Solutions, Inc.",16 SM 004857,Servicemembers,Open,20160511,20160511
7,71225005,"Reverse Mortgage Solutions, Inc.",16 SM 005092,Servicemembers,Open,20160517,20160517
8,71364340,"Reverse Mortgage Solutions, Inc.",16 SM 004963,Servicemembers,Closed,20160512,20160726
9,71372297,"Reverse Mortgage Solutions, Inc.",16 SM 004964,Servicemembers,Closed,20160512,20160714
10,71823374,"Reverse Mortgage Solutions, Inc.",16 SM 005603,Servicemembers,Open,20160601,20160601
11,71849016,"Reverse Mortgage Solutions, Inc.",16 SM 005602,Servicemembers,Open,20160601,20160601
12,71861568,"Reverse Mortgage Solutions, Inc.",16 SM 005604,Servicemembers,Open,20160601,20160601
13,76512069,"Reverse Mortgage Solutions, Inc.",16 SM 006901,Servicemembers,Open,20160708,20160708
14,76513276,"Reverse Mortgage Solutions, Inc.",16 SM 006899,Servicemembers,Open,20160708,20160708
15,76746852,"Reverse Mortgage Solutions, Inc.",16 SM 009274,Servicemembers,Open,20160926,20160926
16,79425201,"Reverse Mortgage Solutions, Inc.",1611SU000248,Summary Process,Disposed (Statistical Purposes),20161118,20161209
17,81185899,"Reverse Mortgage Solutions, Inc.",17 SM 006986,Servicemembers,Closed,20170823,20180208
18,81325457,"Reverse Mortgage Solutions, Inc.",17 SM 007023,Servicemembers,Closed,20170824,20180514
19,81369171,"Reverse Mortgage Solutions, Inc.",17 SM 006803,Servicemembers,Closed,20170816,20180322
20,81950548,"Reverse Mortgage Solutions, Inc.",17 SM 002900,Servicemembers,Closed,20170331,20170511
21,82038271,"Reverse Mortgage Solutions, Inc.",17 SM 003190,Servicemembers,Closed,20170407,20171103
22,82088183,"Reverse Mortgage Solutions, Inc.",17 SM 003486,Servicemembers,Closed,20170418,20170728
23,82129240,"Reverse Mortgage Solutions, Inc.",17 SM 002980,Servicemembers,Closed,20170403,20171109
24,82265445,"Reverse Mortgage Solutions, Inc.",17 SM 002259,Servicemembers,Closed,20170317,20171113
25,82670125,"Reverse Mortgage Solutions, Inc.",17 SM 004117,Servicemembers,Closed,20170504,20180424
26,82703478,"Reverse Mortgage Solutions, Inc.",17 SM 003643,Servicemembers,Closed,20170421,20171115
27,82761821,"Reverse Mortgage Solutions, Inc.",21 SM 000952,Servicemembers,Closed,20210824,20211015
28,82762288,"Reverse Mortgage Solutions, Inc.",21 SM 000962,Servicemembers,Closed,20210825,20211013
29,82926196,"Reverse Mortgage Solutions, Inc.",16 SM 011483,Servicemembers,Closed,20161202,20180604
30,82989047,"Reverse Mortgage Solutions, Inc.",16 SM 011527,Servicemembers,Closed,20161205,20170721
31,83063145,"Reverse Mortgage Solutions, Inc.",19 SM 002639,Servicemembers,Closed,20190528,20190716
32,83132789,"Reverse Mortgage Solutions, Inc.",19 SM 002771,Servicemembers,Closed,20190606,20190814
33,83146565,"Reverse Mortgage Solutions, Inc.",19 SM 002785,Servicemembers,Closed,20190607,20190930
34,83202519,"Reverse Mortgage Solutions, Inc.",19 SM 002859,Servicemembers,Closed,20190613,20190814
35,83207575,"Reverse Mortgage Solutions, Inc.",19 SM 002860,Servicemembers,Closed,20190613,20190808
36,83281530,"Reverse Mortgage Solutions, Inc.",19 SM 003052,Servicemembers,Closed,20190626,20190822
37,83753471,"Reverse Mortgage Solutions, Inc.",17 SBQ 13752 06 - 001,Subsequent,Open,20170608,20170608
38,83871233,"Reverse Mortgage Solutions, Inc.",19 SM 003994,Servicemembers,Closed,20190903,20191127
39,83879645,"Reverse Mortgage Solutions, Inc.",19 SM 004034,Servicemembers,Closed,20190905,20191121
40,83892863,"Reverse Mortgage Solutions, Inc.",19 SM 004105,Servicemembers,Closed,20190910,20191119
41,83951435,"Reverse Mortgage Solutions, Inc.",20 SM 000337,Servicemembers,Closed,20200121,20200820
42,84010157,"Reverse Mortgage Solutions, Inc.",19 SM 004527,Servicemembers,Closed,20190930,20200313
43,84018907,"Reverse Mortgage Solutions, Inc.",19 SM 004851,Servicemembers,Closed,20191015,20191210
44,84044872,"Reverse Mortgage Solutions, Inc.",19 SM 004909,Servicemembers,Closed,20191017,20200306
45,84135589,"Reverse Mortgage Solutions, Inc.",19 SM 005181,Servicemembers,Open,20191030,20191030
46,84152006,"Reverse Mortgage Solutions, Inc.",17 SM 005381,Servicemembers,Closed,20170615,20180309
47,86735463,"Reverse Mortgage Solutions, Inc.",19 SM 000004,Servicemembers,Closed,20190102,20190422
48,86842303,"Reverse Mortgage Solutions, Inc.",19 SM 000080,Servicemembers,Closed,20190107,20190410
49,86844311,"Reverse Mortgage Solutions, Inc.",19 SM 000079,Servicemembers,Closed,20190107,20190430
0,86936257,"Reverse Mortgage Solutions, Inc.",18 SM 007563,Servicemembers,Closed,20181204,20190308
1,87073933,"Reverse Mortgage Solutions, Inc.",18 SM 005938,Servicemembers,Closed,20180913,20181217
2,87102118,"Reverse Mortgage Solutions, Inc.",19 SM 000541,Servicemembers,Closed,20190128,20190521
3,87166712,"Reverse Mortgage Solutions, Inc.",18 SM 002746,Servicemembers,Closed,20180425,20180822
4,87185305,"Reverse Mortgage Solutions, Inc.",18 SM 002854,Servicemembers,Closed,20180427,20180921
5,87194303,"Reverse Mortgage Solutions, Inc.",18 SM 002485,Servicemembers,Closed,20180417,20180830
6,87212528,"Reverse Mortgage Solutions, Inc.",18 SM 002532,Servicemembers,Closed,20180418,20181119
7,87683067,"Reverse Mortgage Solutions, Inc.",18 SM 005074,Servicemembers,Closed,20180802,20181217
8,87697179,"Reverse Mortgage Solutions, Inc.",18 SM 005103,Servicemembers,Closed,20180803,20190108
9,87752424,"Reverse Mortgage Solutions, Inc.",18 SM 001736,Servicemembers,Closed,20180319,20180927
10,87893426,"Reverse Mortgage Solutions, Inc.",17 SM 008813,Servicemembers,Closed,20171106,20190423
11,4654304,Reverse Mortgage Solutions Inc.,14 MISC 485629,Servicemembers,Closed,20140815,20141023
12,56142306,Reverse Mortgage Solutions Inc.,13 MISC 477939,Servicemembers,Closed,20130515,20131009
13,4999196,"Reverse Mortgage Solutions, Inc",14 MISC 484116,Servicemembers,Open,20140606,20140606
14,57398803,"Reverse Mortgage Solutions, Inc",14H85SP004360,Housing Court Summary Process,Active,20141016,20141016
15,58271439,"Reverse Mortgage Solutions, Inc",15 SM 006916,Servicemembers,Closed,20150819,20160204
16,61032472,"Reverse Mortgage Solutions, Inc",16 SM 009930,Servicemembers,Open,20161014,20161014
17,84062323,"Reverse Mortgage Solutions, Inc",19 SM 004796,Servicemembers,Closed,20191011,20191209
18,87308948,"Reverse Mortgage Solutions, Inc",18H77SP001169,Housing Court Summary Process,Closed,20180309,20180309
19,19179125,Reverse Mortgage Solutions Inc,1477CV01894,Equitable Remedies,Closed,20141212,20150213
20,85487213,Reverse Mortgage Solutions Inc,1785CV02074,Equitable Remedies,Open,20171226,20171226
21,50931611,"Reverse Mortgage Solutions, Inc.(Subst.Pltf)",10 MISC 427305,Servicemembers,Closed,20100413,20130423
22,57137470,"Reverse Mortgage Solutions, Inc (Subst.Pltf)",11 MISC 445813,Servicemembers,Closed,20110301,20130924
23,59739632,"Reverse Mortgage Solutions, Inc (Subst.Pltf)",09 MISC 397490,Servicemembers,Closed,20090330,20130618
24,60393806,"Reverse Mortgage Solutions, Inc (Subst.Pltf)",10 MISC 431407,Servicemembers,Closed,20100607,20130326
25,63384475,"Reverse Mortgage Solutions, Inc., for the benefit of Bank of America, N.A.",11 MISC 457143,Servicemembers,Closed,20111221,20120328
