,post_id,party_name,case_number,case_type,case_status,file_date,status_date
0,53059611,"Reverse Mortgage Funding, LLC",15 SM 010980,Servicemembers,Open,20151210,20151210
1,83068367,"Reverse Mortgage Funding, LLC",19 SM 002663,Servicemembers,Closed,20190529,20190716
2,83081918,"Reverse Mortgage Funding, LLC",21 SM 001261,Servicemembers,Closed,20211013,20211201
3,83083689,"Reverse Mortgage Funding, LLC",19 SM 002682,Servicemembers,Closed,20190530,20190807
4,83106587,"Reverse Mortgage Funding, LLC",19 SM 002739,Servicemembers,Closed,20190604,20190916
5,83130646,"Reverse Mortgage Funding, LLC",19 SM 002765,Servicemembers,Closed,20190605,20190725
6,83155197,"Reverse Mortgage Funding, LLC",19 SM 002792,Servicemembers,Closed,20190607,20200123
7,83254863,"Reverse Mortgage Funding, LLC",19 SM 002971,Servicemembers,Open,20190621,20190621
8,83840211,"Reverse Mortgage Funding, LLC",2179CV00557,Equitable Remedies,Open,20211027,20211027
9,83883091,"Reverse Mortgage Funding, LLC",19 SM 004046,Servicemembers,Closed,20190905,20210825
10,83917445,"Reverse Mortgage Funding, LLC",19 SM 004156,Servicemembers,Closed,20190912,20191220
11,83936697,"Reverse Mortgage Funding, LLC",19 SM 004200,Servicemembers,Closed,20190916,20210416
12,83996356,"Reverse Mortgage Funding, LLC",19 SM 004695,Servicemembers,Closed,20191008,20191126
13,83998360,"Reverse Mortgage Funding, LLC",19 SM 004689,Servicemembers,Closed,20191008,20191015
14,83999599,"Reverse Mortgage Funding, LLC",19 SM 004686,Servicemembers,Closed,20191007,20191127
15,84012707,"Reverse Mortgage Funding, LLC",19 SM 004694,Servicemembers,Closed,20191008,20191008
16,84018315,"Reverse Mortgage Funding, LLC",19 SM 004840,Servicemembers,Closed,20191015,20191216
17,84023412,"Reverse Mortgage Funding, LLC",19 SM 004839,Servicemembers,Closed,20191015,20191202
18,84074902,"Reverse Mortgage Funding, LLC",19 SM 005006,Servicemembers,Closed,20191022,20191210
19,84113346,"Reverse Mortgage Funding, LLC",17 SM 006341,Servicemembers,Closed,20170725,20180212
20,84129991,"Reverse Mortgage Funding, LLC",19 SM 005411,Servicemembers,Closed,20191108,20200102
21,84145992,"Reverse Mortgage Funding, LLC",19 SM 005493,Servicemembers,Closed,20191113,20210212
22,86783066,"Reverse Mortgage Funding, LLC",18 SM 007897,Servicemembers,Closed,20181219,20190402
23,87038563,"Reverse Mortgage Funding, LLC",19 SM 000441,Servicemembers,Closed,20190123,20190516
24,87075839,"Reverse Mortgage Funding, LLC",19 SM 000475,Servicemembers,Closed,20190124,20191106
25,87076720,"Reverse Mortgage Funding, LLC",19 SM 000473,Servicemembers,Closed,20190124,20190513
26,87091385,"Reverse Mortgage Funding, LLC",19 SM 000499,Servicemembers,Closed,20190125,20190514
27,87104650,"Reverse Mortgage Funding, LLC",18 SM 002002,Servicemembers,Closed,20180327,20201201
28,87112679,"Reverse Mortgage Funding, LLC",18 SM 002016,Servicemembers,Closed,20180327,20190521
29,87115174,"Reverse Mortgage Funding, LLC",18 SM 002100,Servicemembers,Open,20180330,20180330
30,87200663,"Reverse Mortgage Funding, LLC",18 SM 002508,Servicemembers,Closed,20180417,20191122
31,87703005,"Reverse Mortgage Funding, LLC",18 SM 005159,Servicemembers,Closed,20180806,20181206
32,87729860,"Reverse Mortgage Funding, LLC",18 SM 001735,Servicemembers,Closed,20180316,20180830
33,87734626,"Reverse Mortgage Funding, LLC",18 SM 005218,Servicemembers,Closed,20180809,20190228
34,76639781,Reverse Mortgage Funding LLC,16 SM 010140,Servicemembers,Open,20161019,20161019
35,81841956,Reverse Mortgage Funding LLC,17 SM 009190,Servicemembers,Closed,20171124,20180605
36,82044701,Reverse Mortgage Funding LLC,17 SM 009280,Servicemembers,Closed,20171129,20180329
37,83129749,Reverse Mortgage Funding LLC,19 SM 002764,Servicemembers,Closed,20190605,20200224
38,83168197,Reverse Mortgage Funding LLC,19 SM 002817,Servicemembers,Closed,20190610,20200103
39,83770847,Reverse Mortgage Funding LLC,17 SM 005785,Servicemembers,Closed,20170630,20180604
40,83885179,Reverse Mortgage Funding LLC,20 SM 000038,Servicemembers,Open,20200103,20200103
41,83977784,Reverse Mortgage Funding LLC,20 SM 000616,Servicemembers,Closed,20200203,20210121
42,83980186,Reverse Mortgage Funding LLC,20 SM 000375,Servicemembers,Closed,20200123,20200207
43,83986355,Reverse Mortgage Funding LLC,20 SM 000374,Servicemembers,Closed,20200123,20200818
44,83991412,Reverse Mortgage Funding LLC,20 SM 000372,Servicemembers,Closed,20200123,20200226
45,83991494,Reverse Mortgage Funding LLC,20 SM 000373,Servicemembers,Closed,20200123,20200827
46,83996727,Reverse Mortgage Funding LLC,20 SM 000437,Servicemembers,Closed,20200127,20210225
47,84031413,Reverse Mortgage Funding LLC,20 SM 000499,Servicemembers,Closed,20200129,20200827
48,84117067,Reverse Mortgage Funding LLC,19 SM 005117,Servicemembers,Closed,20191028,20191217
49,84118811,Reverse Mortgage Funding LLC,19 SM 005116,Servicemembers,Closed,20191028,20191216
0,84124797,Reverse Mortgage Funding LLC,19 SM 005438,Servicemembers,Closed,20191108,20201230
1,84127442,Reverse Mortgage Funding LLC,19 SM 005435,Servicemembers,Closed,20191108,20200227
2,84139680,Reverse Mortgage Funding LLC,19 SM 005488,Servicemembers,Open,20191112,20191112
3,87123088,Reverse Mortgage Funding LLC,18 SM 002197,Servicemembers,Closed,20180404,20180619
4,87212438,Reverse Mortgage Funding LLC,18 SM 002573,Servicemembers,Closed,20180419,20180824
5,87259098,Reverse Mortgage Funding LLC,19 SM 002337,Servicemembers,Closed,20190506,20190520
6,86686262,"Reverse Mortgage Funding, LLC (Subst.Pltf)",18 SM 007850,Servicemembers,Closed,20181214,20190710
