,post_id,party_name,case_number,case_type,case_status,file_date,status_date
0,60326,"Sacor Financial, Inc.",1427CV000372,Civil,Disposed (Statistical Purposes),20140922,20141217
1,359652,"Sacor Financial, Inc.",1359CV000638,Civil,Disposed (Statistical Purposes),20130731,20141226
2,426381,"Sacor Financial, Inc.",1320CV000368,Civil,Disposed (Statistical Purposes),20131223,20141017
3,489841,"Sacor Financial, Inc.",1218CV000345,Civil,Disposed (Statistical Purposes),20120328,20120601
4,780663,"Sacor Financial, Inc.",1142CV000068,Civil,Disposed (Statistical Purposes),20110425,20110715
5,914563,"Sacor Financial, Inc.",1257CV000240,Civil,Disposed (Statistical Purposes),20120417,20140826
6,1302414,"Sacor Financial, Inc.",1334CV000535,Civil,Disposed (Statistical Purposes),20130920,20140121
7,1378928,"Sacor Financial, Inc.",1349CV000454,Civil,Disposed (Statistical Purposes),20130805,20140129
8,1683275,"Sacor Financial, Inc.",1198CV000229,Civil,Disposed (Statistical Purposes),20110627,20111214
9,1943764,"Sacor Financial, Inc.",1267CV000363,Civil,Disposed (Statistical Purposes),20120809,20121207
10,2810908,"Sacor Financial, Inc.",1134CV000622,Civil,Disposed (Statistical Purposes),20110628,20111115
11,3031556,"Sacor Financial, Inc.",1167CV000660,Civil,Disposed (Statistical Purposes),20111222,20120821
12,3360079,"Sacor Financial, Inc.",1431CV000979,Civil,Disposed (Statistical Purposes),20141231,20150219
13,3373224,"Sacor Financial, Inc.",1187CV000222,Civil,Disposed (Statistical Purposes),20111117,20120404
14,3415836,"Sacor Financial, Inc.",1229CV000160,Civil,Disposed (Statistical Purposes),20121203,20130225
15,3581085,"Sacor Financial, Inc.",1215CV000226,Civil,Disposed (Statistical Purposes),20120209,20120320
16,4069016,"Sacor Financial, Inc.",1118CV001282,Civil,Disposed (Statistical Purposes),20110920,20111123
17,4472048,"Sacor Financial, Inc.",1123CV001896,Civil,Disposed (Statistical Purposes),20111114,20140602
18,4582838,"Sacor Financial, Inc.",1120CV000354,Civil,Disposed (Statistical Purposes),20110811,20120521
19,4641335,"Sacor Financial, Inc.",1227CV000069,Civil,Disposed (Statistical Purposes),20120221,20120323
20,4757423,"Sacor Financial, Inc.",1148CV000265,Civil,Disposed (Statistical Purposes),20110516,20110822
21,4783399,"Sacor Financial, Inc.",1218SC002244,Small Claims,Disposed (Statistical Purposes),20121130,20131121
22,4972331,"Sacor Financial, Inc.",1120CV000484,Civil,Disposed (Statistical Purposes),20111114,20120123
23,5022044,"Sacor Financial, Inc.",1211CV000531,Civil,Disposed (Statistical Purposes),20120328,20120731
24,5661523,"Sacor Financial, Inc.",1411CV001370,Civil,Pending,20140922,20140922
25,5871605,"Sacor Financial, Inc.",1218CV000688,Civil,Disposed (Statistical Purposes),20120621,20140725
26,6030287,"Sacor Financial, Inc.",1233CV000769,Civil,Disposed (Statistical Purposes),20120808,20121231
27,6176589,"Sacor Financial, Inc.",1464CV000127,Civil,Disposed (Statistical Purposes),20140306,20141212
28,6387556,"Sacor Financial, Inc.",1315CV001279,Civil,Disposed (Statistical Purposes),20130813,20140417
29,6720435,"Sacor Financial, Inc.",1220CV000361,Civil,Disposed (Statistical Purposes),20121113,20140912
30,6913926,"Sacor Financial, Inc.",1131CV001369,Civil,Disposed (Statistical Purposes),20111209,20120517
31,7150218,"Sacor Financial, Inc.",1353CV000641,Civil,Disposed (Statistical Purposes),20130808,20141021
32,7285363,"Sacor Financial, Inc.",1231CV000282,Civil,Disposed (Statistical Purposes),20120326,20140619
33,7425398,"Sacor Financial, Inc.",1157CV001023,Civil,Disposed (Statistical Purposes),20111230,20120229
34,7560548,"Sacor Financial, Inc.",1262CV000368,Civil,Disposed (Statistical Purposes),20120229,20120502
35,7697712,"Sacor Financial, Inc.",1151CV000724,Civil,Disposed (Statistical Purposes),20111114,20111213
36,7701222,"Sacor Financial, Inc.",1154CV001101,Civil,Disposed (Statistical Purposes),20111114,20120710
37,7773759,"Sacor Financial, Inc.",1432CV000059,Civil,Disposed (Statistical Purposes),20140121,20141218
38,7878754,"Sacor Financial, Inc.",1220CV000047,Civil,Disposed (Statistical Purposes),20120208,20130510
39,7976600,"Sacor Financial, Inc.",1362CV001367,Civil,Disposed (Statistical Purposes),20130809,20140709
40,7976897,"Sacor Financial, Inc.",1362CV001368,Civil,Disposed (Statistical Purposes),20130809,20140820
41,8208735,"Sacor Financial, Inc.",1459CV000927,Civil,Pending,20140922,20140922
42,8377827,"Sacor Financial, Inc.",1338CV000520,Civil,Disposed (Statistical Purposes),20130927,20140227
43,8544389,"Sacor Financial, Inc.",1169SC000578,Small Claims,Disposed (Statistical Purposes),20110714,20120126
44,8610027,"Sacor Financial, Inc.",1211CV001389,Civil,Disposed (Statistical Purposes),20120815,20130128
45,8649120,"Sacor Financial, Inc.",1134CV001157,Civil,Disposed (Statistical Purposes),20111229,20120910
46,8652095,"Sacor Financial, Inc.",1134CV001163,Civil,Disposed (Statistical Purposes),20111230,20120523
47,8661825,"Sacor Financial, Inc.",1114CV000314,Civil,Disposed (Statistical Purposes),20110502,20110803
48,9085082,"Sacor Financial, Inc.",1238CV000461,Civil,Disposed (Statistical Purposes),20120727,20121012
49,9199859,"Sacor Financial, Inc.",1459CV001165,Civil,Disposed (Statistical Purposes),20141204,20150225
0,9317514,"Sacor Financial, Inc.",1115SC000817,Small Claims,Disposed (Statistical Purposes),20110330,20110524
1,9432605,"Sacor Financial, Inc.",1238CV000488,Civil,Disposed (Statistical Purposes),20120807,20131011
2,9433676,"Sacor Financial, Inc.",1238CV000489,Civil,Disposed (Statistical Purposes),20120807,20131023
3,9505333,"Sacor Financial, Inc.",1131CV000756,Civil,Disposed (Statistical Purposes),20110609,20130926
4,9516797,"Sacor Financial, Inc.",1488CV000004,Civil,Pending,20140130,20140130
5,9736265,"Sacor Financial, Inc.",1488CV000037,Civil,Disposed (Statistical Purposes),20140616,20150831
6,10345684,"Sacor Financial, Inc.",1433CV000043,Civil,Disposed (Statistical Purposes),20140121,20140926
7,10388318,"Sacor Financial, Inc.",1133CV001380,Civil,Disposed (Statistical Purposes),20111114,20120109
8,10678339,"Sacor Financial, Inc.",1115CV002183,Civil,Disposed (Statistical Purposes),20111116,20120206
9,11006889,"Sacor Financial, Inc.",1358CV000490,Civil,Disposed (Statistical Purposes),20131001,20150810
10,11189539,"Sacor Financial, Inc.",1343CV000277,Civil,Disposed (Statistical Purposes),20130809,20140213
11,11401461,"Sacor Financial, Inc.",1259CV000204,Civil,Disposed (Statistical Purposes),20120214,20120720
12,11545119,"Sacor Financial, Inc.",1264CV000302,Civil,Disposed (Statistical Purposes),20120525,20130110
13,11904751,"Sacor Financial, Inc.",1165SC000211,Small Claims,Disposed (Statistical Purposes),20110404,20110519
14,11990874,"Sacor Financial, Inc.",1133CV001523,Civil,Disposed (Statistical Purposes),20111222,20120814
15,12324708,"Sacor Financial, Inc.",1138CV000917,Civil,Disposed (Statistical Purposes),20111220,20120822
16,12884969,"Sacor Financial, Inc.",1462CV000136,Civil,Disposed (Statistical Purposes),20140127,20150227
17,13033904,"Sacor Financial, Inc.",1165SC000356,Small Claims,Pending,20110608,20110608
18,13170192,"Sacor Financial, Inc.",1232CV001161,Civil,Disposed (Statistical Purposes),20121114,20121218
19,13584702,"Sacor Financial, Inc.",1242SP000033,Supplementary Process,Pending,20120322,20120322
20,13709057,"Sacor Financial, Inc.",1320CV000305,Civil,Disposed (Statistical Purposes),20131017,20140226
21,13839924,"Sacor Financial, Inc.",1109CV000204,Civil,Disposed (Statistical Purposes),20111117,20120309
22,14112837,"Sacor Financial, Inc.",1234CV000406,Civil,Disposed (Statistical Purposes),20120612,20120813
23,14249157,"Sacor Financial, Inc.",1152CV000538,Civil,Disposed (Statistical Purposes),20110707,20140520
24,14876473,"Sacor Financial, Inc.",1238CV000319,Civil,Disposed (Statistical Purposes),20120529,20120828
25,14904328,"Sacor Financial, Inc.",1333CV000626,Civil,Disposed (Statistical Purposes),20130702,20140312
26,14905927,"Sacor Financial, Inc.",1414CV000149,Civil,Pending,20140311,20140311
27,15053885,"Sacor Financial, Inc.",1116CV000210,Civil,Disposed (Statistical Purposes),20110516,20110722
28,15681642,"Sacor Financial, Inc.",1258CV000111,Civil,Disposed (Statistical Purposes),20120305,20120725
29,15726417,"Sacor Financial, Inc.",1163CV000150,Civil,Disposed (Statistical Purposes),20110614,20111017
30,15928359,"Sacor Financial, Inc.",1323CV002079,Civil,Disposed (Statistical Purposes),20131209,20140422
31,15973598,"Sacor Financial, Inc.",1258CV000299,Civil,Disposed (Statistical Purposes),20120615,20120809
32,16144006,"Sacor Financial, Inc.",1225CV000998,Civil,Disposed (Statistical Purposes),20121204,20130408
33,16739865,"Sacor Financial, Inc.",1164CV000465,Civil,Disposed (Statistical Purposes),20110614,20110909
34,17106687,"Sacor Financial, Inc.",1359CV000553,Civil,Disposed (Statistical Purposes),20130710,20131210
35,17523545,"Sacor Financial, Inc.",1289CV000509,Civil,Pending,20121113,20121113
36,17616640,"Sacor Financial, Inc.",1161CV000247,Civil,Disposed (Statistical Purposes),20110623,20110920
37,17901904,"Sacor Financial, Inc.",1406CV000012,Civil,Disposed (Statistical Purposes),20140102,20141017
38,18689120,"Sacor Financial, Inc.",1204CV000057,Civil,Disposed (Statistical Purposes),20121015,20130523
39,18823424,"Sacor Financial, Inc.",1304CV000031,Civil,Pending,20130808,20130808
40,19978730,"Sacor Financial, Inc.",0604CV000074,Civil,Disposed (Statistical Purposes),20060606,20150130
41,19979637,"Sacor Financial, Inc.",0604CV000075,Civil,Pending,20060614,20150422
42,21115501,"Sacor Financial, Inc.",1504SP000019,Supplementary Process,Disposed (Statistical Purposes),20151013,20151210
43,21161213,"Sacor Financial, Inc.",1507CV000839,Civil,Disposed (Statistical Purposes),20151022,20151214
44,21902568,"Sacor Financial, Inc.",1506CV000284,Civil,Pending,20150713,20150713
45,22219432,"Sacor Financial, Inc.",0752CV001445,Civil,Disposed (Statistical Purposes),20071018,20080104
46,23000528,"Sacor Financial, Inc.",1525SP000090,Supplementary Process,Disposed (Statistical Purposes),20150616,20160308
47,23175859,"Sacor Financial, Inc.",1525SP000131,Supplementary Process,Disposed (Statistical Purposes),20150827,20151208
48,23207790,"Sacor Financial, Inc.",1614SP000007,Supplementary Process,Disposed (Statistical Purposes),20160126,20160330
49,23659987,"Sacor Financial, Inc.",1509SP000017,Supplementary Process,Disposed (Statistical Purposes),20150716,20150825
0,24261647,"Sacor Financial, Inc.",1520SP000051,Supplementary Process,Disposed (Statistical Purposes),20150504,20150622
1,24773802,"Sacor Financial, Inc.",1549SP000212,Supplementary Process,Pending,20151102,20151102
2,25049811,"Sacor Financial, Inc.",1569SP000056,Supplementary Process,Disposed (Statistical Purposes),20150413,20151013
3,25129348,"Sacor Financial, Inc.",1564SP000145,Supplementary Process,Disposed (Statistical Purposes),20150921,20151103
4,25490593,"Sacor Financial, Inc.",1518CV000862,Civil,Pending,20151027,20151027
5,25519764,"Sacor Financial, Inc.",1532CV000507,Civil,Pending,20150615,20150615
6,25652990,"Sacor Financial, Inc.",1589SP000046,Supplementary Process,Disposed (Statistical Purposes),20150501,20150714
7,25705119,"Sacor Financial, Inc.",1518SP000387,Supplementary Process,Pending,20151214,20151214
8,26092902,"Sacor Financial, Inc.",0689CV000348,Civil,Disposed (Statistical Purposes),20060614,20060912
9,26107035,"Sacor Financial, Inc.",0689CV000341,Civil,Disposed (Statistical Purposes),20060612,20060815
10,27912526,"Sacor Financial, Inc.",1521SP000104,Supplementary Process,Disposed (Statistical Purposes),20151218,20160315
11,28000601,"Sacor Financial, Inc.",1518SP000282,Supplementary Process,Disposed (Statistical Purposes),20150803,20150929
12,28257367,"Sacor Financial, Inc.",1533CV000752,Civil,Pending,20151026,20151026
13,28733568,"Sacor Financial, Inc.",1561CV000111,Civil,Disposed (Statistical Purposes),20150608,20151007
14,28752000,"Sacor Financial, Inc.",1511SP000429,Supplementary Process,Disposed (Statistical Purposes),20150803,20150914
15,29468113,"Sacor Financial, Inc.",1511SP000340,Supplementary Process,Disposed (Statistical Purposes),20150619,20151007
16,29553226,"Sacor Financial, Inc.",1543CV000306,Civil,Pending,20151109,20151109
17,29581379,"Sacor Financial, Inc.",1543SP000178,Supplementary Process,Pending,20151013,20151013
18,29590956,"Sacor Financial, Inc.",1618SP000050,Supplementary Process,Pending,20160314,20160314
19,29753781,"Sacor Financial, Inc.",1518SP000058,Supplementary Process,Disposed (Statistical Purposes),20150212,20150421
20,29934996,"Sacor Financial, Inc.",1550SP000237,Supplementary Process,Disposed (Statistical Purposes),20150804,20151009
21,30172722,"Sacor Financial, Inc.",1521SP000069,Supplementary Process,Disposed (Statistical Purposes),20150629,20150901
22,30600783,"Sacor Financial, Inc.",1556CV001436,Civil,Pending,20151110,20151110
23,31552455,"Sacor Financial, Inc.",0621CV000232,Civil,Disposed (Statistical Purposes),20060613,20060811
24,32019914,"Sacor Financial, Inc.",1533SP000211,Supplementary Process,Disposed (Statistical Purposes),20150803,20151020
25,32332311,"Sacor Financial, Inc.",1559SP000154,Supplementary Process,Disposed (Statistical Purposes),20150408,20150814
26,32701443,"Sacor Financial, Inc.",1560SP000170,Supplementary Process,Disposed (Statistical Purposes),20151118,20160211
27,33092703,"Sacor Financial, Inc.",1553CV000674,Civil,Pending,20151013,20151013
28,33112289,"Sacor Financial, Inc.",1543SP000056,Supplementary Process,Disposed (Statistical Purposes),20150323,20151020
29,33559069,"Sacor Financial, Inc.",1562SP000413,Supplementary Process,Disposed (Statistical Purposes),20151209,20160202
30,33733073,"Sacor Financial, Inc.",1527SP000098,Supplementary Process,Disposed (Statistical Purposes),20150921,20160127
31,33867010,"Sacor Financial, Inc.",1559SP000092,Supplementary Process,Disposed (Statistical Purposes),20150212,20150609
32,34034705,"Sacor Financial, Inc.",1556SP000427,Supplementary Process,Disposed (Statistical Purposes),20150706,20150814
33,35657569,"Sacor Financial, Inc.",1656SP000006,Supplementary Process,Disposed (Statistical Purposes),20160112,20160224
34,36112691,"Sacor Financial, Inc.",1565CV000007,Civil,Disposed (Statistical Purposes),20150113,20151209
35,38089272,"Sacor Financial, Inc.",1662CV000345,Civil,Pending,20160317,20160317
36,39968203,"Sacor Financial, Inc.",1562CV001148,Civil,Disposed (Statistical Purposes),20150825,20151103
37,40144975,"Sacor Financial, Inc.",1562CV000073,Civil,Disposed (Statistical Purposes),20150120,20160128
38,45343625,"Sacor Financial, Inc.",1258CV000640,Civil,Disposed (Statistical Purposes),20121204,20130131
39,45343626,"Sacor Financial, Inc.",1258CV000640,Civil,Disposed (Statistical Purposes),20121204,20130131
40,45343627,"Sacor Financial, Inc.",1258CV000640,Civil,Disposed (Statistical Purposes),20121204,20130131
41,47896391,"Sacor Financial, Inc.",1206CV000247,Civil,Disposed (Statistical Purposes),20120404,20120827
42,47910856,"Sacor Financial, Inc.",1258CV000647,Civil,Disposed (Statistical Purposes),20121207,20121217
43,48207590,"Sacor Financial, Inc.",1534CV000398,Civil,Disposed (Statistical Purposes),20150820,20151118
44,48221735,"Sacor Financial, Inc.",1532SP000212,Supplementary Process,Pending,20150716,20150716
45,48257952,"Sacor Financial, Inc.",1531SP000255,Supplementary Process,Disposed (Statistical Purposes),20150921,20151217
46,48655861,"Sacor Financial, Inc.",1607CV000263,Civil,Pending,20160421,20160421
47,48661985,"Sacor Financial, Inc.",1606SP000058,Supplementary Process,Pending,20160421,20160421
48,48662435,"Sacor Financial, Inc.",1606CV000127,Civil,Disposed (Statistical Purposes),20160421,20160511
49,48699786,"Sacor Financial, Inc.",1649CV000204,Civil,Pending,20160506,20160506
0,48757336,"Sacor Financial, Inc.",1653SP000048,Supplementary Process,Pending,20160427,20160427
1,49810829,"Sacor Financial, Inc.",1223CV000027,Civil,Disposed (Statistical Purposes),20120106,20140926
2,49820158,"Sacor Financial, Inc.",1123CV001742,Civil,Disposed (Statistical Purposes),20111017,20120709
3,53334936,"Sacor Financial, Inc.",1462CV000462,Civil,Disposed (Statistical Purposes),20140306,20140616
4,53500425,"Sacor Financial, Inc.",1214CV000587,Civil,Disposed (Statistical Purposes),20120808,20140609
5,54741233,"Sacor Financial, Inc.",1523SP000435,Supplementary Process,Disposed (Statistical Purposes),20150804,20150910
6,56280180,"Sacor Financial, Inc.",1162CV002689,Civil,Disposed (Statistical Purposes),20111229,20140417
7,56536158,"Sacor Financial, Inc.",1556SP000354,Supplementary Process,Disposed (Statistical Purposes),20150520,20150630
8,56802492,"Sacor Financial, Inc.",1262CV001423,Civil,Disposed (Statistical Purposes),20120808,20140423
9,57852118,"Sacor Financial, Inc.",1262CV000485,Civil,Disposed (Statistical Purposes),20120320,20130905
10,59633347,"Sacor Financial, Inc.",1411CV000381,Civil,Disposed (Statistical Purposes),20140306,20150203
11,60083291,"Sacor Financial, Inc.",1634SP000092,Supplementary Process,Pending,20161102,20161102
12,62525320,"Sacor Financial, Inc.",1211CV000234,Civil,Disposed (Statistical Purposes),20120208,20140506
13,63793254,"Sacor Financial, Inc.",1643CV000160,Civil,Pending,20160627,20160627
14,63996615,"Sacor Financial, Inc.",1318CV000670,Civil,Disposed (Statistical Purposes),20130614,20160128
15,64054231,"Sacor Financial, Inc.",1659SP000099,Supplementary Process,Disposed (Statistical Purposes),20160627,20160819
16,64494906,"Sacor Financial, Inc.",1618SP000156,Supplementary Process,Pending,20160812,20160812
17,65106285,"Sacor Financial, Inc.",1315CV000424,Civil,Closed,20130227,20140417
18,65585253,"Sacor Financial, Inc.",1625CV000518,Civil,Pending,20161102,20161102
19,65587948,"Sacor Financial, Inc.",1625SP000108,Supplementary Process,Pending,20161102,20161102
20,65660947,"Sacor Financial, Inc.",1342CV000013,Civil,Disposed (Statistical Purposes),20130219,20130604
21,66668664,"Sacor Financial, Inc.",1351CV000198,Civil,Disposed (Statistical Purposes),20130501,20130903
22,66778263,"Sacor Financial, Inc.",1327SP000088,Supplementary Process,Disposed (Statistical Purposes),20130618,20130802
23,66895128,"Sacor Financial, Inc.",1327CV000058,Civil,Disposed (Statistical Purposes),20130214,20130506
24,69776058,"Sacor Financial, Inc.",1361CV000034,Civil,Disposed (Statistical Purposes),20130211,20130418
25,70062430,"Sacor Financial, Inc.",1101CV001263,Civil,Closed,20110608,20111117
26,70472631,"Sacor Financial, Inc.",1608SP000015,Supplementary Process,Pending,20160627,20160627
27,70947521,"Sacor Financial, Inc.",1501SP000011,Supplementary Process,Open,20150225,20150225
28,71521068,"Sacor Financial, Inc.",1606CV000181,Civil,Pending,20160531,20160531
29,72257089,"Sacor Financial, Inc.",1349SC000614,Small Claims,Disposed (Statistical Purposes),20130617,20140821
30,72400872,"Sacor Financial, Inc.",1649SP000109,Supplementary Process,Disposed (Statistical Purposes),20160816,20160923
31,72704094,"Sacor Financial, Inc.",1331CV000136,Civil,Disposed (Statistical Purposes),20130213,20130815
32,73088353,"Sacor Financial, Inc.",1662SP000130,Supplementary Process,Pending,20160606,20160606
33,73560773,"Sacor Financial, Inc.",1602SP000053,Supplementary Process,Disposed (Statistical Purposes),20160627,20160928
34,73985159,"Sacor Financial, Inc.",0683CV00804,Contract / Business Cases,Closed,20060707,20071010
35,74271196,"Sacor Financial, Inc.",1398CV000035,Civil,Disposed (Statistical Purposes),20130214,20130417
36,74347511,"Sacor Financial, Inc.",1321CV000052,Civil,Disposed (Statistical Purposes),20130213,20130607
37,77800409,"Sacor Financial, Inc.",1887CV000141,Civil,Disposed (Statistical Purposes),20181231,20190417
38,78154838,"Sacor Financial, Inc.",1323CV000247,Civil,Disposed (Statistical Purposes),20130211,20130830
39,78378528,"Sacor Financial, Inc.",1703CV000058,Civil,Disposed (Statistical Purposes),20170517,20181029
40,78575751,"Sacor Financial, Inc.",1701CV000855,Civil,Disposed (Statistical Purposes),20170517,20180220
41,78724891,"Sacor Financial, Inc.",1725CV000120,Civil,Open,20170223,20170223
42,78860891,"Sacor Financial, Inc.",1725CV000142,Civil,Disposed (Statistical Purposes),20170307,20180110
43,80046142,"Sacor Financial, Inc.",1901CV001253,Civil,Disposed (Statistical Purposes),20190621,20191015
44,80137487,"Sacor Financial, Inc.",1934CV000269,Civil,Open,20190729,20190729
45,80208262,"Sacor Financial, Inc.",1753CV000137,Civil,Open,20170221,20170221
46,80431256,"Sacor Financial, Inc.",1744SP000028,Supplementary Process,Disposed (Statistical Purposes),20170517,20170823
47,80459568,"Sacor Financial, Inc.",1762SP000183,Supplementary Process,Open,20170914,20170914
48,80629257,"Sacor Financial, Inc.",2001CV000585,Civil,Closed,20200309,20210409
49,80637793,"Sacor Financial, Inc.",2001CV000590,Civil,Closed,20200309,20210409
0,81074650,"Sacor Financial, Inc.",2164CV000072,Civil,Disposed (Statistical Purposes),20210308,20211102
1,83538291,"Sacor Financial, Inc.",1689SP000072,Supplementary Process,Disposed (Statistical Purposes),20161117,20161222
2,83622830,"Sacor Financial, Inc.",1718SP000161,Supplementary Process,Open,20170914,20170914
3,83795680,"Sacor Financial, Inc.",1903CV000002,Civil,Covid 19 XXX Notice Issued,20190110,20210122
4,83855596,"Sacor Financial, Inc.",1801CV002592,Civil,Disposed (Statistical Purposes),20181214,20190109
5,84234080,"Sacor Financial, Inc.",1901CV000073,Civil,Closed,20190111,20190912
6,84678290,"Sacor Financial, Inc.",2182CV00294,Contract / Business Cases,Open,20210331,20210331
7,84895740,"Sacor Financial, Inc.",1825CV000298,Civil,Disposed (Statistical Purposes),20180613,20181205
8,85509831,"Sacor Financial, Inc.",1858CV000498,Civil,Disposed (Statistical Purposes),20181231,20220209
9,85578824,"Sacor Financial, Inc.",1932CV000022,Civil,Open,20190111,20190111
10,86022980,"Sacor Financial, Inc.",1851CV000467,Civil,Open,20181206,20181206
11,86352298,"Sacor Financial, Inc.",1862CV001903,Civil,Disposed (Statistical Purposes),20181228,20190820
12,88129036,"Sacor Financial, Inc.",1711SP000247,Supplementary Process,Open,20170921,20170921
13,88834578,"Sacor Financial, Inc.",1801CV002544,Civil,Disposed (Statistical Purposes),20181206,20190807
14,244177,"Sacor Financial, Inc",1355SC000566,Small Claims,Disposed (Statistical Purposes),20130715,20131205
15,342243,"Sacor Financial, Inc",1331CV000617,Civil,Disposed (Statistical Purposes),20130809,20130930
16,343711,"Sacor Financial, Inc",1331CV000618,Civil,Pending,20130809,20130809
17,1889632,"Sacor Financial, Inc",1431CV000710,Civil,Pending,20140822,20140822
18,4371934,"Sacor Financial, Inc",1114CV000984,Civil,Disposed (Statistical Purposes),20111228,20140509
19,5369968,"Sacor Financial, Inc",1448CV000085,Civil,Disposed (Statistical Purposes),20140312,20140610
20,8205030,"Sacor Financial, Inc",1216CV000092,Civil,Disposed (Statistical Purposes),20120403,20120608
21,9009273,"Sacor Financial, Inc",1457CV000498,Civil,Disposed (Statistical Purposes),20140924,20150604
22,9555468,"Sacor Financial, Inc",1126CV000191,Civil,Disposed (Statistical Purposes),20110516,20120221
23,10873468,"Sacor Financial, Inc",1453CV000203,Civil,Disposed (Statistical Purposes),20140304,20140708
24,12833423,"Sacor Financial, Inc",1453CV000888,Civil,Disposed (Statistical Purposes),20141027,20150826
25,12848766,"Sacor Financial, Inc",1436CV000781,Civil,Disposed (Statistical Purposes),20140922,20141119
26,15599848,"Sacor Financial, Inc",1236CV000121,Civil,Disposed (Statistical Purposes),20120207,20120613
27,18388979,"Sacor Financial, Inc",1102CV000344,Civil,Disposed (Statistical Purposes),20111222,20120321
28,22676517,"Sacor Financial, Inc",1548CV000116,Civil,Disposed (Statistical Purposes),20150511,20160129
29,24069524,"Sacor Financial, Inc",1598SP000075,Supplementary Process,Disposed (Statistical Purposes),20151102,20160114
30,25380808,"Sacor Financial, Inc",1598SP000060,Supplementary Process,Disposed (Statistical Purposes),20150824,20151125
31,32047124,"Sacor Financial, Inc",1531SP000263,Supplementary Process,Disposed (Statistical Purposes),20151013,20151221
32,36677379,"Sacor Financial, Inc",1631SP000007,Supplementary Process,Pending,20160111,20160111
33,36694346,"Sacor Financial, Inc",1631CV000024,Civil,Pending,20160113,20160113
34,48724891,"Sacor Financial, Inc",1698SP000020,Supplementary Process,Pending,20160411,20160411
35,48756540,"Sacor Financial, Inc",1655SP000032,Supplementary Process,Open,20160413,20160413
36,60064272,"Sacor Financial, Inc",1348CV000114,Civil,Disposed (Statistical Purposes),20130410,20130906
37,68014805,"Sacor Financial, Inc",1613CV000419,Civil,Disposed (Statistical Purposes),20160531,20160727
38,72707983,"Sacor Financial, Inc",1331CV000129,Civil,Disposed (Statistical Purposes),20130211,20130813
39,73437814,"Sacor Financial, Inc",1302CV000087,Civil,Disposed (Statistical Purposes),20130301,20131112
40,76818912,"Sacor Financial, Inc",1655SP000087,Supplementary Process,Open,20161107,20161107
41,79099938,"Sacor Financial, Inc",1763CV000068,Civil,Disposed (Statistical Purposes),20170517,20180405
42,79424168,"Sacor Financial, Inc",1638SP000123,Supplementary Process,Disposed (Statistical Purposes),20161121,20170206
43,79718541,"Sacor Financial, Inc",1710SP000023,Supplementary Process,Disposed (Statistical Purposes),20170329,20170525
44,81088792,"Sacor Financial, Inc",1753CV000333,Civil,Disposed (Statistical Purposes),20170518,20180613
45,82674476,"Sacor Financial, Inc",2055CV000102,Civil,Disposed (Statistical Purposes),20200309,20210730
46,88064329,"Sacor Financial, Inc",1718SP000036,Supplementary Process,Disposed (Statistical Purposes),20170331,20170530
47,1167256,Sacor Financial Inc.,1462CV001634,Civil,Disposed (Statistical Purposes),20140923,20150626
48,1168413,Sacor Financial Inc.,1462CV001635,Civil,Disposed (Statistical Purposes),20140923,20150126
49,1900540,Sacor Financial Inc.,1267CV000358,Civil,Disposed (Statistical Purposes),20120808,20121210
0,2267038,Sacor Financial Inc.,1334CV000648,Civil,Disposed (Statistical Purposes),20131121,20140206
1,2283457,Sacor Financial Inc.,1318CV001029,Civil,Pending,20131016,20131016
2,2296428,Sacor Financial Inc.,1222CV000302,Civil,Disposed (Statistical Purposes),20120815,20130809
3,2975580,Sacor Financial Inc.,1418CV001079,Civil,Disposed (Statistical Purposes),20141113,20151002
4,4123742,Sacor Financial Inc.,1223CV001543,Civil,Disposed (Statistical Purposes),20120817,20140718
5,5207083,Sacor Financial Inc.,1156CV001499,Civil,Disposed (Statistical Purposes),20110624,20121127
6,5598299,Sacor Financial Inc.,1215CV001053,Civil,Disposed (Statistical Purposes),20120627,20140501
7,5843130,Sacor Financial Inc.,1411CV001420,Civil,Pending,20141003,20141003
8,6357293,Sacor Financial Inc.,1253CV001143,Civil,Disposed (Statistical Purposes),20121130,20130130
9,6633496,Sacor Financial Inc.,1253CV000320,Civil,Disposed (Statistical Purposes),20120328,20120613
10,7026547,Sacor Financial Inc.,1353CV000523,Civil,Disposed (Statistical Purposes),20130703,20140610
11,7674606,Sacor Financial Inc.,1450CV000922,Civil,Pending,20141002,20141002
12,7957835,Sacor Financial Inc.,1213CV000319,Civil,Disposed (Statistical Purposes),20120328,20120705
13,8209921,Sacor Financial Inc.,1459CV000929,Civil,Pending,20140922,20140922
14,8243695,Sacor Financial Inc.,1213CV001491,Civil,Disposed (Statistical Purposes),20121217,20130429
15,8396477,Sacor Financial Inc.,1421CV000303,Civil,Disposed (Statistical Purposes),20140914,20150929
16,8513358,Sacor Financial Inc.,1241CV000347,Civil,Disposed (Statistical Purposes),20121217,20140425
17,8876201,Sacor Financial Inc.,1113CV000713,Civil,Disposed (Statistical Purposes),20110516,20110726
18,9464343,Sacor Financial Inc.,1114CV000461,Civil,Disposed (Statistical Purposes),20110615,20140606
19,10844567,Sacor Financial Inc.,1364CV000325,Civil,Disposed (Statistical Purposes),20130819,20140502
20,11032547,Sacor Financial Inc.,1453CV000229,Civil,Disposed (Statistical Purposes),20140311,20140716
21,11102141,Sacor Financial Inc.,1314CV000436,Civil,Disposed (Statistical Purposes),20130703,20140820
22,11240005,Sacor Financial Inc.,1213CV000711,Civil,Disposed (Statistical Purposes),20120622,20120705
23,11992181,Sacor Financial Inc.,1453CV000742,Civil,Disposed (Statistical Purposes),20140825,20150610
24,12336739,Sacor Financial Inc.,1453CV000806,Civil,Disposed (Statistical Purposes),20140922,20150121
25,12345415,Sacor Financial Inc.,1453CV000808,Civil,Disposed (Statistical Purposes),20140922,20150929
26,12799908,Sacor Financial Inc.,1234CV000834,Civil,Disposed (Statistical Purposes),20121205,20130905
27,12818145,Sacor Financial Inc.,1343CV000384,Civil,Disposed (Statistical Purposes),20131122,20140924
28,15745633,Sacor Financial Inc.,1163SC000122,Small Claims,Disposed (Statistical Purposes),20110420,20110711
29,16587049,Sacor Financial Inc.,1423CV002221,Civil,Disposed (Statistical Purposes),20141125,20150317
30,21912658,Sacor Financial Inc.,1503SP000042,Supplementary Process,Disposed (Statistical Purposes),20150921,20151118
31,21987651,Sacor Financial Inc.,1502SP000084,Supplementary Process,Pending,20150512,20150512
32,22111966,Sacor Financial Inc.,1506SP000047,Supplementary Process,Disposed (Statistical Purposes),20150226,20150505
33,22615725,Sacor Financial Inc.,1548SP000072,Supplementary Process,Disposed (Statistical Purposes),20150406,20150612
34,22739627,Sacor Financial Inc.,1515CV000077,Civil,Disposed (Statistical Purposes),20150114,20150708
35,22896182,Sacor Financial Inc.,1515CV000226,Civil,Disposed (Statistical Purposes),20150226,20160113
36,23769095,Sacor Financial Inc.,1564SP000154,Supplementary Process,Disposed (Statistical Purposes),20151019,20151209
37,24168888,Sacor Financial Inc.,1514SP000129,Supplementary Process,Disposed (Statistical Purposes),20150616,20150804
38,26733733,Sacor Financial Inc.,1538SP000169,Supplementary Process,Pending,20150824,20150824
39,28225701,Sacor Financial Inc.,1518SP000225,Supplementary Process,Disposed (Statistical Purposes),20150615,20150811
40,28271752,Sacor Financial Inc.,1518SP000224,Supplementary Process,Disposed (Statistical Purposes),20150618,20160112
41,29841984,Sacor Financial Inc.,1518SP000082,Supplementary Process,Disposed (Statistical Purposes),20150309,20150512
42,30834098,Sacor Financial Inc.,1513CV000203,Civil,Disposed (Statistical Purposes),20150309,20150515
43,32669981,Sacor Financial Inc.,1542SP000007,Supplementary Process,Disposed (Statistical Purposes),20150226,20151013
44,33424362,Sacor Financial Inc.,1562SP000353,Supplementary Process,Pending,20151106,20151106
45,35671359,Sacor Financial Inc.,1523CV000323,Civil,Pending,20150220,20150220
46,36123709,Sacor Financial Inc.,1565CV000006,Civil,Disposed (Statistical Purposes),20150113,20151203
47,36603418,Sacor Financial Inc.,0655CV000345,Civil,Disposed (Statistical Purposes),20060613,20060821
48,40139935,Sacor Financial Inc.,1553SP000225,Supplementary Process,Disposed (Statistical Purposes),20150916,20151214
49,47796998,Sacor Financial Inc.,1159CV000503,Civil,Disposed (Statistical Purposes),20110331,20130913
0,48066289,Sacor Financial Inc.,1406CV000721,Civil,Pending,20141028,20141028
1,48300718,Sacor Financial Inc.,1553SP000280,Supplementary Process,Pending,20151228,20151228
2,52881526,Sacor Financial Inc.,1206CV000828,Civil,Disposed (Statistical Purposes),20121210,20130221
3,55254425,Sacor Financial Inc.,1156CV002765,Civil,Disposed (Statistical Purposes),20111208,20120227
4,55702858,Sacor Financial Inc.,1256SP000146,Supplementary Process,Disposed (Statistical Purposes),20120326,20120507
5,59171275,Sacor Financial Inc.,1562CV000048,Civil,Disposed (Statistical Purposes),20150113,20150515
6,59530936,Sacor Financial Inc.,1562SP000088,Supplementary Process,Disposed (Statistical Purposes),20150318,20150715
7,64898693,Sacor Financial Inc.,1359CV000088,Civil,Disposed (Statistical Purposes),20130205,20140613
8,69054531,Sacor Financial Inc.,1101CV001063,Civil,Closed,20110516,20120210
9,70927319,Sacor Financial Inc.,1665SP000035,Supplementary Process,Pending,20160817,20160817
10,72475727,Sacor Financial Inc.,1331CV000165,Civil,Disposed (Statistical Purposes),20130222,20130815
11,79192337,Sacor Financial Inc.,1789SP000063,Supplementary Process,Disposed (Statistical Purposes),20171102,20180419
12,80101581,Sacor Financial Inc.,1710SP000050,Supplementary Process,Disposed (Statistical Purposes),20170613,20170727
13,1465082,Sacor Financial,1418CV000283,Civil,Disposed (Statistical Purposes),20140310,20140724
14,27947646,Sacor Financial,1549SP000017,Supplementary Process,Disposed (Statistical Purposes),20150126,20150320
15,30865620,Sacor Financial,1522SP000082,Supplementary Process,Disposed (Statistical Purposes),20150615,20160322
16,39650023,Sacor Financial,1553SP000187,Supplementary Process,Disposed (Statistical Purposes),20150727,20150928
17,50963959,Sacor Financial,1156SC002069,Small Claims,Disposed (Statistical Purposes),20110503,20110614
18,68336166,Sacor Financial,1313CV000672,Civil,Disposed (Statistical Purposes),20130628,20130924
19,2030158,Sacor Financial Inc,1157CV000421,Civil,Disposed (Statistical Purposes),20110517,20111013
20,3575247,Sacor Financial Inc,1286CV000401,Civil,Pending,20120807,20120807
21,3696013,Sacor Financial Inc,1365CV000236,Civil,Disposed (Statistical Purposes),20130816,20140401
22,5019258,Sacor Financial Inc,1356CV001359,Civil,Disposed (Statistical Purposes),20130820,20141030
23,7361798,Sacor Financial Inc,1450CV000064,Civil,Pending,20140121,20140121
24,9865053,Sacor Financial Inc,1150CV000802,Civil,Disposed (Statistical Purposes),20110608,20110926
25,10498871,Sacor Financial Inc,1358CV000413,Civil,Disposed (Statistical Purposes),20130820,20141203
26,10881473,Sacor Financial Inc,1150CV001574,Civil,Disposed (Statistical Purposes),20111202,20120611
27,12699186,Sacor Financial Inc,1256CV002018,Civil,Disposed (Statistical Purposes),20121102,20131204
28,13292787,Sacor Financial Inc,1258CV000624,Civil,Disposed (Statistical Purposes),20121123,20130808
29,13521912,Sacor Financial Inc,1258CV000675,Civil,Disposed (Statistical Purposes),20121218,20130924
30,14727116,Sacor Financial Inc,1248CV000134,Civil,Disposed (Statistical Purposes),20120328,20141030
31,14811932,Sacor Financial Inc,1250CV000312,Civil,Disposed (Statistical Purposes),20120322,20130703
32,16485367,Sacor Financial Inc,1455CV000051,Civil,Pending,20140130,20140130
33,16786296,Sacor Financial Inc,1158CV000328,Civil,Disposed (Statistical Purposes),20110427,20111114
34,19067977,Sacor Financial Inc,1207CV000571,Civil,Disposed (Statistical Purposes),20120808,20150107
35,26982522,Sacor Financial Inc,1513CV000886,Civil,Disposed (Statistical Purposes),20151013,20151013
36,29665944,Sacor Financial Inc,1586SP000133,Supplementary Process,Disposed (Statistical Purposes),20151030,20151208
37,30176510,Sacor Financial Inc,1561SP000019,Supplementary Process,Disposed (Statistical Purposes),20150319,20150520
38,31079050,Sacor Financial Inc,1550SP000033,Supplementary Process,Disposed (Statistical Purposes),20150126,20150403
39,31192970,Sacor Financial Inc,1550SP000080,Supplementary Process,Disposed (Statistical Purposes),20150311,20150424
40,34248519,Sacor Financial Inc,1556SP000594,Supplementary Process,Disposed (Statistical Purposes),20150923,20151117
41,48806486,Sacor Financial Inc,1656CV000489,Civil,Pending,20160419,20160419
42,50343751,Sacor Financial Inc,1250CV000151,Civil,Disposed (Statistical Purposes),20120207,20120320
43,50586243,Sacor Financial Inc,1156CV000778,Civil,Disposed (Statistical Purposes),20110330,20110922
44,55590021,Sacor Financial Inc,1150SP000880,Supplementary Process,Disposed (Statistical Purposes),20111205,20120202
45,56966492,Sacor Financial Inc,1331CV000884,Civil,Disposed (Statistical Purposes),20131115,20140502
46,60481434,Sacor Financial Inc,1156CV002585,Civil,Disposed (Statistical Purposes),20111114,20120227
47,63317681,Sacor Financial Inc,1456CV000595,Civil,Disposed (Statistical Purposes),20140411,20140902
48,64056580,Sacor Financial Inc,1657SP000046,Supplementary Process,Open,20160627,20160627
49,67074300,Sacor Financial Inc,1350CV000147,Civil,Disposed (Statistical Purposes),20130213,20140923
0,75218938,Sacor Financial Inc,1322CV000212,Civil,Disposed (Statistical Purposes),20130620,20150105
1,76037442,Sacor Financial Inc,1353CV000172,Civil,Disposed (Statistical Purposes),20130225,20140506
2,80814256,Sacor Financial Inc,1786SP000006,Supplementary Process,Disposed (Statistical Purposes),20170207,20170321
3,87967083,Sacor Financial Inc,1757CV000090,Civil,Disposed (Statistical Purposes),20170221,20170801
4,2061645,"Sacor Financial, Inc.,",1135CV000086,Civil,Disposed (Statistical Purposes),20110622,20110915
5,4363883,"Sacor Financial, Inc.,",1461CV000276,Civil,Pending,20141104,20141104
6,80645837,"Sacor Financial, Inc.,",2001CV000581,Civil,Closed,20200309,20210409
7,80657428,"Sacor Financial, Inc.,",2001CV000582,Civil,Open,20200309,20211024
8,80693910,"Sacor Financial, Inc.,",2001CV001499,Civil,Reopened,20201130,20210907
9,80697222,"Sacor Financial, Inc.,",2001CV001500,Civil,Closed,20201130,20210907
10,80753645,"Sacor Financial, Inc.,",2001CV001544,Civil,Closed,20201207,20210910
11,2231560,"SACOR FINANCIAL,INC.",1222CV000296,Civil,Disposed (Statistical Purposes),20120810,20130117
12,18249263,"SACOR FINANCIAL,INC.",1306CV000610,Civil,Pending,20130813,20130813
13,21207575,"SACOR FINANCIAL,INC.",1507SP000106,Supplementary Process,Disposed (Statistical Purposes),20150407,20150630
14,21256568,"SACOR FINANCIAL,INC.",1507SP000225,Supplementary Process,Pending,20150717,20150717
15,21257932,"SACOR FINANCIAL,INC.",1507SP000224,Supplementary Process,Disposed (Statistical Purposes),20150716,20150918
16,22119191,"SACOR FINANCIAL,INC.",1525SP000181,Supplementary Process,Pending,20151109,20151109
17,48653153,"SACOR FINANCIAL,INC.",1607SP000062,Supplementary Process,Pending,20160415,20160415
18,48666321,"SACOR FINANCIAL,INC.",1625SP000038,Supplementary Process,Pending,20160411,20160411
19,2560907,"Sacor Financial, INC., as assignee of Circuit City",1449CV000590,Civil,Pending,20140922,20140922
20,2563177,"Sacor Financial Inc., as assignee of Columbia Credit Services, INC.",1449CV000591,Civil,Disposed (Statistical Purposes),20140922,20150205
21,9227165,"Sacor Financial Inc., as assignee of Columbia Credit Services, INC.",1435CV000092,Civil,Pending,20140925,20140925
22,48143638,"Sacor Financial Inc., as assignee of Columbia Credit Services, INC.",1515CV000334,Civil,Disposed (Statistical Purposes),20150326,20160113
23,2822821,"Sacor Financial, Inc. as Assignee of National Credit Acceptance Inc.",1252CV000511,Civil,Disposed (Statistical Purposes),20120711,20140626
24,2866268,Sacor Financial Inc. as Assignee of Columbia Credit Services,1249CV000627,Civil,Disposed (Statistical Purposes),20120904,20121115
25,6811791,Sacor Financial Inc. as Assignee of Columbia Credit Services,1262CV001511,Civil,Disposed (Statistical Purposes),20120824,20140505
26,52834108,Sacor Financial Inc. as Assignee of Columbia Credit Services,1415CV000388,Civil,Disposed (Statistical Purposes),20140226,20151127
27,62812364,Sacor Financial Inc. as Assignee of Columbia Credit Services,1311CV001141,Civil,Disposed (Statistical Purposes),20130812,20140723
28,4420167,"Sacor Financial Inc. a/a/o Columbia Credit Services, Inc. As assignee for Hilco Receivables",1452CV000589,Civil,Pending,20140912,20140912
29,4798290,Sacor Financial Inc a/a/o Chase Bank USA NA,1356CV001285,Civil,Disposed (Statistical Purposes),20130808,20141001
30,4806918,Sacor Financial Inc as assignee of Circuit City,1356CV001294,Civil,Disposed (Statistical Purposes),20130808,20140114
31,17165613,Sacor Financial Inc as assignee of Circuit City,1455CV000416,Civil,Pending,20140922,20140922
32,55510672,Sacor Financial Inc as assignee of Circuit City,1156CV002842,Civil,Disposed (Statistical Purposes),20111221,20120821
33,58903057,Sacor Financial Inc as assignee of Circuit City,1556CV001193,Civil,Disposed (Statistical Purposes),20150909,20160129
34,69771489,Sacor Financial Inc as assignee of Circuit City,1356CV000348,Civil,Disposed (Statistical Purposes),20130226,20130408
35,5015730,Sacor Financial Inc A/A/O Columbia Credit Services Inc,1356CV001349,Civil,Disposed (Statistical Purposes),20130819,20131105
36,5026774,Sacor Financial Inc a/a/o Columbia Credit Services Inc as Assignee of Hilco Receivables,1452SP000193,Supplementary Process,Disposed (Statistical Purposes),20141231,20150224
37,6393635,Sacor Financial Inc.as Assignee of Columbia Credit Services,1315CV001310,Civil,Closed,20130814,20140507
38,6751029,Sacor Financial Inc. a/a/o Columbia Credit Services Inc.,1413CV001033,Civil,Disposed (Statistical Purposes),20140922,20150130
39,7337223,"Sacor Financial, Inc., as assignee of Chase Bank-Circuit City Plus Visa",1247CV000306,Civil,Disposed (Statistical Purposes),20120808,20121001
40,7622281,Sacor Financial as Assignee of National Credit Acceptance,1254CV000620,Civil,Disposed (Statistical Purposes),20120730,20121015
41,7823184,"Sacor Financial, Inc..",1313CV000807,Civil,Disposed (Statistical Purposes),20130807,20131002
42,8552956,"Sacor Financial, Inc. A/A/O Columbia Credit Services, Inc.",1452CV000033,Civil,Disposed (Statistical Purposes),20140122,20140716
43,24251256,"Sacor Financial, Inc. A/A/O Columbia Credit Services, Inc.",1532CV000868,Civil,Pending,20151026,20151026
44,10758197,"Sacor Financial Inc. A/A/O Columbia Credit Services, Inc.",1352CV000662,Civil,Pending,20131106,20131106
45,28272963,"Sacor Financial Inc. A/A/O Columbia Credit Services, Inc.",1533CV000753,Civil,Pending,20151026,20151026
46,48653752,"Sacor Financial Inc. A/A/O Columbia Credit Services, Inc.",1607CV000262,Civil,Pending,20160421,20160421
47,11621596,"Sacor Financial, Inc. A/A/O National Credit Acceptance, Inc.",1433CV000751,Civil,Disposed (Statistical Purposes),20140922,20141209
48,32768165,"Sacor Financial, Inc. A/A/O National Credit Acceptance, Inc.",1567SP000112,Supplementary Process,Disposed (Statistical Purposes),20151030,20160107
49,73184244,"Sacor Financial, Inc. A/A/O National Credit Acceptance, Inc.",1641SP000025,Supplementary Process,Pending,20160627,20160627
0,12560114,"Sacor Financial Inc as Assignee of Columbia Credit Services, Inc.",1433CV000885,Civil,Disposed (Statistical Purposes),20141124,20150703
1,13099691,Sacor Financial Inc. fka National Credit Adjusters,1232CV001139,Civil,Disposed (Statistical Purposes),20121102,20130226
2,13165810,Sacor Financial Inc. as assignee of Circuit City,1211CV002018,Civil,Disposed (Statistical Purposes),20121130,20130620
3,48124114,Sacor Financial Inc. as assignee of Circuit City,1511CV001126,Civil,Pending,20150911,20150911
4,13560229,"Sacor Financial,Inc. as assignee of Circuit City",1232CV000194,Civil,Disposed (Statistical Purposes),20120302,20120412
5,13644563,Sacor Financial Inc as assignee of MBNA Bankcard,1256CV002153,Civil,Disposed (Statistical Purposes),20121126,20140219
6,51198096,Sacor Financial Inc as assignee of MBNA Bankcard,1556SP000589,Supplementary Process,Disposed (Statistical Purposes),20150922,20151110
7,14666772,"Sacor Financial, Inc. as assignee of MBNA Bankcard",1288CV000043,Civil,Disposed (Statistical Purposes),20120626,20140325
8,21145282,"Sacor Financial, Inc. as assignee of MBNA Bankcard",0708CV000222,Civil,Disposed (Statistical Purposes),20070719,20071015
9,16789374,Sacor Financial Inc as assignee of Columbia Credit Sercives,1355CV000387,Civil,Pending,20130819,20130819
10,17403161,Sacor Financial Inc. Assignee Of Ge Money,1113CV001872,Civil,Disposed (Statistical Purposes),20111220,20120814
11,17904437,"Sacor Financial Inc. as Assignee of Columbia Credit Services, Inc.",1405CV000245,Civil,Disposed (Statistical Purposes),20141103,20150526
12,26049025,"Sacor Financial Inc. as Assignee of Columbia Credit Services, Inc.",1549SP000153,Supplementary Process,Pending,20150619,20150619
13,35953961,"Sacor Financial Inc. as Assignee of Columbia Credit Services, Inc.",1551SP000074,Supplementary Process,Disposed (Statistical Purposes),20150526,20151007
14,18056804,"Sacor Financial , Inc",1403CV000091,Civil,Pending,20140923,20140923
15,18081967,"Sacor Financial Inc.,",1307CV000195,Civil,Disposed (Statistical Purposes),20130226,20130723
16,21251454,"Sacor Financial, Inc,",1507CV000616,Civil,Pending,20150710,20150710
17,21913009,"Sacor Financial , Inc. as Assignee of COlumbia Credit Service, Inc",1506SP000145,Supplementary Process,Disposed (Statistical Purposes),20150721,20151117
18,22105669,"Sacor Financial, Inc. as assignee of Circuit City",1506SP000029,Supplementary Process,Disposed (Statistical Purposes),20150226,20150519
19,27605110,"Sacor Financial, Inc. as assignee of Circuit City",1558SP000105,Supplementary Process,Disposed (Statistical Purposes),20150922,20151029
20,65727389,"Sacor Financial, Inc. as assignee of Circuit City",1632SP000119,Supplementary Process,Pending,20160812,20160812
21,72459995,"Sacor Financial, Inc. as assignee of Circuit City",1349CV000349,Civil,Disposed (Statistical Purposes),20130606,20131231
22,74835442,"Sacor Financial, Inc. as assignee of Circuit City",1352CV000120,Civil,Disposed (Statistical Purposes),20130222,20140522
23,23865452,"Sacor Financial, Inc as assignee of Circuit City",1552SP000080,Supplementary Process,Disposed (Statistical Purposes),20150616,20150804
24,28217473,"Sacor Financial, Inc. as Assignee of MBNA Bankcard as Assignee of Columbia Credit Service, Inc. as Assignee for Hilco Receivables, LLC",1533SP000264,Supplementary Process,Disposed (Statistical Purposes),20151013,20151124
25,30075881,"Sacor Financial Inc. as Assignee of Columbia Credit Services,Inc",1550SP000184,Supplementary Process,Disposed (Statistical Purposes),20150618,20160128
26,31773502,"Sacor Financial, Inc. c/o JM Cohen Law, PC",1587SP000043,Supplementary Process,Disposed (Statistical Purposes),20150915,20151014
27,32493695,"Sacor Financial, Inc. as assignee of Columbia Credit Services, Inc.",1551CV000452,Civil,Pending,20151109,20151109
28,32808818,"Sacor Financial, Inc. as assignee of Columbia Credit Services, Inc.",1567SP000120,Supplementary Process,Disposed (Statistical Purposes),20151209,20160204
29,75825951,"Sacor Financial, Inc. as assignee of Columbia Credit Services, Inc.",1636SP000072,Supplementary Process,Disposed (Statistical Purposes),20160812,20161004
30,32788165,"SACOR FINANCIAL, INC, A/A/O COLUMBIA CREDIT SERVICES, INC",1542CV000077,Civil,Disposed (Statistical Purposes),20150804,20160329
31,33579983,"SacorFinancial, Inc.",1562SP000412,Supplementary Process,Disposed (Statistical Purposes),20151214,20160202
32,34208826,Sacor Financial Inc as assingee of Columbia Credit Services Inc,1556CV001127,Civil,Pending,20150821,20150821
33,34587235,Sacor Financial Inc as assignee of Columbia Credit Services Inc,1556SP000218,Supplementary Process,Disposed (Statistical Purposes),20150327,20150603
34,34589121,Sacor Financial Inc assignee of Chase Bank USA NA,1556SP000161,Supplementary Process,Disposed (Statistical Purposes),20150320,20150513
35,39165385,"Sacor Financial Inc. as Assignee of Columbia Credit Services, Inc",1567SP000032,Supplementary Process,Disposed (Statistical Purposes),20150225,20150326
36,48116471,"Sacor Financial, Inc. as assignee of Columbia Credit Services, Inc",1506SP000252,Supplementary Process,Pending,20151218,20151218
37,50534014,"Sacor Financial, Inc As Assignee of Circuit City Plus Visa",1556SP000211,Supplementary Process,Disposed (Statistical Purposes),20150323,20150522
38,54040873,"Sacor Financial, Inc. As Assignee of Chase Bank USA, N.A.",1533SP000054,Supplementary Process,Disposed (Statistical Purposes),20150226,20150728
39,54041225,"Sacor Financial Inc. a/a/o Columbia Credit Services, Inc. a/a/o Hilco Receivables",1533SP000053,Supplementary Process,Disposed (Statistical Purposes),20150226,20150728
40,64786628,"Sacor Financial, Inc. F/K/A Columbia Credit Services, Inc.",1326CV000076,Civil,Disposed (Statistical Purposes),20130228,20130712
41,65994672,"Sacor Financial, Inc. as assignee of GE Money Bank",1360CV000061,Civil,Disposed (Statistical Purposes),20130213,20130408
42,70581869,Sacor Financial Inc. assignee of Chase Bank USA Circuit City Plus,1311CV000247,Civil,Disposed (Statistical Purposes),20130212,20130620
43,73416232,"Sacor Financial , Inc.",1401CV000447,Civil,Open,20140305,20140625
44,73987868,"Sacor Financial Inc.fka Columbia creditServices, Inc",1302CV000071,Civil,Disposed (Statistical Purposes),20130215,20130617
45,74127611,"Sacor Financial, Inc. as assignee of National Credit Acceptance, Inc.",1610CV000492,Civil,Pending,20161102,20161104
46,74620103,"Sacor financial, Inc Assignee of COlombia Credit Services, Inc",1650SP000116,Supplementary Process,Disposed (Statistical Purposes),20160628,20160929
47,74961695,Sacor-Financial,1622SP000061,Supplementary Process,Pending,20161102,20161102
48,77353624,"Sacor Financial, Inc as Assignee of Columbia Credit Services, Inc",1712SP000010,Supplementary Process,Disposed (Statistical Purposes),20170313,20170426
49,77448035,Sacor Financial Inc A/A/O Columbia Credit Services Inc as assignee for Hilco Receivables LLC,1756CV000354,Civil,Disposed (Statistical Purposes),20170313,20170801
0,80648393,Sacor Financial Inc A/A/O Columbia Credit Services Inc as assignee for Hilco Receivables LLC,1656SP000333,Supplementary Process,Disposed (Statistical Purposes),20161117,20170111
1,80655302,"Sacor Financial, Inc,,",2001CV000588,Civil,Closed,20200309,20210409
2,80665588,"Sacor Financial, Inc. a/a/o Columbia Credit Services, Inc",1762CV001269,Civil,Disposed (Statistical Purposes),20170928,20180614
3,80792054,"Sacor Financial, Inc. as Assignee of Circuit City Plus Visa",1759SP000109,Supplementary Process,Disposed (Statistical Purposes),20170914,20180518
4,82121607,"Sacor Financial, Inc. assignee of Columbia Credit Services, Inc.",2013CV000694,Civil,Open,20201207,20201207
