,post_id,party_name,case_number,case_type,case_status,file_date,status_date
0,27339880,Simmons College c/o Glenn Associates,1550SC002142,Small Claims,Disposed (Statistical Purposes),20151001,20160226
1,29843059,Simmons College c/o Glenn Associates,1513SC001477,Small Claims,Disposed (Statistical Purposes),20150625,20150730
2,80785517,Simmons College c/o Glenn Associates,1515SC131477,Small Claims,Suspended Covid 19 extended,20191113,20191219
3,28855747,Simm Associates Inc.,0689CV000591,Civil,Disposed (Statistical Purposes),20061004,20070129
