,post_id,party_name,case_number,case_type,case_status,file_date,status_date
0,6125319,"Trinity EMS, Inc. c/o Stevens Business Services",1311SP000782,Supplementary Process,Pending,20131118,20131118
1,15029033,Heywood Hospital % Stevens Business Service,1116SC000304,Small Claims,Disposed (Statistical Purposes),20110512,20110512
2,22170016,Stevens Business Service Inc,0547CV000351,Civil,Disposed (Statistical Purposes),20050915,20060105
3,29941681,Stevens Business Service Inc,0711SC000746,Small Claims,Disposed (Statistical Purposes),20070323,20070523
