,post_id,party_name,case_number,case_type,case_status,file_date,status_date
0,5927177,Transworld Systems Inc,1261SP000149,Supplementary Process,Disposed (Statistical Purposes),20120914,20121119
1,8570221,Transworld Systems Inc,1261SP000008,Supplementary Process,Disposed (Statistical Purposes),20120120,20120402
2,19756453,Transworld Systems Inc,0608SP000107,Supplementary Process,Disposed (Statistical Purposes),20060803,20061013
3,20106149,Transworld Systems Inc,0607SP000704,Supplementary Process,Disposed (Statistical Purposes),20060728,20061106
4,23016640,Transworld Systems Inc,0647CV000137,Civil,Disposed (Statistical Purposes),20060327,20060816
5,23062395,Transworld Systems Inc,0647CV000133,Civil,Disposed (Statistical Purposes),20060324,20060524
6,24230774,Transworld Systems Inc,0647CV000312,Civil,Disposed (Statistical Purposes),20060714,20060830
7,24236834,Transworld Systems Inc,0647CV000318,Civil,Disposed (Statistical Purposes),20060714,20061117
8,24269145,Transworld Systems Inc,0647CV000319,Civil,Disposed (Statistical Purposes),20060714,20070509
9,24274480,Transworld Systems Inc,0647CV000350,Civil,Disposed (Statistical Purposes),20060728,20060907
10,24304381,Transworld Systems Inc,0647CV000354,Civil,Disposed (Statistical Purposes),20060731,20061012
11,24319877,Transworld Systems Inc,0647CV000367,Civil,Disposed (Statistical Purposes),20060810,20061103
12,24382457,Transworld Systems Inc,0647CV000368,Civil,Disposed (Statistical Purposes),20060810,20060921
13,24383166,Transworld Systems Inc,0647CV000184,Civil,Disposed (Statistical Purposes),20060419,20060616
14,24390230,Transworld Systems Inc,0647CV000183,Civil,Disposed (Statistical Purposes),20060419,20060530
15,24406246,Transworld Systems Inc,0647CV000160,Civil,Disposed (Statistical Purposes),20060405,20070213
16,24407530,Transworld Systems Inc,0647CV000159,Civil,Disposed (Statistical Purposes),20060405,20060531
17,24417316,Transworld Systems Inc,0647CV000162,Civil,Disposed (Statistical Purposes),20060405,20070105
18,24419922,Transworld Systems Inc,0647CV000441,Civil,Disposed (Statistical Purposes),20060927,20061106
19,24421363,Transworld Systems Inc,0647CV000205,Civil,Disposed (Statistical Purposes),20060427,20060607
20,24425672,Transworld Systems Inc,0647CV000161,Civil,Disposed (Statistical Purposes),20060405,20060602
21,24432756,Transworld Systems Inc,0647CV000437,Civil,Disposed (Statistical Purposes),20060927,20061113
22,24435119,Transworld Systems Inc,0647CV000206,Civil,Disposed (Statistical Purposes),20060427,20060710
23,24438838,Transworld Systems Inc,0647CV000439,Civil,Disposed (Statistical Purposes),20060927,20070323
24,24443366,Transworld Systems Inc,0647CV000438,Civil,Disposed (Statistical Purposes),20060927,20061106
25,24444743,Transworld Systems Inc,0647CV000442,Civil,Disposed (Statistical Purposes),20060927,20070122
26,24445173,Transworld Systems Inc,0647CV000204,Civil,Disposed (Statistical Purposes),20060427,20060605
27,24450787,Transworld Systems Inc,0647CV000431,Civil,Disposed (Statistical Purposes),20060927,20070326
28,24529604,Transworld Systems Inc,0647CV000251,Civil,Disposed (Statistical Purposes),20060525,20060710
29,24531258,Transworld Systems Inc,0647CV000278,Civil,Disposed (Statistical Purposes),20060616,20060726
30,24531918,Transworld Systems Inc,0647CV000253,Civil,Disposed (Statistical Purposes),20060525,20060710
31,24533493,Transworld Systems Inc,0647CV000252,Civil,Disposed (Statistical Purposes),20060525,20060710
32,24548408,Transworld Systems Inc,0647CV000250,Civil,Disposed (Statistical Purposes),20060525,20060710
33,24554800,Transworld Systems Inc,0647CV000269,Civil,Disposed (Statistical Purposes),20060608,20060713
34,26866660,Transworld Systems Inc,0647CV000516,Civil,Disposed (Statistical Purposes),20061117,20070110
35,26929333,Transworld Systems Inc,0647CV000556,Civil,Disposed (Statistical Purposes),20061208,20070122
36,28075608,Transworld Systems Inc,0658SP000224,Supplementary Process,Disposed (Statistical Purposes),20060810,20080124
37,29631378,Transworld Systems Inc,0661SP000065,Supplementary Process,Disposed (Statistical Purposes),20060505,20060622
38,35052026,Transworld Systems Inc,0656CV000887,Civil,Disposed (Statistical Purposes),20060418,20060628
39,36154123,Transworld Systems Inc,0642SC000698,Small Claims,Disposed (Statistical Purposes),20061018,20070221
40,36643137,Transworld Systems Inc,0631SC002014,Small Claims,Disposed (Statistical Purposes),20060919,20070222
41,37401587,Transworld Systems Inc,0651SP000190,Supplementary Process,Disposed (Statistical Purposes),20070302,20071120
42,37984606,Transworld Systems Inc,0667SP000118,Supplementary Process,Disposed (Statistical Purposes),20060619,20061003
43,46107391,Transworld Systems Inc,0647CV000109,Civil,Disposed (Statistical Purposes),20060310,20060412
44,46108849,Transworld Systems Inc,0647CV000224,Civil,Disposed (Statistical Purposes),20060509,20060731
45,46108999,Transworld Systems Inc,0647CV000225,Civil,Disposed (Statistical Purposes),20060509,20061027
46,51667762,Transworld Systems Inc,0656CV001001,Civil,Disposed (Statistical Purposes),20060427,20060623
47,52738872,Transworld Systems Inc,0711SP000141,Supplementary Process,Disposed (Statistical Purposes),20070308,20070426
48,6278318,"Transworld Systems, Inc.",1131SP000435,Supplementary Process,Disposed (Statistical Purposes),20110908,20120521
49,22117613,"Transworld Systems, Inc.",0634SC001359,Small Claims,Disposed (Statistical Purposes),20060919,20061205
0,22678204,"Transworld Systems, Inc.",0625SP002036,Supplementary Process,Disposed (Statistical Purposes),20060818,20061017
1,22813513,"Transworld Systems, Inc.",0625SC002441,Small Claims,Disposed (Statistical Purposes),20060921,20061128
2,23477773,"Transworld Systems, Inc.",0652SC000610,Small Claims,Disposed (Statistical Purposes),20060414,20060615
3,24240617,"Transworld Systems, Inc.",0647CV000314,Civil,Disposed (Statistical Purposes),20060714,20060821
4,24485417,"Transworld Systems, Inc.",0654SC001246,Small Claims,Disposed (Statistical Purposes),20060714,20070516
5,25144068,"Transworld Systems, Inc.",0664SP000156,Supplementary Process,Disposed (Statistical Purposes),20060626,20060825
6,25380892,"Transworld Systems, Inc.",0698SC000773,Small Claims,Disposed (Statistical Purposes),20060919,20061211
7,25693994,"Transworld Systems, Inc.",0689SC000839,Small Claims,Disposed (Statistical Purposes),20060717,20060823
8,25702684,"Transworld Systems, Inc.",0689SP000145,Supplementary Process,Disposed (Statistical Purposes),20060731,20061205
9,27878381,"Transworld Systems, Inc.",0758SP000026,Supplementary Process,Disposed (Statistical Purposes),20070201,20070322
10,27941736,"Transworld Systems, Inc.",0658SC000892,Small Claims,Disposed (Statistical Purposes),20060714,20060824
11,28742609,"Transworld Systems, Inc.",0650SC000795,Small Claims,Disposed (Statistical Purposes),20060328,20070126
12,30468428,"Transworld Systems, Inc.",0658SP000262,Supplementary Process,Disposed (Statistical Purposes),20061013,20061116
13,32719890,"Transworld Systems, Inc.",0612CV000168,Civil,Disposed (Statistical Purposes),20060426,20061011
14,33354039,"Transworld Systems, Inc.",0686CV000470,Civil,Disposed (Statistical Purposes),20060731,20070606
15,33360417,"Transworld Systems, Inc.",0758SP000224,Supplementary Process,Disposed (Statistical Purposes),20070730,20070920
16,34496142,"Transworld Systems, Inc.",0659SC001865,Small Claims,Disposed (Statistical Purposes),20060918,20061107
17,34501442,"Transworld Systems, Inc.",0659SC001864,Small Claims,Disposed (Statistical Purposes),20060918,20061107
18,35125856,"Transworld Systems, Inc.",0656SC001977,Small Claims,Disposed (Statistical Purposes),20060428,20060524
19,37217783,"Transworld Systems, Inc.",0660SP000225,Supplementary Process,Disposed (Statistical Purposes),20060731,20070315
20,38337246,"Transworld Systems, Inc.",0653SC001854,Small Claims,Disposed (Statistical Purposes),20060921,20061221
21,39599809,"Transworld Systems, Inc.",0662SC002380,Small Claims,Disposed (Statistical Purposes),20060525,20060707
22,46078965,"Transworld Systems, Inc.",0632SC001809,Small Claims,Disposed (Statistical Purposes),20060717,20061019
23,46180812,"Transworld Systems, Inc.",0654CV000839,Civil,Disposed (Statistical Purposes),20060810,20060906
24,46194321,"Transworld Systems, Inc.",0654SC001438,Small Claims,Disposed (Statistical Purposes),20060810,20070122
25,46218103,"Transworld Systems, Inc.",0661SP000114,Supplementary Process,Disposed (Statistical Purposes),20060731,20060911
26,49805002,"Transworld Systems, Inc.",0715SP000152,Supplementary Process,Disposed (Statistical Purposes),20070222,20070518
27,52775068,"Transworld Systems, Inc.",0650SC001716,Small Claims,Disposed (Statistical Purposes),20060712,20061023
28,56149368,"Transworld Systems, Inc.",0653CV000238,Civil,Disposed (Statistical Purposes),20060301,20060510
29,58344412,"Transworld Systems, Inc.",0656SC004943,Small Claims,Disposed (Statistical Purposes),20061006,20061204
30,59888783,"Transworld Systems, Inc.",0623SC004981,Small Claims,Disposed (Statistical Purposes),20061019,20061214
31,61741497,"Transworld Systems, Inc.",0613SP000566,Supplementary Process,Disposed (Statistical Purposes),20060911,20061113
32,62538711,"Transworld Systems, Inc.",0656SC004696,Small Claims,Disposed (Statistical Purposes),20060921,20061012
33,69641924,"Transworld Systems, Inc.",0601SC004116,Small Claims,Closed,20060525,20060525
34,73928808,"Transworld Systems, Inc.",1302CV000062,Civil,Disposed (Statistical Purposes),20130220,20131017
35,19702659,"Transworld Systems, Inc. as assignee of Davis Funeral Home",1202SC000372,Small Claims,Disposed (Statistical Purposes),20120613,20121004
36,20467989,"Transworld Systems, Inc.,",0602SC000619,Small Claims,Disposed (Statistical Purposes),20060717,20070710
37,21761409,"Transworld Systems, Inc",0707SP000071,Supplementary Process,Disposed (Statistical Purposes),20070202,20070329
38,26364808,"Transworld Systems, Inc",0639SC000366,Small Claims,Disposed (Statistical Purposes),20060714,20061011
39,26416495,"Transworld Systems, Inc",0639SC000425,Small Claims,Disposed (Statistical Purposes),20060810,20060905
40,26702356,"Transworld Systems, Inc",0639SC000198,Small Claims,Disposed (Statistical Purposes),20060413,20060621
41,27490960,"Transworld Systems, Inc",0664SP000278,Supplementary Process,Disposed (Statistical Purposes),20061116,20061226
42,28963603,"Transworld Systems, Inc",0661SC000740,Small Claims,Disposed (Statistical Purposes),20060714,20061128
43,33035806,"Transworld Systems, Inc",0626SP000166,Supplementary Process,Disposed (Statistical Purposes),20060921,20061116
44,40438685,"Transworld Systems, Inc",0653SP000434,Supplementary Process,Disposed (Statistical Purposes),20061013,20070208
45,46048161,"Transworld Systems, Inc",0628SC000593,Small Claims,Disposed (Statistical Purposes),20061002,20061201
46,52509028,"Transworld Systems, Inc",0711SP000293,Supplementary Process,Disposed (Statistical Purposes),20070425,20070625
47,23042139,Transworld Systems Inc.,0725SP000951,Supplementary Process,Disposed (Statistical Purposes),20070425,20070703
48,24152301,Transworld Systems Inc.,0668SP000096,Supplementary Process,Disposed (Statistical Purposes),20060825,20061107
49,26539606,Transworld Systems Inc.,0638SC000812,Small Claims,Disposed (Statistical Purposes),20060710,20070105
0,34905971,Transworld Systems Inc.,0636SP000247,Supplementary Process,Disposed (Statistical Purposes),20060713,20060920
1,37727108,Transworld Systems Inc.,0644SC000721,Small Claims,Disposed (Statistical Purposes),20060717,20061106
2,38183149,Transworld Systems Inc.,0636SP000451,Supplementary Process,Disposed (Statistical Purposes),20061130,20070116
3,43564236,Transworld Systems Inc.,0970SP000047,Supplementary Process,Disposed (Statistical Purposes),20090407,20090727
4,50687067,Transworld Systems Inc.,0656SP000617,Supplementary Process,Disposed (Statistical Purposes),20060713,20060829
5,59005561,Transworld Systems Inc.,0636SC001943,Small Claims,Disposed (Statistical Purposes),20061115,20061220
6,37383331,"Transworld Systems,Inc.",0659SC002065,Small Claims,Disposed (Statistical Purposes),20061026,20061214
