,post_id,party_name,case_number,case_type,case_status,file_date,status_date
0,208796,Unifirst Corporation,1111SP000255,Supplementary Process,Disposed (Statistical Purposes),20110309,20110429
1,391157,Unifirst Corporation,1233CV001216,Civil,Disposed (Statistical Purposes),20121210,20130118
2,697409,Unifirst Corporation,1247CV000100,Civil,Disposed (Statistical Purposes),20120229,20121012
3,710374,Unifirst Corporation,1233CV001232,Civil,Disposed (Statistical Purposes),20121213,20130123
4,921339,Unifirst Corporation,1213SP000729,Supplementary Process,Disposed (Statistical Purposes),20121205,20130321
5,1171050,Unifirst Corporation,1347CV000232,Civil,Disposed (Statistical Purposes),20130731,20150529
6,1313652,Unifirst Corporation,1260CV000703,Civil,Disposed (Statistical Purposes),20121207,20130326
7,1389358,Unifirst Corporation,1260SC001466,Small Claims,Disposed (Statistical Purposes),20121207,20130823
8,1405600,Unifirst Corporation,1260CV000704,Civil,Disposed (Statistical Purposes),20121210,20130920
9,1406705,Unifirst Corporation,1260CV000705,Civil,Disposed (Statistical Purposes),20121210,20141128
10,1471539,Unifirst Corporation,1081CV01835,Administrative Civil Actions,Closed,20100513,20100803
11,1473903,Unifirst Corporation,1156SC000175,Small Claims,Disposed (Statistical Purposes),20110124,20110128
12,1530851,Unifirst Corporation,1156SC000347,Small Claims,Disposed (Statistical Purposes),20110124,20110308
13,1615686,Unifirst Corporation,1131SC000432,Small Claims,Disposed (Statistical Purposes),20110328,20110414
14,2236025,Unifirst Corporation,1125SP002392,Supplementary Process,Disposed (Statistical Purposes),20111110,20120228
15,2807031,Unifirst Corporation,1218CV000908,Civil,Disposed (Statistical Purposes),20120817,20130402
16,2808517,Unifirst Corporation,1218CV000909,Civil,Disposed (Statistical Purposes),20120817,20130529
17,2894238,Unifirst Corporation,1218SP000240,Supplementary Process,Pending,20120508,20120510
18,3113071,Unifirst Corporation,1156SC003069,Small Claims,Disposed (Statistical Purposes),20110706,20120410
19,3233666,Unifirst Corporation,1181CV00059,Administrative Civil Actions,Closed,20110107,20110316
20,4214123,Unifirst Corporation,1148SP000116,Supplementary Process,Disposed (Statistical Purposes),20110328,20110609
21,4245314,Unifirst Corporation,1270SP000070,Supplementary Process,Disposed (Statistical Purposes),20120831,20121214
22,4460512,Unifirst Corporation,1053SP000739,Supplementary Process,Disposed (Statistical Purposes),20101008,20110110
23,4488064,Unifirst Corporation,1348SP000180,Supplementary Process,Disposed (Statistical Purposes),20131122,20140109
24,4844439,Unifirst Corporation,1133CV000981,Civil,Disposed (Statistical Purposes),20110811,20110914
25,4933957,Unifirst Corporation,1133SC002511,Small Claims,Disposed (Statistical Purposes),20110810,20111110
26,5360510,Unifirst Corporation,1156SC003029,Small Claims,Disposed (Statistical Purposes),20110701,20110816
27,6195958,Unifirst Corporation,1411SP000233,Supplementary Process,Disposed (Statistical Purposes),20140602,20141223
28,6211267,Unifirst Corporation,1125SC000875,Small Claims,Disposed (Statistical Purposes),20110422,20120918
29,6599044,Unifirst Corporation,1025CV001783,Civil,Disposed (Statistical Purposes),20100927,20101029
30,7011522,Unifirst Corporation,1370CV000120,Civil,Disposed (Statistical Purposes),20131205,20140724
31,7063567,Unifirst Corporation,1231CV001196,Civil,Disposed (Statistical Purposes),20121210,20130402
32,7348331,Unifirst Corporation,1247CV000321,Civil,Disposed (Statistical Purposes),20120822,20121016
33,7473025,Unifirst Corporation,1185CV02503,Administrative Civil Actions,Closed,20111212,20120329
34,7564318,Unifirst Corporation,1026CV000583,Civil,Disposed (Statistical Purposes),20101004,20101101
35,7826167,Unifirst Corporation,1060CV000328,Civil,Disposed (Statistical Purposes),20100412,20100517
36,7856948,Unifirst Corporation,1060SC000356,Small Claims,Disposed (Statistical Purposes),20100412,20100521
37,8271568,Unifirst Corporation,1156SC003599,Small Claims,Disposed (Statistical Purposes),20110811,20111012
38,8272905,Unifirst Corporation,1156SC003600,Small Claims,Disposed (Statistical Purposes),20110810,20111003
39,8648093,Unifirst Corporation,1156SC003748,Small Claims,Disposed (Statistical Purposes),20110826,20111004
40,9476542,Unifirst Corporation,1126SC000312,Small Claims,Disposed (Statistical Purposes),20110422,20111027
41,9479618,Unifirst Corporation,1213CV000558,Civil,Disposed (Statistical Purposes),20120514,20121017
42,9634650,Unifirst Corporation,1238CV000518,Civil,Disposed (Statistical Purposes),20120816,20130306
43,9685452,Unifirst Corporation,1385CV00136,Administrative Civil Actions,Closed,20130125,20140616
44,10556583,Unifirst Corporation,1453SP000019,Supplementary Process,Disposed (Statistical Purposes),20140130,20140512
45,10819450,Unifirst Corporation,1010SC000177,Small Claims,Disposed (Statistical Purposes),20100225,20100405
46,11301605,Unifirst Corporation,1132CV000913,Civil,Disposed (Statistical Purposes),20110815,20120912
47,11855471,Unifirst Corporation,1453CV000723,Civil,Disposed (Statistical Purposes),20140818,20150408
48,12174630,Unifirst Corporation,1159CV001187,Civil,Disposed (Statistical Purposes),20110812,20120207
49,12198690,Unifirst Corporation,1453CV000778,Civil,Disposed (Statistical Purposes),20140912,20141117
0,12281643,Unifirst Corporation,1453CV000531,Civil,Disposed (Statistical Purposes),20140616,20150924
1,12810758,Unifirst Corporation,1049SC001067,Small Claims,Disposed (Statistical Purposes),20100924,20101216
2,12915563,Unifirst Corporation,1125CV001127,Civil,Disposed (Statistical Purposes),20110812,20111229
3,12918639,Unifirst Corporation,1125CV001128,Civil,Disposed (Statistical Purposes),20110812,20111020
4,12993561,Unifirst Corporation,1186SP000194,Supplementary Process,Disposed (Statistical Purposes),20110628,20110901
5,13359663,Unifirst Corporation,1158SC000984,Small Claims,Disposed (Statistical Purposes),20110830,20111208
6,13500889,Unifirst Corporation,1063SP000119,Supplementary Process,Disposed (Statistical Purposes),20100715,20100823
7,13673285,Unifirst Corporation,1081CV02668,Administrative Civil Actions,Closed,20100715,20101110
8,13692476,Unifirst Corporation,1081CV02591,Administrative Civil Actions,Open,20100708,20101129
9,13910303,Unifirst Corporation,1259SP000554,Supplementary Process,Disposed (Statistical Purposes),20120906,20121221
10,14565489,Unifirst Corporation,1256SC003625,Small Claims,Disposed (Statistical Purposes),20121226,20130215
11,14656598,Unifirst Corporation,1056SC005152,Small Claims,Disposed (Statistical Purposes),20101216,20110203
12,14658113,Unifirst Corporation,1056SC005059,Small Claims,Disposed (Statistical Purposes),20101216,20110210
13,14669174,Unifirst Corporation,1056SC005102,Small Claims,Disposed (Statistical Purposes),20101216,20110203
14,14670826,Unifirst Corporation,1056SC005103,Small Claims,Disposed (Statistical Purposes),20101216,20110203
15,14673914,Unifirst Corporation,1056SC005114,Small Claims,Pending,20101216,20101216
16,14675105,Unifirst Corporation,1056SC005116,Small Claims,Disposed (Statistical Purposes),20101216,20110105
17,14698361,Unifirst Corporation,1056SC005150,Small Claims,Disposed (Statistical Purposes),20101216,20101223
18,14714282,Unifirst Corporation,1189SC000344,Small Claims,Disposed (Statistical Purposes),20110330,20110922
19,14766397,Unifirst Corporation,1305CV000234,Civil,Pending,20130808,20130808
20,14934990,Unifirst Corporation,1248CV000186,Civil,Disposed (Statistical Purposes),20120514,20130211
21,15826328,Unifirst Corporation,1258CV000176,Civil,Disposed (Statistical Purposes),20120406,20130403
22,15827475,Unifirst Corporation,1258CV000177,Civil,Disposed (Statistical Purposes),20120406,20120529
23,16110528,Unifirst Corporation,1236SP000065,Supplementary Process,Disposed (Statistical Purposes),20120316,20120705
24,16337045,Unifirst Corporation,1225CV001035,Civil,Disposed (Statistical Purposes),20121213,20130304
25,16367302,Unifirst Corporation,1089SC000252,Small Claims,Disposed (Statistical Purposes),20100309,20100406
26,16478220,Unifirst Corporation,1026CV000147,Civil,Disposed (Statistical Purposes),20100322,20100616
27,16497205,Unifirst Corporation,1055CV000168,Civil,Disposed (Statistical Purposes),20100301,20100923
28,16540270,Unifirst Corporation,1055SC000131,Small Claims,Disposed (Statistical Purposes),20100308,20100610
29,16738382,Unifirst Corporation,1225CV000359,Civil,Disposed (Statistical Purposes),20120406,20120613
30,16740891,Unifirst Corporation,1225CV000360,Civil,Disposed (Statistical Purposes),20120406,20120924
31,16742271,Unifirst Corporation,1225CV000361,Civil,Disposed (Statistical Purposes),20120406,20120613
32,17026233,Unifirst Corporation,1189CV000519,Civil,Disposed (Statistical Purposes),20110812,20120828
33,17088258,Unifirst Corporation,1189CV000518,Civil,Disposed (Statistical Purposes),20110812,20110916
34,17350696,Unifirst Corporation,1059SC000420,Small Claims,Disposed (Statistical Purposes),20100413,20100618
35,17485930,Unifirst Corporation,1056SC001628,Small Claims,Disposed (Statistical Purposes),20100507,20100617
36,17486075,Unifirst Corporation,1056SC001629,Small Claims,Disposed (Statistical Purposes),20100507,20100615
37,17499805,Unifirst Corporation,1056SC001834,Small Claims,Disposed (Statistical Purposes),20100520,20100707
38,17509665,Unifirst Corporation,1056SC002263,Small Claims,Disposed (Statistical Purposes),20100618,20100618
39,17895957,Unifirst Corporation,1302SC000567,Small Claims,Disposed (Statistical Purposes),20130716,20131025
40,18039969,Unifirst Corporation,1302SC000603,Small Claims,Disposed (Statistical Purposes),20130722,20131113
41,18045482,Unifirst Corporation,1302SC000604,Small Claims,Disposed (Statistical Purposes),20130722,20130806
42,18114987,Unifirst Corporation,1302SC000613,Small Claims,Disposed (Statistical Purposes),20130725,20140130
43,18143012,Unifirst Corporation,1402SC000130,Small Claims,Disposed (Statistical Purposes),20140224,20140709
44,18147925,Unifirst Corporation,1402SC000134,Small Claims,Disposed (Statistical Purposes),20140224,20140605
45,18162980,Unifirst Corporation,1102SC000548,Small Claims,Disposed (Statistical Purposes),20111102,20120111
46,18164821,Unifirst Corporation,1402SC000110,Small Claims,Disposed (Statistical Purposes),20140219,20140529
47,18167284,Unifirst Corporation,1402SC000111,Small Claims,Disposed (Statistical Purposes),20140219,20140307
48,18169328,Unifirst Corporation,1102SC000549,Small Claims,Pending,20111102,20111102
49,18181202,Unifirst Corporation,1102SC000552,Small Claims,Disposed (Statistical Purposes),20111103,20120213
0,18199702,Unifirst Corporation,1102SC000596,Small Claims,Pending,20111118,20111118
1,18221942,Unifirst Corporation,1185CV01725,Administrative Civil Actions,Open,20110906,20120308
2,18222617,Unifirst Corporation,1102CV000323,Civil,Disposed (Statistical Purposes),20111128,20120523
3,18239645,Unifirst Corporation,1102SC000581,Small Claims,Disposed (Statistical Purposes),20111116,20120215
4,18243144,Unifirst Corporation,1102SC000582,Small Claims,Disposed (Statistical Purposes),20111116,20120215
5,18243930,Unifirst Corporation,1402SC000155,Small Claims,Disposed (Statistical Purposes),20140310,20140605
6,18248792,Unifirst Corporation,1202SC000510,Small Claims,Disposed (Statistical Purposes),20120814,20121114
7,18249692,Unifirst Corporation,1102SC000584,Small Claims,Disposed (Statistical Purposes),20111116,20120208
8,18252106,Unifirst Corporation,1402SC000196,Small Claims,Disposed (Statistical Purposes),20140326,20140624
9,18253377,Unifirst Corporation,1402SC000197,Small Claims,Disposed (Statistical Purposes),20140326,20140624
10,18255323,Unifirst Corporation,1202SC000511,Small Claims,Disposed (Statistical Purposes),20120814,20121114
11,18265272,Unifirst Corporation,1102SC000590,Small Claims,Disposed (Statistical Purposes),20111116,20111228
12,18272919,Unifirst Corporation,1102SC000626,Small Claims,Disposed (Statistical Purposes),20111205,20120405
13,18278527,Unifirst Corporation,1102SC000643,Small Claims,Disposed (Statistical Purposes),20111208,20120427
14,18302803,Unifirst Corporation,1302SC000715,Small Claims,Disposed (Statistical Purposes),20130905,20140130
15,18307338,Unifirst Corporation,1302SC000716,Small Claims,Disposed (Statistical Purposes),20130905,20140328
16,18328228,Unifirst Corporation,1202SP000196,Supplementary Process,Disposed (Statistical Purposes),20120829,20130208
17,18347653,Unifirst Corporation,1177CV00540,Administrative Civil Actions,Open,20110325,20120222
18,18349320,Unifirst Corporation,1402SC000633,Small Claims,Disposed (Statistical Purposes),20140812,20150108
19,18426581,Unifirst Corporation,1202SC000624,Small Claims,Disposed (Statistical Purposes),20120921,20121213
20,18474208,Unifirst Corporation,1302SC000627,Small Claims,Disposed (Statistical Purposes),20130805,20131120
21,18489716,Unifirst Corporation,1402SC000063,Small Claims,Disposed (Statistical Purposes),20140129,20140508
22,18498714,Unifirst Corporation,1081CV03180,Administrative Civil Actions,Closed,20100825,20110406
23,18514169,Unifirst Corporation,1202SC000614,Small Claims,Disposed (Statistical Purposes),20120918,20121212
24,18544510,Unifirst Corporation,1402SC000253,Small Claims,Disposed (Statistical Purposes),20140410,20150227
25,18549313,Unifirst Corporation,1402SC000254,Small Claims,Disposed (Statistical Purposes),20140410,20150227
26,18551767,Unifirst Corporation,1202SC000620,Small Claims,Disposed (Statistical Purposes),20120921,20121213
27,18556146,Unifirst Corporation,1202SC000621,Small Claims,Disposed (Statistical Purposes),20120921,20130227
28,18557550,Unifirst Corporation,1402SC000255,Small Claims,Disposed (Statistical Purposes),20140410,20150227
29,18564076,Unifirst Corporation,1402SC000256,Small Claims,Disposed (Statistical Purposes),20140410,20150227
30,18567332,Unifirst Corporation,1402SC000257,Small Claims,Disposed (Statistical Purposes),20140410,20150227
31,18569554,Unifirst Corporation,1402SC000258,Small Claims,Disposed (Statistical Purposes),20140410,20150227
32,18571875,Unifirst Corporation,1402SC000259,Small Claims,Disposed (Statistical Purposes),20140410,20150227
33,18604195,Unifirst Corporation,1402SC000303,Small Claims,Disposed (Statistical Purposes),20140422,20140807
34,18630225,Unifirst Corporation,1402SC000290,Small Claims,Disposed (Statistical Purposes),20140416,20140428
35,18633413,Unifirst Corporation,1402SC000731,Small Claims,Disposed (Statistical Purposes),20140916,20150204
36,18638193,Unifirst Corporation,1402SC000732,Small Claims,Disposed (Statistical Purposes),20140916,20150204
37,18648636,Unifirst Corporation,1402SC000317,Small Claims,Disposed (Statistical Purposes),20140429,20140804
38,18774008,Unifirst Corporation,1202SC000716,Small Claims,Disposed (Statistical Purposes),20121101,20121119
39,18776312,Unifirst Corporation,1202SC000717,Small Claims,Pending,20121101,20121101
40,18790315,Unifirst Corporation,1402SC000750,Small Claims,Disposed (Statistical Purposes),20140924,20150223
41,18795150,Unifirst Corporation,1202SC000723,Small Claims,Disposed (Statistical Purposes),20121101,20121220
42,18819829,Unifirst Corporation,1202SC000735,Small Claims,Disposed (Statistical Purposes),20121107,20130221
43,18868242,Unifirst Corporation,1402SC000794,Small Claims,Disposed (Statistical Purposes),20141014,20150514
44,18870328,Unifirst Corporation,1402SC000795,Small Claims,Disposed (Statistical Purposes),20141014,20150618
45,18897798,Unifirst Corporation,1202SC000077,Small Claims,Disposed (Statistical Purposes),20120202,20120425
46,18900568,Unifirst Corporation,1202SC000078,Small Claims,Pending,20120202,20120202
47,18954055,Unifirst Corporation,1402SC000429,Small Claims,Disposed (Statistical Purposes),20140529,20140911
48,18986690,Unifirst Corporation,1302SC001003,Small Claims,Disposed (Statistical Purposes),20131210,20140109
49,18988423,Unifirst Corporation,1302SC001005,Small Claims,Disposed (Statistical Purposes),20131210,20140403
0,19007030,Unifirst Corporation,1302SC001036,Small Claims,Disposed (Statistical Purposes),20131223,20140417
1,19011428,Unifirst Corporation,1402SC000466,Small Claims,Disposed (Statistical Purposes),20140612,20141229
2,19031738,Unifirst Corporation,1402SC000458,Small Claims,Disposed (Statistical Purposes),20140609,20141002
3,19037898,Unifirst Corporation,1373CV00532,Torts,Closed,20130531,20130916
4,19072226,Unifirst Corporation,1280CV00030,Administrative Civil Actions,Closed,20120206,20131107
5,19109635,Unifirst Corporation,1402SC000514,Small Claims,Disposed (Statistical Purposes),20140626,20150121
6,19112579,Unifirst Corporation,1402SC000976,Small Claims,Disposed (Statistical Purposes),20141208,20150520
7,19114625,Unifirst Corporation,1402SC000515,Small Claims,Disposed (Statistical Purposes),20140626,20141120
8,19151920,Unifirst Corporation,1402SC000989,Small Claims,Disposed (Statistical Purposes),20141212,20150521
9,19191046,Unifirst Corporation,1402SC001020,Small Claims,Disposed (Statistical Purposes),20141223,20150910
10,19252355,Unifirst Corporation,1402SC001046,Small Claims,Disposed (Statistical Purposes),20141229,20150625
11,19314402,Unifirst Corporation,1202CV000061,Civil,Disposed (Statistical Purposes),20120326,20120705
12,19336133,Unifirst Corporation,1202SC000209,Small Claims,Disposed (Statistical Purposes),20120405,20120620
13,19336942,Unifirst Corporation,1006CV000189,Civil,Disposed (Statistical Purposes),20100308,20100923
14,19339578,Unifirst Corporation,1202SC000210,Small Claims,Pending,20120405,20120405
15,19426944,Unifirst Corporation,1077CV00515,Administrative Civil Actions,Closed,20100311,20100621
16,19439559,Unifirst Corporation,1202SC000250,Small Claims,Disposed (Statistical Purposes),20120424,20120530
17,19450999,Unifirst Corporation,1177CV01055,Administrative Civil Actions,Closed,20110603,20110915
18,19452598,Unifirst Corporation,1177CV00248,Administrative Civil Actions,Closed,20110210,20111108
19,19506184,Unifirst Corporation,1202SC000262,Small Claims,Disposed (Statistical Purposes),20120427,20130116
20,19506723,Unifirst Corporation,1202SC000263,Small Claims,Disposed (Statistical Purposes),20120427,20140131
21,19620969,Unifirst Corporation,1202SC000321,Small Claims,Disposed (Statistical Purposes),20120529,20120730
22,19635201,Unifirst Corporation,1202SC000322,Small Claims,Pending,20120530,20120530
23,19691503,Unifirst Corporation,1285CV00281,Administrative Civil Actions,Closed,20120206,20120320
24,20715601,Unifirst Corporation,0702SP000483,Supplementary Process,Disposed (Statistical Purposes),20070824,20080417
25,21325103,Unifirst Corporation,1602SC000092,Small Claims,Pending,20160307,20160307
26,21326466,Unifirst Corporation,1602SC000094,Small Claims,Pending,20160307,20160307
27,21328729,Unifirst Corporation,1602SC000095,Small Claims,Pending,20160310,20160310
28,21328960,Unifirst Corporation,1602SC000098,Small Claims,Pending,20160310,20160310
29,21456281,Unifirst Corporation,1502SC000625,Small Claims,Disposed (Statistical Purposes),20150714,20151001
30,21458153,Unifirst Corporation,1502SC000734,Small Claims,Disposed (Statistical Purposes),20150820,20151231
31,21459083,Unifirst Corporation,1502SC000733,Small Claims,Disposed (Statistical Purposes),20150820,20160105
32,21863457,Unifirst Corporation,1502SC000928,Small Claims,Disposed (Statistical Purposes),20151102,20160317
33,21876417,Unifirst Corporation,1502SC000965,Small Claims,Pending,20151112,20151112
34,21956006,Unifirst Corporation,1502SC000103,Small Claims,Disposed (Statistical Purposes),20150212,20150813
35,21979131,Unifirst Corporation,1502SC000398,Small Claims,Disposed (Statistical Purposes),20150501,20150902
36,21982964,Unifirst Corporation,1502SC000179,Small Claims,Disposed (Statistical Purposes),20150227,20150618
37,21983250,Unifirst Corporation,1502SC000180,Small Claims,Disposed (Statistical Purposes),20150227,20150701
38,21987459,Unifirst Corporation,1502SC000426,Small Claims,Disposed (Statistical Purposes),20150512,20151015
39,22000485,Unifirst Corporation,1502SC000468,Small Claims,Disposed (Statistical Purposes),20150528,20151007
40,22005130,Unifirst Corporation,1502SC000575,Small Claims,Disposed (Statistical Purposes),20150623,20151105
41,22016751,Unifirst Corporation,1502SC000267,Small Claims,Disposed (Statistical Purposes),20150319,20150928
42,22020894,Unifirst Corporation,1548SP000148,Supplementary Process,Pending,20151109,20151109
43,22028514,Unifirst Corporation,1502SC000270,Small Claims,Disposed (Statistical Purposes),20150319,20150928
44,22030499,Unifirst Corporation,1502SC000269,Small Claims,Disposed (Statistical Purposes),20150319,20150928
45,22472609,Unifirst Corporation,0906SP000050,Supplementary Process,Pending,20090120,20090120
46,22517167,Unifirst Corporation,1534CV000282,Civil,Disposed (Statistical Purposes),20150601,20150724
47,23474349,Unifirst Corporation,0868SP000085,Supplementary Process,Disposed (Statistical Purposes),20080530,20080728
48,23544807,Unifirst Corporation,0538SP000081,Supplementary Process,Disposed (Statistical Purposes),20050414,20061121
49,24612477,Unifirst Corporation,1547SP000078,Supplementary Process,Disposed (Statistical Purposes),20150918,20160111
0,25918231,Unifirst Corporation,0521CV000182,Civil,Disposed (Statistical Purposes),20050516,20051026
1,26060784,Unifirst Corporation,0789SP000251,Supplementary Process,Disposed (Statistical Purposes),20071024,20080201
2,26148429,Unifirst Corporation,1511CV001365,Civil,Pending,20151116,20151116
3,26818292,Unifirst Corporation,0749SP000035,Supplementary Process,Disposed (Statistical Purposes),20070130,20070316
4,26855379,Unifirst Corporation,0832SP000068,Supplementary Process,Disposed (Statistical Purposes),20080125,20080416
5,26871869,Unifirst Corporation,0832SP000067,Supplementary Process,Disposed (Statistical Purposes),20080125,20080416
6,27097634,Unifirst Corporation,0725SP001629,Supplementary Process,Disposed (Statistical Purposes),20070713,20070911
7,27508239,Unifirst Corporation,1689SP000017,Supplementary Process,Disposed (Statistical Purposes),20160219,20160331
8,28139167,Unifirst Corporation,1518CV000403,Civil,Disposed (Statistical Purposes),20150518,20160112
9,28193533,Unifirst Corporation,1518CV000762,Civil,Disposed (Statistical Purposes),20150921,20160219
10,28220485,Unifirst Corporation,1533SP000267,Supplementary Process,Pending,20151015,20151015
11,28454347,Unifirst Corporation,1518CV000486,Civil,Disposed (Statistical Purposes),20150622,20151209
12,28824651,Unifirst Corporation,1511CV001052,Civil,Disposed (Statistical Purposes),20150820,20151118
13,28898058,Unifirst Corporation,0556CV001103,Civil,Disposed (Statistical Purposes),20050523,20050721
14,29064978,Unifirst Corporation,1511CV001203,Civil,Disposed (Statistical Purposes),20150928,20160317
15,29181440,Unifirst Corporation,1618CV000150,Civil,Pending,20160229,20160229
16,29318881,Unifirst Corporation,1511CV000711,Civil,Disposed (Statistical Purposes),20150601,20150903
17,29609087,Unifirst Corporation,0556SC000992,Small Claims,Disposed (Statistical Purposes),20050328,20050525
18,29613822,Unifirst Corporation,1618CV000240,Civil,Pending,20160324,20160324
19,29616139,Unifirst Corporation,0556CV000508,Civil,Disposed (Statistical Purposes),20050311,20050714
20,29619555,Unifirst Corporation,1618CV000239,Civil,Pending,20160324,20160324
21,29625504,Unifirst Corporation,1618CV000238,Civil,Pending,20160324,20160324
22,30184880,Unifirst Corporation,0754SP000258,Supplementary Process,Disposed (Statistical Purposes),20070827,20071025
23,30235536,Unifirst Corporation,0641CV000407,Civil,Disposed (Statistical Purposes),20061109,20080804
24,30312514,Unifirst Corporation,1511CV000192,Civil,Disposed (Statistical Purposes),20150217,20150617
25,31147441,Unifirst Corporation,0531CV000005,Civil,Disposed (Statistical Purposes),20050106,20050225
26,31149413,Unifirst Corporation,0531CV000006,Civil,Disposed (Statistical Purposes),20050106,20050224
27,31513320,Unifirst Corporation,0533SP000421,Supplementary Process,Disposed (Statistical Purposes),20050906,20051121
28,31696613,Unifirst Corporation,1523SP000534,Supplementary Process,Disposed (Statistical Purposes),20151124,20160121
29,31704300,Unifirst Corporation,1523SP000533,Supplementary Process,Pending,20151124,20151124
30,32666862,Unifirst Corporation,0544SP000003,Supplementary Process,Disposed (Statistical Purposes),20050114,20051006
31,32790374,Unifirst Corporation,1526SP000024,Supplementary Process,Pending,20150312,20150312
32,33101584,Unifirst Corporation,1553CV000705,Civil,Pending,20151030,20151030
33,33110084,Unifirst Corporation,1553CV000676,Civil,Pending,20151015,20151015
34,33131536,Unifirst Corporation,0553CV000418,Civil,Disposed (Statistical Purposes),20050429,20050901
35,33135260,Unifirst Corporation,1553CV000684,Civil,Disposed (Statistical Purposes),20151019,20160115
36,33145295,Unifirst Corporation,1553CV000746,Civil,Pending,20151123,20151123
37,33167971,Unifirst Corporation,0918SP000518,Supplementary Process,Disposed (Statistical Purposes),20090521,20090727
38,33233979,Unifirst Corporation,1553CV000769,Civil,Disposed (Statistical Purposes),20151204,20160222
39,33234664,Unifirst Corporation,1553CV000807,Civil,Pending,20151218,20151218
40,34526800,Unifirst Corporation,0521SP000186,Supplementary Process,Disposed (Statistical Purposes),20051222,20060309
41,34541464,Unifirst Corporation,0521SP000187,Supplementary Process,Disposed (Statistical Purposes),20051222,20060310
42,34547200,Unifirst Corporation,0826SP000020,Supplementary Process,Disposed (Statistical Purposes),20080124,20080320
43,34575274,Unifirst Corporation,0656CV001665,Civil,Disposed (Statistical Purposes),20060706,20061106
44,34606477,Unifirst Corporation,0556CV001448,Civil,Disposed (Statistical Purposes),20050701,20060517
45,34656819,Unifirst Corporation,0556SC002742,Small Claims,Disposed (Statistical Purposes),20050701,20050713
46,34660708,Unifirst Corporation,0759SP000232,Supplementary Process,Disposed (Statistical Purposes),20070605,20070928
47,34664867,Unifirst Corporation,0956SP001264,Supplementary Process,Disposed (Statistical Purposes),20090716,20090825
48,34712339,Unifirst Corporation,0666SP000186,Supplementary Process,Disposed (Statistical Purposes),20061003,20070215
49,34896337,Unifirst Corporation,0756CV002522,Civil,Disposed (Statistical Purposes),20071005,20080215
0,34914124,Unifirst Corporation,0756SC001474,Small Claims,Disposed (Statistical Purposes),20070430,20070614
1,34923855,Unifirst Corporation,0756SC001473,Small Claims,Disposed (Statistical Purposes),20070430,20070510
2,34926003,Unifirst Corporation,0556CV001963,Civil,Disposed (Statistical Purposes),20050829,20051206
3,34952990,Unifirst Corporation,0756SC001475,Small Claims,Disposed (Statistical Purposes),20070430,20070614
4,34954860,Unifirst Corporation,0756CV001119,Civil,Disposed (Statistical Purposes),20070430,20070523
5,34983847,Unifirst Corporation,0656CV000038,Civil,Disposed (Statistical Purposes),20060109,20070130
6,35004849,Unifirst Corporation,0656CV000039,Civil,Disposed (Statistical Purposes),20060109,20060828
7,35016721,Unifirst Corporation,0656CV000057,Civil,Disposed (Statistical Purposes),20060111,20060510
8,35018097,Unifirst Corporation,0656CV000062,Civil,Disposed (Statistical Purposes),20060111,20060503
9,35027145,Unifirst Corporation,0756CV001354,Civil,Disposed (Statistical Purposes),20070531,20080111
10,35062967,Unifirst Corporation,0859SP000277,Supplementary Process,Disposed (Statistical Purposes),20080509,20080729
11,35088882,Unifirst Corporation,0656SC001853,Small Claims,Disposed (Statistical Purposes),20060424,20060628
12,35205075,Unifirst Corporation,0656CV000563,Civil,Disposed (Statistical Purposes),20060313,20060821
13,35589323,Unifirst Corporation,0856CV001578,Civil,Disposed (Statistical Purposes),20080523,20080625
14,35591885,Unifirst Corporation,0856CV001573,Civil,Disposed (Statistical Purposes),20080522,20080829
15,36003019,Unifirst Corporation,1656SP000082,Supplementary Process,Pending,20160401,20160401
16,36016545,Unifirst Corporation,0710SP000016,Supplementary Process,Disposed (Statistical Purposes),20070117,20070322
17,37315966,Unifirst Corporation,0560SP000175,Supplementary Process,Disposed (Statistical Purposes),20050923,20051110
18,37595392,Unifirst Corporation,1653CV000069,Civil,Pending,20160204,20160204
19,37805202,Unifirst Corporation,0656SC005885,Small Claims,Disposed (Statistical Purposes),20061211,20061219
20,37805855,Unifirst Corporation,0656SC005656,Small Claims,Disposed (Statistical Purposes),20061124,20070201
21,37817884,Unifirst Corporation,0656SC005655,Small Claims,Disposed (Statistical Purposes),20061124,20070110
22,38714898,Unifirst Corporation,0856SC003562,Small Claims,Disposed (Statistical Purposes),20080905,20081103
23,38715083,Unifirst Corporation,0856CV002911,Civil,Disposed (Statistical Purposes),20080905,20080926
24,38715107,Unifirst Corporation,0856CV002909,Civil,Disposed (Statistical Purposes),20080905,20081114
25,38715141,Unifirst Corporation,0856CV002910,Civil,Disposed (Statistical Purposes),20080905,20090105
26,38715232,Unifirst Corporation,0856SC003537,Small Claims,Disposed (Statistical Purposes),20080905,20081024
27,38973572,Unifirst Corporation,1560SP000037,Supplementary Process,Disposed (Statistical Purposes),20150302,20150504
28,39025620,Unifirst Corporation,0860SP000060,Supplementary Process,Disposed (Statistical Purposes),20080211,20080327
29,39104136,Unifirst Corporation,1553CV000342,Civil,Disposed (Statistical Purposes),20150515,20150908
30,40302965,Unifirst Corporation,0556CV002432,Civil,Disposed (Statistical Purposes),20051024,20070409
31,40311348,Unifirst Corporation,0556CV002429,Civil,Disposed (Statistical Purposes),20051024,20060414
32,40429675,Unifirst Corporation,0556CV002648,Civil,Disposed (Statistical Purposes),20051118,20061226
33,40505064,Unifirst Corporation,0556CV002757,Civil,Disposed (Statistical Purposes),20051205,20060404
34,40569409,Unifirst Corporation,0865SP000190,Supplementary Process,Disposed (Statistical Purposes),20080819,20090115
35,44229501,Unifirst Corporation,0957SP000253,Supplementary Process,Disposed (Statistical Purposes),20090514,20090514
36,46292121,Unifirst Corporation,0708SP000093,Supplementary Process,Pending,20070620,20070620
37,46641434,Unifirst Corporation,0768CV000456,Civil,Disposed (Statistical Purposes),20071005,20080215
38,47013119,Unifirst Corporation,0854SP000086,Supplementary Process,Disposed (Statistical Purposes),20080320,20080522
39,47055453,Unifirst Corporation,0856CV000264,Civil,Disposed (Statistical Purposes),20080125,20080227
40,47055620,Unifirst Corporation,0856CV000265,Civil,Disposed (Statistical Purposes),20080125,20080314
41,47056281,Unifirst Corporation,0856CV000313,Civil,Disposed (Statistical Purposes),20080201,20081014
42,47103473,Unifirst Corporation,0868SP000144,Supplementary Process,Disposed (Statistical Purposes),20080814,20081104
43,47103491,Unifirst Corporation,0868SP000142,Supplementary Process,Disposed (Statistical Purposes),20080814,20081104
44,47103795,Unifirst Corporation,0868SP000143,Supplementary Process,Disposed (Statistical Purposes),20080814,20081104
45,47846239,Unifirst Corporation,1177CV00956,Administrative Civil Actions,Closed,20110520,20111012
46,47873816,Unifirst Corporation,1202SC000858,Small Claims,Disposed (Statistical Purposes),20121212,20130107
47,47888410,Unifirst Corporation,1202SC000204,Small Claims,Disposed (Statistical Purposes),20120330,20120621
48,47899811,Unifirst Corporation,1202SC000221,Small Claims,Disposed (Statistical Purposes),20120409,20120712
49,47909826,Unifirst Corporation,1202SC000299,Small Claims,Disposed (Statistical Purposes),20120523,20120803
0,47984002,Unifirst Corporation,1302SC000528,Small Claims,Disposed (Statistical Purposes),20130701,20131025
1,47984024,Unifirst Corporation,1302SC000529,Small Claims,Disposed (Statistical Purposes),20130701,20131031
2,48041794,Unifirst Corporation,1402SC000270,Small Claims,Disposed (Statistical Purposes),20140415,20150227
3,48042265,Unifirst Corporation,1402SC000272,Small Claims,Disposed (Statistical Purposes),20140415,20150227
4,48042450,Unifirst Corporation,1402SC000273,Small Claims,Disposed (Statistical Purposes),20140415,20140813
5,48043232,Unifirst Corporation,1402SC000277,Small Claims,Disposed (Statistical Purposes),20140415,20150227
6,48043634,Unifirst Corporation,1402SC000278,Small Claims,Disposed (Statistical Purposes),20140415,20150227
7,48043957,Unifirst Corporation,1402SC000279,Small Claims,Disposed (Statistical Purposes),20140415,20150227
8,48044458,Unifirst Corporation,1402SC000281,Small Claims,Disposed (Statistical Purposes),20140415,20150227
9,48044972,Unifirst Corporation,1402SC000283,Small Claims,Disposed (Statistical Purposes),20140415,20150227
10,48045208,Unifirst Corporation,1402SC000285,Small Claims,Disposed (Statistical Purposes),20140415,20140902
11,48114438,Unifirst Corporation,1502SC000780,Small Claims,Disposed (Statistical Purposes),20150902,20151231
12,48114786,Unifirst Corporation,1502SC000795,Small Claims,Disposed (Statistical Purposes),20150909,20150924
13,48115159,Unifirst Corporation,1502SC000811,Small Claims,Disposed (Statistical Purposes),20150914,20160301
14,48115364,Unifirst Corporation,1502SC000810,Small Claims,Disposed (Statistical Purposes),20150914,20160127
15,48115396,Unifirst Corporation,1502SC000786,Small Claims,Disposed (Statistical Purposes),20150914,20160301
16,48170067,Unifirst Corporation,1522SP000134,Supplementary Process,Disposed (Statistical Purposes),20151119,20160303
17,48300452,Unifirst Corporation,1553CV000823,Civil,Disposed (Statistical Purposes),20151228,20160314
18,48423194,Unifirst Corporation,1618CV000189,Civil,Pending,20160311,20160311
19,48652685,Unifirst Corporation,1602SC000148,Small Claims,Pending,20160401,20160401
20,48659669,Unifirst Corporation,1602SC000099,Small Claims,Pending,20160421,20160421
21,48660101,Unifirst Corporation,1602SC000226,Small Claims,Pending,20160505,20160505
22,48660305,Unifirst Corporation,1602SC000225,Small Claims,Pending,20160505,20160505
23,48665645,Unifirst Corporation,1602SC000145,Small Claims,Pending,20160401,20160401
24,48665690,Unifirst Corporation,1602SC000147,Small Claims,Pending,20160401,20160401
25,48665807,Unifirst Corporation,1602SC000146,Small Claims,Pending,20160401,20160401
26,48666679,Unifirst Corporation,1602SC000183,Small Claims,Pending,20160428,20160428
27,48676294,Unifirst Corporation,1602SC000205,Small Claims,Pending,20160426,20160426
28,48688791,Unifirst Corporation,1669SP000033,Supplementary Process,Pending,20160505,20160505
29,48690272,Unifirst Corporation,1669SP000032,Supplementary Process,Pending,20160505,20160505
30,48758485,Unifirst Corporation,1623SP000084,Supplementary Process,Pending,20160505,20160505
31,48783881,Unifirst Corporation,1618CV000276,Civil,Pending,20160404,20160404
32,48915788,Unifirst Corporation,1156SC001168,Small Claims,Disposed (Statistical Purposes),20110315,20110505
33,48934954,Unifirst Corporation,1156SC001417,Small Claims,Disposed (Statistical Purposes),20110323,20110505
34,49513508,Unifirst Corporation,0756CV000742,Civil,Disposed (Statistical Purposes),20070316,20070626
35,49513930,Unifirst Corporation,0756CV000741,Civil,Disposed (Statistical Purposes),20070316,20070716
36,49523336,Unifirst Corporation,1156SC003067,Small Claims,Disposed (Statistical Purposes),20110707,20120410
37,49529224,Unifirst Corporation,1156SC003066,Small Claims,Disposed (Statistical Purposes),20110707,20120410
38,49531498,Unifirst Corporation,1156SC003075,Small Claims,Disposed (Statistical Purposes),20110707,20110720
39,49532060,Unifirst Corporation,1156SC003070,Small Claims,Disposed (Statistical Purposes),20110707,20120410
40,49534380,Unifirst Corporation,1156SC003068,Small Claims,Disposed (Statistical Purposes),20110707,20110817
41,49539286,Unifirst Corporation,0756CV000740,Civil,Disposed (Statistical Purposes),20070316,20080423
42,49564242,Unifirst Corporation,1156SC003078,Small Claims,Disposed (Statistical Purposes),20110707,20110831
43,49570470,Unifirst Corporation,0856SC004033,Small Claims,Disposed (Statistical Purposes),20081006,20081209
44,49595070,Unifirst Corporation,1156SC003159,Small Claims,Pending,20110711,20110711
45,49598163,Unifirst Corporation,1156SC003162,Small Claims,Disposed (Statistical Purposes),20110711,20120410
46,49598569,Unifirst Corporation,1156SC003160,Small Claims,Disposed (Statistical Purposes),20110711,20110812
47,50313338,Unifirst Corporation,1156SC003576,Small Claims,Disposed (Statistical Purposes),20110808,20111012
48,50315091,Unifirst Corporation,1156SC003575,Small Claims,Pending,20110808,20110808
49,50399386,Unifirst Corporation,0756SP000889,Supplementary Process,Disposed (Statistical Purposes),20070822,20071009
0,50526456,Unifirst Corporation,1156SC001418,Small Claims,Disposed (Statistical Purposes),20110323,20110524
1,50619774,Unifirst Corporation,0656CV001682,Civil,Disposed (Statistical Purposes),20060710,20061110
2,50626187,Unifirst Corporation,0656CV001684,Civil,Disposed (Statistical Purposes),20060710,20060821
3,50626902,Unifirst Corporation,0656CV001683,Civil,Disposed (Statistical Purposes),20060710,20070730
4,50650429,Unifirst Corporation,0756CV002261,Civil,Disposed (Statistical Purposes),20070906,20071207
5,50654166,Unifirst Corporation,0756CV002277,Civil,Disposed (Statistical Purposes),20070907,20071120
6,50656048,Unifirst Corporation,0756CV002276,Civil,Disposed (Statistical Purposes),20070907,20070924
7,50656545,Unifirst Corporation,0756CV002278,Civil,Disposed (Statistical Purposes),20070907,20080219
8,50657127,Unifirst Corporation,0756CV002279,Civil,Disposed (Statistical Purposes),20070907,20080124
9,50930445,Unifirst Corporation,0556CV002229,Civil,Disposed (Statistical Purposes),20050926,20070606
10,51015668,Unifirst Corporation,0656CV000899,Civil,Disposed (Statistical Purposes),20060419,20061128
11,51017409,Unifirst Corporation,0656SC001783,Small Claims,Disposed (Statistical Purposes),20060419,20060512
12,51348488,Unifirst Corporation,0856CV002548,Civil,Disposed (Statistical Purposes),20080807,20081114
13,51561606,Unifirst Corporation,0856CV002801,Civil,Disposed (Statistical Purposes),20080827,20081014
14,51619606,Unifirst Corporation,0856SC003442,Small Claims,Disposed (Statistical Purposes),20080829,20081016
15,51649705,Unifirst Corporation,0656SC001858,Small Claims,Disposed (Statistical Purposes),20060425,20060518
16,51686378,Unifirst Corporation,0556CV002776,Civil,Disposed (Statistical Purposes),20051207,20060404
17,51687210,Unifirst Corporation,0556CV002781,Civil,Disposed (Statistical Purposes),20051207,20060801
18,51690674,Unifirst Corporation,0556CV002778,Civil,Disposed (Statistical Purposes),20051207,20060525
19,51691307,Unifirst Corporation,0556CV002777,Civil,Disposed (Statistical Purposes),20051207,20061221
20,51746636,Unifirst Corporation,1156SC002903,Small Claims,Disposed (Statistical Purposes),20110621,20110729
21,51750491,Unifirst Corporation,1156SC002856,Small Claims,Disposed (Statistical Purposes),20110622,20110804
22,51751496,Unifirst Corporation,0856CV002901,Civil,Disposed (Statistical Purposes),20080904,20090610
23,51752542,Unifirst Corporation,0856CV002900,Civil,Disposed (Statistical Purposes),20080904,20090612
24,51752819,Unifirst Corporation,1156SC002858,Small Claims,Disposed (Statistical Purposes),20110622,20110804
25,51752924,Unifirst Corporation,0856CV002899,Civil,Disposed (Statistical Purposes),20080904,20090114
26,51755257,Unifirst Corporation,0856SC003555,Small Claims,Disposed (Statistical Purposes),20080904,20081010
27,51771427,Unifirst Corporation,0956CV000283,Civil,Disposed (Statistical Purposes),20090122,20090626
28,51773296,Unifirst Corporation,0956CV000285,Civil,Disposed (Statistical Purposes),20090122,20091104
29,51773581,Unifirst Corporation,0956CV000282,Civil,Disposed (Statistical Purposes),20090122,20090424
30,51817561,Unifirst Corporation,1156SC002894,Small Claims,Disposed (Statistical Purposes),20110623,20110810
31,51819520,Unifirst Corporation,1156SC002904,Small Claims,Disposed (Statistical Purposes),20110623,20111012
32,51822749,Unifirst Corporation,1156SC002889,Small Claims,Disposed (Statistical Purposes),20110623,20110816
33,51825021,Unifirst Corporation,1156SC002925,Small Claims,Disposed (Statistical Purposes),20110623,20110727
34,51855473,Unifirst Corporation,0956CV000304,Civil,Disposed (Statistical Purposes),20090126,20090625
35,51907490,Unifirst Corporation,0956CV000365,Civil,Disposed (Statistical Purposes),20090129,20090903
36,51907669,Unifirst Corporation,0956CV000364,Civil,Disposed (Statistical Purposes),20090129,20090331
37,51939177,Unifirst Corporation,0815SP000351,Supplementary Process,Disposed (Statistical Purposes),20080407,20080513
38,51972459,Unifirst Corporation,0756SC000142,Small Claims,Disposed (Statistical Purposes),20070112,20070202
39,51981064,Unifirst Corporation,0956SC004298,Small Claims,Disposed (Statistical Purposes),20091021,20100211
40,52246820,Unifirst Corporation,1156SC000262,Small Claims,Disposed (Statistical Purposes),20110121,20110318
41,52248988,Unifirst Corporation,1156SC000264,Small Claims,Disposed (Statistical Purposes),20110121,20110426
42,52253747,Unifirst Corporation,1156SC000266,Small Claims,Pending,20110121,20110121
43,52257162,Unifirst Corporation,1156SC000265,Small Claims,Disposed (Statistical Purposes),20110121,20110318
44,52457126,Unifirst Corporation,0556SC001351,Small Claims,Disposed (Statistical Purposes),20050331,20060126
45,53153713,Unifirst Corporation,0856CV000321,Civil,Disposed (Statistical Purposes),20080204,20080522
46,53522599,Unifirst Corporation,0856CV000850,Civil,Disposed (Statistical Purposes),20080318,20080603
47,54166090,Unifirst Corporation,1156SC002998,Small Claims,Disposed (Statistical Purposes),20110629,20110816
48,54169236,Unifirst Corporation,1156SC002996,Small Claims,Disposed (Statistical Purposes),20110629,20110930
49,54204136,Unifirst Corporation,1156SC003020,Small Claims,Disposed (Statistical Purposes),20110629,20110926
0,54204858,Unifirst Corporation,1156SC002997,Small Claims,Disposed (Statistical Purposes),20110629,20111003
1,54206568,Unifirst Corporation,1156SC003016,Small Claims,Disposed (Statistical Purposes),20110629,20120410
2,54217440,Unifirst Corporation,1156SC002992,Small Claims,Disposed (Statistical Purposes),20110629,20110802
3,54278539,Unifirst Corporation,0756CV000160,Civil,Disposed (Statistical Purposes),20070116,20080123
4,54333178,Unifirst Corporation,1156CV002379,Civil,Disposed (Statistical Purposes),20111019,20140227
5,54404124,Unifirst Corporation,0956SC004387,Small Claims,Disposed (Statistical Purposes),20091027,20091217
6,54421217,Unifirst Corporation,0956SC004388,Small Claims,Disposed (Statistical Purposes),20091027,20100209
7,54611228,Unifirst Corporation,0656CV001129,Civil,Disposed (Statistical Purposes),20060508,20060627
8,54731332,Unifirst Corporation,0556CV001521,Civil,Disposed (Statistical Purposes),20050712,20060321
9,54734279,Unifirst Corporation,0556CV001523,Civil,Disposed (Statistical Purposes),20050712,20051028
10,54894091,Unifirst Corporation,0656SC002057,Small Claims,Disposed (Statistical Purposes),20060504,20060602
11,54934478,Unifirst Corporation,0656CV000394,Civil,Disposed (Statistical Purposes),20060223,20060419
12,54941337,Unifirst Corporation,0656CV003050,Civil,Disposed (Statistical Purposes),20061205,20061221
13,55014213,Unifirst Corporation,0656CV001111,Civil,Disposed (Statistical Purposes),20060505,20070503
14,55019019,Unifirst Corporation,1153SP000610,Supplementary Process,Disposed (Statistical Purposes),20111011,20120425
15,55024464,Unifirst Corporation,1153SP000609,Supplementary Process,Disposed (Statistical Purposes),20111011,20120425
16,55083445,Unifirst Corporation,0656CV003085,Civil,Disposed (Statistical Purposes),20061208,20070330
17,55184732,Unifirst Corporation,0656SC001996,Small Claims,Disposed (Statistical Purposes),20060501,20060526
18,55252870,Unifirst Corporation,0656SC005777,Small Claims,Disposed (Statistical Purposes),20061201,20070125
19,55325149,Unifirst Corporation,0756CV003288,Civil,Disposed (Statistical Purposes),20071214,20080107
20,55327527,Unifirst Corporation,0656CV002840,Civil,Disposed (Statistical Purposes),20061106,20070406
21,55352834,Unifirst Corporation,0656CV002839,Civil,Disposed (Statistical Purposes),20061106,20070529
22,55664341,Unifirst Corporation,0956CV001609,Civil,Disposed (Statistical Purposes),20090514,20090915
23,55722091,Unifirst Corporation,0556CV000013,Civil,Disposed (Statistical Purposes),20050104,20051028
24,55722091,Unifirst Corporation,0556CV000013,Civil,Disposed (Statistical Purposes),20050104,20051028
25,55860122,Unifirst Corporation,0623CV001966,Civil,Disposed (Statistical Purposes),20060727,20061114
26,55865320,Unifirst Corporation,0556SC000086,Small Claims,Disposed (Statistical Purposes),20050110,20050422
27,55866392,Unifirst Corporation,0556SC000087,Small Claims,Disposed (Statistical Purposes),20050110,20050420
28,55867678,Unifirst Corporation,0956SC002181,Small Claims,Disposed (Statistical Purposes),20090526,20090917
29,55870097,Unifirst Corporation,0556CV000072,Civil,Disposed (Statistical Purposes),20050111,20050510
30,55870539,Unifirst Corporation,0556CV000068,Civil,Disposed (Statistical Purposes),20050111,20050510
31,55904641,Unifirst Corporation,0556CV000518,Civil,Disposed (Statistical Purposes),20050314,20051227
32,55914477,Unifirst Corporation,0956SC003768,Small Claims,Disposed (Statistical Purposes),20090909,20091023
33,55915957,Unifirst Corporation,0956SC002310,Small Claims,Disposed (Statistical Purposes),20090602,20101001
34,55936479,Unifirst Corporation,0556CV000590,Civil,Disposed (Statistical Purposes),20050322,20050609
35,56046322,Unifirst Corporation,0556SC000325,Small Claims,Disposed (Statistical Purposes),20050120,20050318
36,56049571,Unifirst Corporation,0556CV000154,Civil,Disposed (Statistical Purposes),20050121,20051028
37,56050466,Unifirst Corporation,0556CV000152,Civil,Disposed (Statistical Purposes),20050121,20060125
38,56196105,Unifirst Corporation,0956CV002773,Civil,Disposed (Statistical Purposes),20090827,20100709
39,56268494,Unifirst Corporation,0731SP000347,Supplementary Process,Disposed (Statistical Purposes),20071011,20080403
40,56350418,Unifirst Corporation,0756SC000462,Small Claims,Disposed (Statistical Purposes),20070214,20070419
41,56491866,Unifirst Corporation,0656CV002309,Civil,Disposed (Statistical Purposes),20060912,20071210
42,56496707,Unifirst Corporation,0656CV002311,Civil,Disposed (Statistical Purposes),20060912,20061221
43,56505105,Unifirst Corporation,0656CV002310,Civil,Disposed (Statistical Purposes),20060912,20070529
44,56849854,Unifirst Corporation,0656SC004608,Small Claims,Disposed (Statistical Purposes),20060912,20061011
45,56858574,Unifirst Corporation,0656SC004609,Small Claims,Disposed (Statistical Purposes),20060912,20061020
46,57168759,Unifirst Corporation,1056SP000001,Supplementary Process,Disposed (Statistical Purposes),20100104,20100216
47,57314896,Unifirst Corporation,1062SC000560,Small Claims,Disposed (Statistical Purposes),20100310,20100604
48,57381056,Unifirst Corporation,0656SC002663,Small Claims,Disposed (Statistical Purposes),20060602,20060628
49,57393331,Unifirst Corporation,1056SC000271,Small Claims,Disposed (Statistical Purposes),20100126,20100521
0,57394763,Unifirst Corporation,1056SC000269,Small Claims,Disposed (Statistical Purposes),20100126,20100308
1,57398938,Unifirst Corporation,1056SC000267,Small Claims,Disposed (Statistical Purposes),20100126,20100308
2,57402481,Unifirst Corporation,1056SC000273,Small Claims,Disposed (Statistical Purposes),20100126,20100204
3,57402558,Unifirst Corporation,1056SC000274,Small Claims,Disposed (Statistical Purposes),20100126,20100521
4,57402751,Unifirst Corporation,1056SC000270,Small Claims,Disposed (Statistical Purposes),20100126,20100308
5,57403441,Unifirst Corporation,1056SC000268,Small Claims,Disposed (Statistical Purposes),20100126,20100308
6,57404147,Unifirst Corporation,1056SC000266,Small Claims,Disposed (Statistical Purposes),20100126,20100308
7,57424424,Unifirst Corporation,1056SC000295,Small Claims,Disposed (Statistical Purposes),20100127,20100323
8,57430719,Unifirst Corporation,1056SC000298,Small Claims,Disposed (Statistical Purposes),20100127,20100210
9,57431903,Unifirst Corporation,1056SC000296,Small Claims,Disposed (Statistical Purposes),20100127,20100210
10,57444279,Unifirst Corporation,1056SC002287,Small Claims,Disposed (Statistical Purposes),20100622,20100812
11,57489355,Unifirst Corporation,1056SC000313,Small Claims,Disposed (Statistical Purposes),20100202,20100216
12,57571791,Unifirst Corporation,0756SC001120,Small Claims,Disposed (Statistical Purposes),20070405,20070510
13,57575178,Unifirst Corporation,0756SC001119,Small Claims,Disposed (Statistical Purposes),20070405,20070424
14,57597248,Unifirst Corporation,0756CV000946,Civil,Disposed (Statistical Purposes),20070406,20070703
15,57605495,Unifirst Corporation,0756CV000948,Civil,Disposed (Statistical Purposes),20070406,20080123
16,57609087,Unifirst Corporation,0756CV000947,Civil,Disposed (Statistical Purposes),20070406,20080104
17,57610949,Unifirst Corporation,0756CV000949,Civil,Disposed (Statistical Purposes),20070406,20070626
18,57844746,Unifirst Corporation,1056CV000501,Civil,Disposed (Statistical Purposes),20100224,20100429
19,57937018,Unifirst Corporation,1056CV003526,Civil,Disposed (Statistical Purposes),20101130,20101130
20,58042683,Unifirst Corporation,1056SC005162,Small Claims,Disposed (Statistical Purposes),20101215,20101228
21,58048037,Unifirst Corporation,1056SC005158,Small Claims,Disposed (Statistical Purposes),20101215,20110323
22,58052541,Unifirst Corporation,1056SC005163,Small Claims,Disposed (Statistical Purposes),20101215,20110615
23,58057823,Unifirst Corporation,1056SC005159,Small Claims,Disposed (Statistical Purposes),20101215,20110110
24,58141922,Unifirst Corporation,0856CV001227,Civil,Disposed (Statistical Purposes),20080422,20090624
25,58155809,Unifirst Corporation,0856CV001230,Civil,Disposed (Statistical Purposes),20080422,20090226
26,58159050,Unifirst Corporation,0856CV001229,Civil,Disposed (Statistical Purposes),20080422,20080826
27,58161709,Unifirst Corporation,0856CV001231,Civil,Disposed (Statistical Purposes),20080422,20080708
28,58187370,Unifirst Corporation,0756CV001207,Civil,Disposed (Statistical Purposes),20070507,20071113
29,58199858,Unifirst Corporation,0756CV001206,Civil,Disposed (Statistical Purposes),20070507,20070716
30,58210990,Unifirst Corporation,1056SC005020,Small Claims,Disposed (Statistical Purposes),20101203,20110128
31,58214612,Unifirst Corporation,0656CV002563,Civil,Disposed (Statistical Purposes),20061005,20061114
32,58216028,Unifirst Corporation,0656CV002564,Civil,Disposed (Statistical Purposes),20061005,20071102
33,58216617,Unifirst Corporation,0656CV002562,Civil,Disposed (Statistical Purposes),20061005,20071207
34,58217648,Unifirst Corporation,0656CV002559,Civil,Disposed (Statistical Purposes),20061005,20071001
35,58218735,Unifirst Corporation,0656CV002558,Civil,Disposed (Statistical Purposes),20061005,20070514
36,58225955,Unifirst Corporation,0556CV002494,Civil,Disposed (Statistical Purposes),20051031,20060501
37,58239777,Unifirst Corporation,0856CV001228,Civil,Disposed (Statistical Purposes),20080422,20081114
38,58255273,Unifirst Corporation,1056SC005208,Small Claims,Disposed (Statistical Purposes),20101220,20110729
39,58398261,Unifirst Corporation,1056SC005209,Small Claims,Disposed (Statistical Purposes),20101221,20110203
40,58411849,Unifirst Corporation,1056CV003739,Civil,Disposed (Statistical Purposes),20101228,20110902
41,58449605,Unifirst Corporation,1056SC005292,Small Claims,Disposed (Statistical Purposes),20101228,20110210
42,58472859,Unifirst Corporation,1056SC005288,Small Claims,Disposed (Statistical Purposes),20101228,20110111
43,58497630,Unifirst Corporation,1056SC005293,Small Claims,Pending,20101228,20101228
44,58509602,Unifirst Corporation,1056SC005289,Small Claims,Disposed (Statistical Purposes),20101228,20110131
45,58523435,Unifirst Corporation,1056SC005333,Small Claims,Disposed (Statistical Purposes),20101229,20110505
46,58525412,Unifirst Corporation,1056SC005332,Small Claims,Disposed (Statistical Purposes),20101229,20110412
47,58782941,Unifirst Corporation,0756CV001606,Civil,Disposed (Statistical Purposes),20070627,20080312
48,58790269,Unifirst Corporation,0756SC001736,Small Claims,Disposed (Statistical Purposes),20070516,20070619
49,58876250,Unifirst Corporation,1111CV002834,Civil,Disposed (Statistical Purposes),20111011,20120815
0,59024017,Unifirst Corporation,0756CV002939,Civil,Disposed (Statistical Purposes),20071113,20080116
1,59030355,Unifirst Corporation,0756CV002940,Civil,Disposed (Statistical Purposes),20071113,20081118
2,59084488,Unifirst Corporation,0656SP001179,Supplementary Process,Disposed (Statistical Purposes),20061220,20070213
3,59340070,Unifirst Corporation,0756CV000355,Civil,Disposed (Statistical Purposes),20070208,20070620
4,59452420,Unifirst Corporation,0956CV002967,Civil,Disposed (Statistical Purposes),20090914,20090928
5,59528258,Unifirst Corporation,1056SC004325,Small Claims,Disposed (Statistical Purposes),20101026,20101222
6,59604023,Unifirst Corporation,1056SC004426,Small Claims,Disposed (Statistical Purposes),20101103,20101221
7,59866114,Unifirst Corporation,0856CV001747,Civil,Disposed (Statistical Purposes),20080604,20080818
8,59866396,Unifirst Corporation,0856CV001748,Civil,Disposed (Statistical Purposes),20080604,20081008
9,59932188,Unifirst Corporation,0756CV001388,Civil,Disposed (Statistical Purposes),20070604,20071213
10,59933905,Unifirst Corporation,0756CV001392,Civil,Disposed (Statistical Purposes),20070604,20070808
11,59982371,Unifirst Corporation,1523SP000407,Supplementary Process,Disposed (Statistical Purposes),20150720,20160211
12,60022107,Unifirst Corporation,1359SC000715,Small Claims,Disposed (Statistical Purposes),20130522,20130710
13,60024859,Unifirst Corporation,1623SP000115,Supplementary Process,Disposed (Statistical Purposes),20160628,20161103
14,60056776,Unifirst Corporation,1348CV000153,Civil,Disposed (Statistical Purposes),20130522,20130906
15,60094128,Unifirst Corporation,1634SP000070,Supplementary Process,Disposed (Statistical Purposes),20160812,20161017
16,60349271,Unifirst Corporation,1089SC000412,Small Claims,Disposed (Statistical Purposes),20100423,20100721
17,60458315,Unifirst Corporation,0756SC003535,Small Claims,Disposed (Statistical Purposes),20070907,20071102
18,60913280,Unifirst Corporation,0856CV002164,Civil,Disposed (Statistical Purposes),20080707,20090313
19,60982962,Unifirst Corporation,0856SC002528,Small Claims,Disposed (Statistical Purposes),20080707,20080825
20,61444271,Unifirst Corporation,0856SC001434,Small Claims,Disposed (Statistical Purposes),20080410,20080520
21,61465944,Unifirst Corporation,0856SC001436,Small Claims,Disposed (Statistical Purposes),20080410,20080603
22,61484790,Unifirst Corporation,0910SP000008,Supplementary Process,Disposed (Statistical Purposes),20090210,20090529
23,61517414,Unifirst Corporation,0856SC001501,Small Claims,Disposed (Statistical Purposes),20080416,20080501
24,62155176,Unifirst Corporation,0556SC000137,Small Claims,Disposed (Statistical Purposes),20050127,20050718
25,62288399,Unifirst Corporation,0556SC000379,Small Claims,Disposed (Statistical Purposes),20050201,20050615
26,62365105,Unifirst Corporation,0556SC001060,Small Claims,Disposed (Statistical Purposes),20050315,20050419
27,62607537,Unifirst Corporation,0656CV002484,Civil,Disposed (Statistical Purposes),20060926,20070308
28,62609574,Unifirst Corporation,0656CV000586,Civil,Disposed (Statistical Purposes),20060315,20060608
29,62714783,Unifirst Corporation,1056SC004116,Small Claims,Disposed (Statistical Purposes),20101019,20101029
30,62736808,Unifirst Corporation,1056SC004184,Small Claims,Disposed (Statistical Purposes),20101020,20110216
31,62742770,Unifirst Corporation,1056SC004183,Small Claims,Pending,20101020,20101020
32,62896451,Unifirst Corporation,0556CV002552,Civil,Disposed (Statistical Purposes),20051107,20060330
33,63314997,Unifirst Corporation,0756CV003202,Civil,Disposed (Statistical Purposes),20071207,20080303
34,63405336,Unifirst Corporation,1111CV002952,Civil,Disposed (Statistical Purposes),20111101,20120217
35,63549960,Unifirst Corporation,0656CV000026,Civil,Disposed (Statistical Purposes),20060106,20060718
36,63644512,Unifirst Corporation,1056SC001788,Small Claims,Disposed (Statistical Purposes),20100514,20100611
37,63684340,Unifirst Corporation,1056SC001857,Small Claims,Disposed (Statistical Purposes),20100524,20100707
38,63816038,Unifirst Corporation,0556CV002635,Civil,Disposed (Statistical Purposes),20051117,20051223
39,63861817,Unifirst Corporation,1618CV000452,Civil,Disposed (Statistical Purposes),20160523,20161004
40,64044140,Unifirst Corporation,1618CV000522,Civil,Pending,20160610,20160613
41,64053622,Unifirst Corporation,1579CV00057,Contract / Business Cases,Closed,20150130,20150507
42,64087649,Unifirst Corporation,1618CV000514,Civil,Pending,20160606,20160606
43,64128561,Unifirst Corporation,1318SP000299,Supplementary Process,Disposed (Statistical Purposes),20130603,20130718
44,64204787,Unifirst Corporation,1318SP000329,Supplementary Process,Disposed (Statistical Purposes),20130621,20130813
45,64454440,Unifirst Corporation,1618CV000741,Civil,Pending,20160815,20160815
46,64592152,Unifirst Corporation,1389SP000129,Supplementary Process,Disposed (Statistical Purposes),20130621,20130910
47,64692186,Unifirst Corporation,1326SP000080,Supplementary Process,Disposed (Statistical Purposes),20130620,20130815
48,65199022,Unifirst Corporation,1326CV000077,Civil,Disposed (Statistical Purposes),20130307,20130418
49,65201803,Unifirst Corporation,1326CV000078,Civil,Disposed (Statistical Purposes),20130307,20130411
0,65482098,Unifirst Corporation,1623SP000096,Supplementary Process,Pending,20160519,20160519
1,65550334,Unifirst Corporation,1647SP000046,Supplementary Process,Disposed (Statistical Purposes),20160812,20161020
2,66030645,Unifirst Corporation,1347SP000003,Supplementary Process,Disposed (Statistical Purposes),20130104,20140206
3,66471954,Unifirst Corporation,1681CV02415,Administrative Civil Actions,Open,20160822,20160822
4,66737181,Unifirst Corporation,1332SP000083,Supplementary Process,Disposed (Statistical Purposes),20130215,20131029
5,67024140,Unifirst Corporation,1082CV01887,Administrative Civil Actions,Closed,20101019,20110825
6,67024994,Unifirst Corporation,1082CV01888,Administrative Civil Actions,Open,20101019,20110224
7,67612719,Unifirst Corporation,1384CV00362,Contract / Business Cases,Closed,20130128,20160826
8,67948035,Unifirst Corporation,1333SP000043,Supplementary Process,Disposed (Statistical Purposes),20130204,20131030
9,68278877,Unifirst Corporation,0985CV02062,Administrative Civil Actions,Closed,20090903,20100412
10,68316383,Unifirst Corporation,0877CV00721,Contract / Business Cases,Closed,20080409,20080827
11,68507570,Unifirst Corporation,1083CV00672,Contract / Business Cases,Closed,20100520,20100727
12,68545150,Unifirst Corporation,1356SC002658,Small Claims,Disposed (Statistical Purposes),20130620,20130926
13,69155357,Unifirst Corporation,0684CV05442,Administrative Civil Actions,Closed,20061229,20070625
14,69755398,Unifirst Corporation,1618CV000811,Civil,Disposed (Statistical Purposes),20160912,20161115
15,69766809,Unifirst Corporation,0881CV00995,Contract / Business Cases,Open,20080310,20080925
16,69980631,Unifirst Corporation,1311CV000451,Civil,Disposed (Statistical Purposes),20130320,20140109
17,70090230,Unifirst Corporation,1618CV000968,Civil,Pending,20161028,20161028
18,70090572,Unifirst Corporation,1618CV000967,Civil,Pending,20161028,20161028
19,70335791,Unifirst Corporation,0501CV004816,Civil,Closed,20051130,20051130
20,70339922,Unifirst Corporation,0501SC005646,Small Claims,Closed,20051130,20051130
21,70736869,Unifirst Corporation,0656CV000528,Civil,Disposed (Statistical Purposes),20060309,20070312
22,70746403,Unifirst Corporation,0656CV000539,Civil,Disposed (Statistical Purposes),20060310,20070116
23,70834279,Unifirst Corporation,1056SC005018,Small Claims,Disposed (Statistical Purposes),20101207,20110203
24,70835438,Unifirst Corporation,0756SC001574,Small Claims,Disposed (Statistical Purposes),20070509,20070622
25,70889173,Unifirst Corporation,0682CV01666,Contract / Business Cases,Closed,20060928,20070801
26,71118197,Unifirst Corporation,1620SP000041,Supplementary Process,Pending,20160829,20160829
27,71854451,Unifirst Corporation,0581CV03031,Contract / Business Cases,Closed,20050826,20061206
28,72368396,Unifirst Corporation,1279CV00406,Administrative Civil Actions,Closed,20120511,20120703
29,72530291,Unifirst Corporation,1349SP000156,Supplementary Process,Disposed (Statistical Purposes),20130604,20130829
30,72643828,Unifirst Corporation,1602SC000539,Small Claims,Pending,20161003,20161003
31,72676782,Unifirst Corporation,1602SC000510,Small Claims,Pending,20160920,20160920
32,72694526,Unifirst Corporation,1617SP000026,Supplementary Process,Pending,20160812,20160812
33,72818676,Unifirst Corporation,1641SP000032,Supplementary Process,Pending,20160728,20160728
34,73072618,Unifirst Corporation,1279CV00041,Administrative Civil Actions,Closed,20120123,20120425
35,73226713,Unifirst Corporation,1602SC000330,Small Claims,Disposed (Statistical Purposes),20160708,20161013
36,73229957,Unifirst Corporation,1602SC000331,Small Claims,Disposed (Statistical Purposes),20160708,20161013
37,73231063,Unifirst Corporation,1602SC000332,Small Claims,Disposed (Statistical Purposes),20160708,20161013
38,73292816,Unifirst Corporation,1602SC000327,Small Claims,Disposed (Statistical Purposes),20160706,20160714
39,73357396,Unifirst Corporation,1602SC000596,Small Claims,Pending,20161103,20161103
40,73373761,Unifirst Corporation,1602SC000588,Small Claims,Pending,20161102,20161102
41,73558335,Unifirst Corporation,1179CV00851,Administrative Civil Actions,Closed,20111011,20120830
42,73586916,Unifirst Corporation,1302SC000392,Small Claims,Disposed (Statistical Purposes),20130520,20130716
43,73611656,Unifirst Corporation,1302SC000382,Small Claims,Disposed (Statistical Purposes),20130517,20131003
44,73616243,Unifirst Corporation,1302SC000381,Small Claims,Pending,20130517,20130517
45,73650346,Unifirst Corporation,1302SC000147,Small Claims,Disposed (Statistical Purposes),20130226,20131018
46,73664490,Unifirst Corporation,1302SC000148,Small Claims,Disposed (Statistical Purposes),20130226,20131018
47,73671990,Unifirst Corporation,1302SC000149,Small Claims,Disposed (Statistical Purposes),20130226,20130605
48,73706723,Unifirst Corporation,1602SC000298,Small Claims,Disposed (Statistical Purposes),20160620,20161026
49,73744448,Unifirst Corporation,0582CV01386,Contract / Business Cases,Closed,20050810,20070216
0,73764114,Unifirst Corporation,1602SC000291,Small Claims,Disposed (Statistical Purposes),20160615,20160914
1,73775818,Unifirst Corporation,1602SC000287,Small Claims,Disposed (Statistical Purposes),20160615,20160914
2,73780853,Unifirst Corporation,1638SP000080,Supplementary Process,Disposed (Statistical Purposes),20160815,20160929
3,73868123,Unifirst Corporation,1602SC000282,Small Claims,Disposed (Statistical Purposes),20160603,20160718
4,73874526,Unifirst Corporation,1302SC000329,Small Claims,Disposed (Statistical Purposes),20130503,20130702
5,73878217,Unifirst Corporation,1602SC000277,Small Claims,Disposed (Statistical Purposes),20160602,20160909
6,73951734,Unifirst Corporation,1602SC000262,Small Claims,Disposed (Statistical Purposes),20160526,20161021
7,73954818,Unifirst Corporation,1602SC000261,Small Claims,Disposed (Statistical Purposes),20160526,20160819
8,74222141,Unifirst Corporation,0514CV000381,Civil,Disposed (Statistical Purposes),20050505,20050921
9,74279825,Unifirst Corporation,1302SC000071,Small Claims,Disposed (Statistical Purposes),20130206,20130416
10,74310529,Unifirst Corporation,1302SC000069,Small Claims,Disposed (Statistical Purposes),20130206,20130508
11,74406195,Unifirst Corporation,1616SP000035,Supplementary Process,Pending,20160826,20160826
12,74425428,Unifirst Corporation,1616SP000031,Supplementary Process,Pending,20160826,20160826
13,74438294,Unifirst Corporation,1616SP000034,Supplementary Process,Pending,20160826,20160826
14,74441086,Unifirst Corporation,1616SP000032,Supplementary Process,Pending,20160826,20160826
15,74615572,Unifirst Corporation,0581CV00622,Equitable Remedies,Closed,20050223,20080103
16,75232816,Unifirst Corporation,1353CV000392,Civil,Disposed (Statistical Purposes),20130510,20130822
17,75288011,Unifirst Corporation,0881CV02854,Contract / Business Cases,Closed,20080728,20080925
18,75461732,Unifirst Corporation,0981CV03992,Contract / Business Cases,Closed,20091014,20100602
19,75530194,Unifirst Corporation,1636SP000082,Supplementary Process,Pending,20160901,20160901
20,76187814,Unifirst Corporation,1056SC005034,Small Claims,Disposed (Statistical Purposes),20101207,20110307
21,76371290,Unifirst Corporation,1312SP000029,Supplementary Process,Disposed (Statistical Purposes),20130326,20130912
22,76411235,Unifirst Corporation,1325SP000089,Supplementary Process,Pending,20130411,20130411
23,76647219,Unifirst Corporation,0782CV01512,Contract / Business Cases,Closed,20070906,20090803
24,77365303,Unifirst Corporation,1618CV001102,Civil,Disposed (Statistical Purposes),20161215,20170310
25,77436218,Unifirst Corporation,1711SP000020,Supplementary Process,Disposed (Statistical Purposes),20170201,20170407
26,77599342,Unifirst Corporation,1767SP000011,Supplementary Process,Disposed (Statistical Purposes),20170208,20170504
27,77599400,Unifirst Corporation,1767SP000012,Supplementary Process,Disposed (Statistical Purposes),20170208,20201209
28,78092425,Unifirst Corporation,1818CV000397,Civil,Disposed (Statistical Purposes),20180427,20180622
29,78226675,Unifirst Corporation,1802SC000119,Small Claims,Disposed (Statistical Purposes),20180131,20180613
30,78290788,Unifirst Corporation,1718CV000378,Civil,Disposed (Statistical Purposes),20170515,20170731
31,78453559,Unifirst Corporation,1602SC000679,Small Claims,Disposed (Statistical Purposes),20161213,20170223
32,78823832,Unifirst Corporation,1702SC000390,Small Claims,Disposed (Statistical Purposes),20170525,20171004
33,80581122,Unifirst Corporation,2125SP000029,Supplementary Process,Open,20211215,20211215
34,80582075,Unifirst Corporation,2125SP000030,Supplementary Process,Open,20211215,20211215
35,81140595,Unifirst Corporation,2016SP000009,Supplementary Process,Open,20201027,20201027
36,81272204,Unifirst Corporation,2032SP000015,Supplementary Process,Disposed (Statistical Purposes),20200309,20200921
37,82169105,Unifirst Corporation,2132SP000020,Supplementary Process,Disposed (Statistical Purposes),20210420,20211124
38,82527976,Unifirst Corporation,1918SP000125,Supplementary Process,Suspended-Covid-19,20191015,20191015
39,82663892,Unifirst Corporation,1753CV000437,Civil,Disposed (Statistical Purposes),20170629,20180202
40,83284001,Unifirst Corporation,1718CV000987,Civil,Disposed (Statistical Purposes),20171204,20180215
41,83469454,Unifirst Corporation,1818CV000066,Civil,Closed (Transferred),20180119,20181204
42,83511465,Unifirst Corporation,1740SP000013,Supplementary Process,Open,20170920,20170920
43,83511582,Unifirst Corporation,1740SP000014,Supplementary Process,Disposed (Statistical Purposes),20170920,20180531
44,83549080,Unifirst Corporation,1718CV000589,Civil,Disposed (Statistical Purposes),20170804,20180119
45,83591270,Unifirst Corporation,1718CV000653,Civil,Disposed (Statistical Purposes),20170825,20171012
46,83596787,Unifirst Corporation,1718CV000658,Civil,Disposed (Statistical Purposes),20170828,20171102
47,83621690,Unifirst Corporation,1718CV000706,Civil,Disposed (Statistical Purposes),20170914,20171116
48,83623783,Unifirst Corporation,1718CV000710,Civil,Disposed (Statistical Purposes),20170915,20171116
49,85058942,Unifirst Corporation,1881CV00443,Administrative Civil Actions,Open,20180215,20180215
0,85059371,Unifirst Corporation,1881CV00447,Administrative Civil Actions,Open,20180215,20180215
1,85068953,Unifirst Corporation,1881CV00448,Administrative Civil Actions,Suspended,20180215,20180409
2,85833169,Unifirst Corporation,1833SP000162,Supplementary Process,Disposed (Statistical Purposes),20180917,20190109
3,86089380,Unifirst Corporation,1953CV000041,Civil,Disposed (Statistical Purposes),20190122,20190710
4,86375218,Unifirst Corporation,1870SP000027,Supplementary Process,Open,20181119,20181119
5,86564938,Unifirst Corporation,1953CV000271,Civil,Disposed (Statistical Purposes),20190513,20190710
6,86599239,Unifirst Corporation,1953CV000196,Civil,Disposed (Statistical Purposes),20190401,20191031
7,87034892,Unifirst Corporation,1867SP000018,Supplementary Process,Closed (Transferred),20180406,20180618
8,87035114,Unifirst Corporation,1867SP000017,Supplementary Process,Closed (Transferred),20180406,20180618
9,87803991,Unifirst Corporation,1716SP000031,Supplementary Process,Disposed (Statistical Purposes),20170712,20180201
10,87803992,Unifirst Corporation,1716SP000031,Supplementary Process,Disposed (Statistical Purposes),20170712,20180201
11,87803990,Unifirst Corporation,1716SP000031,Supplementary Process,Disposed (Statistical Purposes),20170712,20180201
12,88203428,Unifirst Corporation,1718CV000363,Civil,Disposed (Statistical Purposes),20170511,20170731
13,88203597,Unifirst Corporation,1718CV000361,Civil,Disposed (Statistical Purposes),20170511,20170731
14,88203788,Unifirst Corporation,1718CV000364,Civil,Disposed (Statistical Purposes),20170511,20200113
15,88204853,Unifirst Corporation,1718CV000365,Civil,Closed (Transferred),20170512,20180306
16,88588531,Unifirst Corporation,1781CV02189,Administrative Civil Actions,Open,20170720,20170720
17,88608345,Unifirst Corporation,1781CV02311,Administrative Civil Actions,Open,20170801,20170801
18,88632609,Unifirst Corporation,1781CV02374,Administrative Civil Actions,Open,20170808,20170808
19,88707010,Unifirst Corporation,1989SP000012,Supplementary Process,Disposed (Statistical Purposes),20190513,20210513
20,88731411,Unifirst Corporation,1781CV03387,Contract / Business Cases,Open,20171117,20171117
21,88766879,Unifirst Corporation,1781CV02639,Administrative Civil Actions,Open,20170905,20170905
22,856422,Unified Property Management,1216SC000028,Small Claims,Disposed (Statistical Purposes),20120113,20120327
23,949272,Unified Property Management,1216SC000122,Small Claims,Disposed (Statistical Purposes),20120217,20140110
24,11431301,Unified Property Management,11H85SP004335,Housing Court Summary Process,Closed,20111102,20111121
25,11817583,Unified Property Management,1016SC000697,Small Claims,Disposed (Statistical Purposes),20101104,20101221
26,14825982,Unified Property Management,12H85SP000041,Housing Court Summary Process,Closed,20120105,20120117
27,14827135,Unified Property Management,12H85SP000042,Housing Court Summary Process,Closed,20120105,20130513
28,16233948,Unified Property Management,11H85SP000316,Housing Court Summary Process,Closed,20110126,20110214
29,16242808,Unified Property Management,11H85SP000318,Housing Court Summary Process,Closed,20110126,20110214
30,16332899,Unified Property Management,10H85SP004631,Housing Court Summary Process,Closed,20101129,20101213
31,16544782,Unified Property Management,11H85SP000501,Housing Court Summary Process,Closed,20110210,20110228
32,55720844,Unified Property Management,10H85SP001616,Housing Court Summary Process,Closed,20100512,20100602
33,62627950,Unified Property Management,12H85SP000511,Housing Court Summary Process,Active,20120206,20120206
34,1112449,"Unified Networking Solutions, Inc.",1431SC001228,Small Claims,Pending,20140711,20140711
35,2166449,UniFirst Corp.,1354SP000191,Supplementary Process,Disposed (Statistical Purposes),20130703,20131010
36,6158537,UniFirst Corp.,1131SC001171,Small Claims,Disposed (Statistical Purposes),20110808,20120322
37,16560993,UniFirst Corp.,1225SP001078,Supplementary Process,Disposed (Statistical Purposes),20121227,20130618
38,17677026,UniFirst Corp.,1289SC001394,Small Claims,Disposed (Statistical Purposes),20121207,20130327
39,18251221,UniFirst Corp.,1402SC000195,Small Claims,Disposed (Statistical Purposes),20140326,20140624
40,23190819,UniFirst Corp.,0914SP000505,Supplementary Process,Disposed (Statistical Purposes),20090708,20091112
41,50031721,UniFirst Corp.,0656CV001589,Civil,Disposed (Statistical Purposes),20060629,20070228
42,68041984,UniFirst Corp.,1333SC000973,Small Claims,Disposed (Statistical Purposes),20130321,20130422
43,5483103,"Unified Mechanical, Inc.",1253SC001055,Small Claims,Disposed (Statistical Purposes),20120809,20121001
44,38096541,"Unified Mechanical, Inc.",0653SC001413,Small Claims,Disposed (Statistical Purposes),20060727,20060912
45,7217139,Unified Federal Credit Union,1413SP000136,Supplementary Process,Disposed (Statistical Purposes),20140620,20140815
46,7250583,Unified Federal Credit Union,1413SP000138,Supplementary Process,Disposed (Statistical Purposes),20140626,20140815
47,15471671,Unified Federal Credit Union,1238SC181707,Small Claims,Disposed (Statistical Purposes),20120619,20120702
48,15515469,Unified Federal Credit Union,1238SC061182,Small Claims,Disposed (Statistical Purposes),20120626,20120906
49,19812288,Unified Federal Credit Union,0506SP000048,Supplementary Process,Disposed (Statistical Purposes),20050208,20060703
0,20297419,Unified Federal Credit Union,0602SP000196,Supplementary Process,Disposed (Statistical Purposes),20060425,20060630
1,20543464,Unified Federal Credit Union,0506CV000898,Civil,Disposed (Statistical Purposes),20051229,20060321
2,20895425,Unified Federal Credit Union,0634SC000590,Small Claims,Disposed (Statistical Purposes),20060424,20060711
3,21031502,Unified Federal Credit Union,0514CV000271,Civil,Disposed (Statistical Purposes),20050330,20050831
4,21395503,Unified Federal Credit Union,0902SP001076,Supplementary Process,Disposed (Statistical Purposes),20091221,20100204
5,21702282,Unified Federal Credit Union,0547CV000179,Civil,Disposed (Statistical Purposes),20050518,20050920
6,21991956,Unified Federal Credit Union,0606SP000461,Supplementary Process,Disposed (Statistical Purposes),20060830,20061121
7,22120958,Unified Federal Credit Union,0564CV000072,Civil,Disposed (Statistical Purposes),20050207,20050815
8,22709422,Unified Federal Credit Union,0549CV000329,Civil,Disposed (Statistical Purposes),20050427,20050808
9,23352095,Unified Federal Credit Union,0518CV000251,Civil,Disposed (Statistical Purposes),20050310,20050502
10,23375886,Unified Federal Credit Union,0518CV000253,Civil,Disposed (Statistical Purposes),20050310,20050502
11,23408810,Unified Federal Credit Union,0518CV000252,Civil,Disposed (Statistical Purposes),20050310,20050706
12,23435015,Unified Federal Credit Union,0518CV000297,Civil,Disposed (Statistical Purposes),20050322,20050801
13,23443558,Unified Federal Credit Union,0518CV000296,Civil,Disposed (Statistical Purposes),20050322,20051012
14,23537044,Unified Federal Credit Union,0564SP000163,Supplementary Process,Disposed (Statistical Purposes),20050922,20051116
15,23823556,Unified Federal Credit Union,0552CV001427,Civil,Disposed (Statistical Purposes),20051230,20060512
16,24102773,Unified Federal Credit Union,0511CV000449,Civil,Disposed (Statistical Purposes),20050315,20050503
17,24175410,Unified Federal Credit Union,0614CV000470,Civil,Disposed (Statistical Purposes),20060615,20071114
18,24286402,Unified Federal Credit Union,0540CV000052,Civil,Disposed (Statistical Purposes),20050621,20051026
19,24817299,Unified Federal Credit Union,0654SP000173,Supplementary Process,Disposed (Statistical Purposes),20060622,20060810
20,25068692,Unified Federal Credit Union,0511SP000381,Supplementary Process,Disposed (Statistical Purposes),20050621,20050808
21,25122746,Unified Federal Credit Union,0511CV001269,Civil,Disposed (Statistical Purposes),20050620,20050829
22,25240963,Unified Federal Credit Union,0513SP000153,Supplementary Process,Disposed (Statistical Purposes),20050407,20050609
23,25436580,Unified Federal Credit Union,0513CV000604,Civil,Disposed (Statistical Purposes),20050518,20051026
24,26063625,Unified Federal Credit Union,0566CV000227,Civil,Disposed (Statistical Purposes),20050519,20061101
25,26196406,Unified Federal Credit Union,0618SP000021,Supplementary Process,Disposed (Statistical Purposes),20060118,20060307
26,26464335,Unified Federal Credit Union,0533SP000263,Supplementary Process,Disposed (Statistical Purposes),20050617,20050826
27,26570643,Unified Federal Credit Union,0611SC003020,Small Claims,Disposed (Statistical Purposes),20060101,20061213
28,26595156,Unified Federal Credit Union,0522CV000216,Civil,Disposed (Statistical Purposes),20050628,20050825
29,26814850,Unified Federal Credit Union,0514SP000314,Supplementary Process,Disposed (Statistical Purposes),20051011,20051221
30,26859719,Unified Federal Credit Union,0222SC000106,Small Claims,Disposed (Statistical Purposes),20050212,20050425
31,26920538,Unified Federal Credit Union,0522CV000093,Civil,Disposed (Statistical Purposes),20050329,20050815
32,27330758,Unified Federal Credit Union,0738SP000359,Supplementary Process,Disposed (Statistical Purposes),20071024,20090218
33,27534357,Unified Federal Credit Union,0549SP000242,Supplementary Process,Disposed (Statistical Purposes),20050922,20051027
34,27765665,Unified Federal Credit Union,0613SP000004,Supplementary Process,Disposed (Statistical Purposes),20060105,20060306
35,27859700,Unified Federal Credit Union,0638SC000439,Small Claims,Disposed (Statistical Purposes),20060406,20060803
36,27875826,Unified Federal Credit Union,0613CV000109,Civil,Disposed (Statistical Purposes),20060126,20060324
37,28685838,Unified Federal Credit Union,0718SP000058,Supplementary Process,Disposed (Statistical Purposes),20070125,20070326
38,28687821,Unified Federal Credit Union,0718SP000057,Supplementary Process,Disposed (Statistical Purposes),20070125,20070508
39,28890718,Unified Federal Credit Union,0618CV000451,Civil,Disposed (Statistical Purposes),20060407,20060508
40,28960012,Unified Federal Credit Union,0618SC001182,Small Claims,Disposed (Statistical Purposes),20060427,20060712
41,29069776,Unified Federal Credit Union,0618CV000652,Civil,Disposed (Statistical Purposes),20060516,20060714
42,29146469,Unified Federal Credit Union,1618SP000042,Supplementary Process,Pending,20160222,20160222
43,29299415,Unified Federal Credit Union,0618CV000787,Civil,Disposed (Statistical Purposes),20060616,20061101
44,29468053,Unified Federal Credit Union,0518SP000363,Supplementary Process,Disposed (Statistical Purposes),20050826,20051108
45,29472710,Unified Federal Credit Union,0518CV001684,Civil,Disposed (Statistical Purposes),20050913,20051206
46,30437439,Unified Federal Credit Union,0611SC001734,Small Claims,Disposed (Statistical Purposes),20060519,20060724
47,30849508,Unified Federal Credit Union,0613SP000399,Supplementary Process,Disposed (Statistical Purposes),20060630,20060829
48,30886415,Unified Federal Credit Union,0650SP000202,Supplementary Process,Disposed (Statistical Purposes),20060406,20070823
49,31018973,Unified Federal Credit Union,0618SP000675,Supplementary Process,Disposed (Statistical Purposes),20061120,20070116
0,31054386,Unified Federal Credit Union,0566SC000597,Small Claims,Disposed (Statistical Purposes),20050916,20060110
1,31676909,Unified Federal Credit Union,0522SP000093,Supplementary Process,Disposed (Statistical Purposes),20050725,20051213
2,31755737,Unified Federal Credit Union,0522CV000303,Civil,Disposed (Statistical Purposes),20050826,20051102
3,31803991,Unified Federal Credit Union,0522SC000721,Small Claims,Disposed (Statistical Purposes),20050928,20051020
4,32060468,Unified Federal Credit Union,0733SP000048,Supplementary Process,Disposed (Statistical Purposes),20070126,20070316
5,32070276,Unified Federal Credit Union,0622SP000147,Supplementary Process,Disposed (Statistical Purposes),20060908,20061116
6,32229550,Unified Federal Credit Union,0633CV000664,Civil,Disposed (Statistical Purposes),20060505,20061010
7,32499933,Unified Federal Credit Union,0622CV000002,Civil,Disposed (Statistical Purposes),20060105,20060613
8,32507618,Unified Federal Credit Union,0622SP000001,Supplementary Process,Disposed (Statistical Purposes),20060109,20071002
9,32524245,Unified Federal Credit Union,0622SC000314,Small Claims,Disposed (Statistical Purposes),20060410,20060518
10,32540624,Unified Federal Credit Union,0622CV000133,Civil,Disposed (Statistical Purposes),20060410,20060814
11,32630836,Unified Federal Credit Union,0622CV000191,Civil,Disposed (Statistical Purposes),20060515,20060914
12,33593824,Unified Federal Credit Union,0586SP000093,Supplementary Process,Disposed (Statistical Purposes),20050721,20050914
13,34182482,Unified Federal Credit Union,0557CV000045,Civil,Disposed (Statistical Purposes),20050125,20050721
14,34446772,Unified Federal Credit Union,0759SP000162,Supplementary Process,Disposed (Statistical Purposes),20070420,20070613
15,35251117,Unified Federal Credit Union,0736SP000119,Supplementary Process,Disposed (Statistical Purposes),20070412,20070730
16,35316554,Unified Federal Credit Union,0636CV001133,Civil,Disposed (Statistical Purposes),20060927,20070122
17,35345122,Unified Federal Credit Union,0636CV000373,Civil,Disposed (Statistical Purposes),20060403,20060627
18,35355568,Unified Federal Credit Union,0522CV000360,Civil,Disposed (Statistical Purposes),20051011,20060912
19,35359151,Unified Federal Credit Union,0636CV000089,Civil,Disposed (Statistical Purposes),20060126,20061109
20,35481757,Unified Federal Credit Union,0522SP000169,Supplementary Process,Disposed (Statistical Purposes),20051208,20060330
21,35753884,Unified Federal Credit Union,0622SP000164,Supplementary Process,Disposed (Statistical Purposes),20061016,20061207
22,35755237,Unified Federal Credit Union,0622SP000166,Supplementary Process,Disposed (Statistical Purposes),20061018,20061219
23,35868424,Unified Federal Credit Union,0610CV000302,Civil,Disposed (Statistical Purposes),20060405,20060817
24,37154309,Unified Federal Credit Union,0560SC001112,Small Claims,Disposed (Statistical Purposes),20050818,20051130
25,37917384,Unified Federal Credit Union,0553CV000812,Civil,Disposed (Statistical Purposes),20050802,20051102
26,38258549,Unified Federal Credit Union,0653CV000203,Civil,Disposed (Statistical Purposes),20060221,20060628
27,38267437,Unified Federal Credit Union,0670SP000024,Supplementary Process,Disposed (Statistical Purposes),20060501,20060519
28,40714923,Unified Federal Credit Union,0536SP000322,Supplementary Process,Disposed (Statistical Purposes),20051121,20060112
29,40716981,Unified Federal Credit Union,0536SP000317,Supplementary Process,Disposed (Statistical Purposes),20051121,20060112
30,45490429,Unified Federal Credit Union,0522CV000077,Civil,Disposed (Statistical Purposes),20050317,20050830
31,45842969,Unified Federal Credit Union,0606SC000447,Small Claims,Disposed (Statistical Purposes),20060406,20060605
32,45992220,Unified Federal Credit Union,0618CV000821,Civil,Disposed (Statistical Purposes),20060622,20061108
33,45996166,Unified Federal Credit Union,0622SP000106,Supplementary Process,Disposed (Statistical Purposes),20060802,20061106
34,46045951,Unified Federal Credit Union,0629CV000015,Civil,Disposed (Statistical Purposes),20060130,20060327
35,46066054,Unified Federal Credit Union,0629SP000030,Supplementary Process,Disposed (Statistical Purposes),20060526,20060630
36,46362901,Unified Federal Credit Union,0710SP000160,Supplementary Process,Disposed (Statistical Purposes),20070326,20070531
37,48437566,Unified Federal Credit Union,9936SP000234,Supplementary Process,Disposed (Statistical Purposes),20060412,20060412
38,49568957,Unified Federal Credit Union,0523SP000935,Supplementary Process,Disposed (Statistical Purposes),20051107,20060106
39,52493450,Unified Federal Credit Union,0613SC002008,Small Claims,Disposed (Statistical Purposes),20060720,20060919
40,52775768,Unified Federal Credit Union,0523CV001053,Civil,Disposed (Statistical Purposes),20050504,20050920
41,53434039,Unified Federal Credit Union,0611SC002136,Small Claims,Disposed (Statistical Purposes),20060623,20060821
42,54702019,Unified Federal Credit Union,0656SP000404,Supplementary Process,Disposed (Statistical Purposes),20060509,20060718
43,56810710,Unified Federal Credit Union,0513SP000557,Supplementary Process,Disposed (Statistical Purposes),20051123,20060124
44,58063744,Unified Federal Credit Union,0550CV001637,Civil,Disposed (Statistical Purposes),20051223,20060302
45,59869521,Unified Federal Credit Union,0556SP000665,Supplementary Process,Disposed (Statistical Purposes),20050922,20051108
46,62833105,Unified Federal Credit Union,0556SP000784,Supplementary Process,Disposed (Statistical Purposes),20051103,20071130
47,76192061,Unified Federal Credit Union,0656CV000005,Civil,Disposed (Statistical Purposes),20060104,20060407
48,18732177,Unifirst Corp,1385CV00173,Administrative Civil Actions,Closed,20130201,20131219
49,48932381,Unifirst Corp,1156SC001382,Small Claims,Disposed (Statistical Purposes),20110322,20110719
0,48933054,Unifirst Corp,1156SC001383,Small Claims,Disposed (Statistical Purposes),20110322,20110719
1,50576628,Unifirst Corp,1156SC001463,Small Claims,Disposed (Statistical Purposes),20110329,20110503
2,72850716,Unifirst Corp,0984CV04835,Contract / Business Cases,Closed,20091112,20110715
3,73252225,Unifirst Corp,1584CV00879,Contract / Business Cases,Closed,20150327,20150513
4,73480602,Unifirst Corp,1584CV00058,Contract / Business Cases,Closed,20150108,20151014
5,7808048,Unifind Corporation,1432SC000210,Small Claims,Disposed (Statistical Purposes),20140130,20140604
6,7808335,Unifind Corporation,1432SC000211,Small Claims,Disposed (Statistical Purposes),20140130,20140404
7,9785021,Unifind Corporation,1256SC002730,Small Claims,Disposed (Statistical Purposes),20120824,20121120
8,47695001,Unifind Corporation,1067CV000471,Civil,Disposed (Statistical Purposes),20100614,20100915
9,48125030,Unifind Corporation,1511CV001132,Civil,Disposed (Statistical Purposes),20150915,20151222
10,48125156,Unifind Corporation,1511CV001133,Civil,Disposed (Statistical Purposes),20150915,20151222
11,64301963,Unifind Corporation,1315SP000374,Supplementary Process,Pending,20130627,20130627
12,69330940,Unifind Corporation,1356CV000444,Civil,Disposed (Statistical Purposes),20130311,20131231
13,80951193,Unifind Corporation,2015SC000640,Small Claims,Open,20200219,20200219
14,85920655,Unifind Corporation,1850SC002320,Small Claims,Disposed (Statistical Purposes),20181114,20190208
15,87034907,Unifind Corporation,1967SC000115,Small Claims,Open,20190325,20201006
16,9271439,Unifirst Corporation/ Jc,1058SC000220,Small Claims,Disposed (Statistical Purposes),20100305,20100401
17,11940093,RTN Federal Credit Union Successor to Unified Fede,1436SP000137,Supplementary Process,Disposed (Statistical Purposes),20140710,20140822
18,30225056,RTN Federal Credit Union Successor to Unified Fede,0750CV000615,Civil,Disposed (Statistical Purposes),20070405,20070625
19,30369465,RTN Federal Credit Union Successor to Unified Fede,0638CV000823,Civil,Disposed (Statistical Purposes),20061205,20070117
20,30929401,RTN Federal Credit Union Successor to Unified Fede,1536SP000209,Supplementary Process,Disposed (Statistical Purposes),20151016,20151216
21,33319344,RTN Federal Credit Union Successor to Unified Fede,0786CV000383,Civil,Disposed (Statistical Purposes),20070606,20070830
22,33449707,RTN Federal Credit Union Successor to Unified Fede,0745CV000116,Civil,Disposed (Statistical Purposes),20070302,20070927
23,34444443,RTN Federal Credit Union Successor to Unified Fede,1536SP000168,Supplementary Process,Disposed (Statistical Purposes),20150820,20160113
24,48442132,RTN Federal Credit Union Successor to Unified Fede,1636SP000005,Supplementary Process,Disposed (Statistical Purposes),20160129,20160322
25,12913749,Unified Group LLC,10H85SP001945,Housing Court Summary Process,Active,20100607,20100607
26,24069145,Unified Group LLC,0947SC000463,Small Claims,Disposed (Statistical Purposes),20090703,20090901
27,26839746,Unified Group LLC,0647SC000819,Small Claims,Disposed (Statistical Purposes),20061024,20061213
28,26845905,Unified Group LLC,0647SC000818,Small Claims,Disposed (Statistical Purposes),20061024,20061213
29,26850981,Unified Group LLC,0647SC000824,Small Claims,Disposed (Statistical Purposes),20061024,20061219
30,17740953,"Unified Cup Stop, Inc.",1316SP000153,Supplementary Process,Disposed (Statistical Purposes),20131022,20131127
31,63773748,"Unified Cup Stop, Inc.",1316CV000128,Civil,Disposed (Statistical Purposes),20130517,20130830
32,19037385,Unifierst Corporation,1202SC000104,Small Claims,Pending,20120216,20120216
33,19567960,Unifirst Corportion,1202SC000312,Small Claims,Disposed (Statistical Purposes),20120523,20120706
34,20151675,Unified Federal Credti Union,0602SP000003,Supplementary Process,Disposed (Statistical Purposes),20060109,20090311
35,20277270,Unified Ccr,0506SP000379,Supplementary Process,Disposed (Statistical Purposes),20051006,20060118
36,32162053,Unified Ccr,0518SC002637,Small Claims,Disposed (Statistical Purposes),20051221,20060403
37,32178254,Unified Ccr,0518SC002638,Small Claims,Disposed (Statistical Purposes),20051221,20060228
38,21391473,Rtn Federal Credit Union Assignee Of Unified Feder,0748CV000636,Civil,Disposed (Statistical Purposes),20071113,20080229
39,42768106,Rtn Federal Credit Union Assignee Of Unified Feder,0851CV001079,Civil,Disposed (Statistical Purposes),20081128,20090114
40,21659723,Unified C C R Partners,0620SC000089,Small Claims,Disposed (Statistical Purposes),20060201,20060621
41,24021874,Unified System Inc,0947SC000466,Small Claims,Disposed (Statistical Purposes),20090703,20090827
42,24059162,Unified System Inc,0947SC000465,Small Claims,Disposed (Statistical Purposes),20090703,20090831
43,24519116,Unifiund Ccr,0532SP000369,Supplementary Process,Pending,20050912,20050912
44,27614550,Rtn Federal Credit Union Sucessor To Unified Feder,0738CV000152,Civil,Disposed (Statistical Purposes),20070223,20070625
45,29024002,Unified Federal Credit Uninon,0536CV000433,Civil,Disposed (Statistical Purposes),20050427,20050818
46,64842614,Unified Contracting Inc,1184CV02114,Actions Involving the State/Municipality,Closed,20110606,20151022
47,71769651,Unified Contracting Inc,1084CV00546,Actions Involving the State/Municipality,Closed,20100210,20141113
48,32784965,"Rtn Federal Credit Union,Successor To Unified Fede",0722CV000155,Civil,Disposed (Statistical Purposes),20070312,20070523
49,35521590,Unified Federal Credit Uinon,0636CV000221,Civil,Disposed (Statistical Purposes),20060224,20060524
0,37132302,Rtn Federal Credit Union F/K/A/Unified Federal Cre,0751CV000616,Civil,Disposed (Statistical Purposes),20070627,20071026
1,45358624,Unified Deferal Credit Union,0502CV000159,Civil,Disposed (Statistical Purposes),20050510,20051019
2,51815693,Unifirst Corportation,1156SC002893,Small Claims,Disposed (Statistical Purposes),20110623,20110729
3,51817271,Unifirst Corportation,1156SC002890,Small Claims,Disposed (Statistical Purposes),20110623,20110812
4,55893376,Unified Credit Union,0611SP000773,Supplementary Process,Disposed (Statistical Purposes),20060922,20070222
5,62445640,Unifirst,0956SC002128,Small Claims,Disposed (Statistical Purposes),20090521,20091001
6,62450594,Unifirst,0956SC002123,Small Claims,Disposed (Statistical Purposes),20090521,20091001
7,62607000,Unifind Ccr Partners,0656CV002476,Civil,Disposed (Statistical Purposes),20060926,20070629
8,73081687,Unifind Ccr Partners,1331SP000017,Supplementary Process,Disposed (Statistical Purposes),20130128,20130506
9,63764699,Unifirst Of Springfield,0662CV002541,Civil,Disposed (Statistical Purposes),20061026,20080229
10,84329154,"Unified Contracting, Inc.",2181CV00096,Actions Involving the State/Municipality,Open,20210114,20210114
11,71735067,Unified Division Llc,1501SC000590,Small Claims,Open,20150313,20150403
12,84459964,Unified Contracting Inc.,2281CV00786,Actions Involving the State/Municipality,Open,20220202,20220202
13,74823658,"Unified Construction Group, LLC",1653CV000684,Civil,Pending,20161024,20161024
14,74994583,Unified Corporation,1621SC000406,Small Claims,Disposed (Statistical Purposes),20160714,20161004
15,80843170,Unified Corporation,2054SC000686,Small Claims,Open,20200925,20200925
16,86513450,Unified Corporation,1823SC001816,Small Claims,Disposed (Statistical Purposes),20180522,20180808
17,86524723,Unified Corporation,1823SC000991,Small Claims,Disposed (Statistical Purposes),20180321,20180518
18,75140724,RTN Federal Credit Union As Successor To Unified Federal Credit,0981CV04456,Contract / Business Cases,Open,20091113,20101008
19,77046985,RTN Federal Credit Union As Successor To Unified Federal Credit,0881CV01647,Contract / Business Cases,Closed,20080424,20081105
20,84200707,"Unified Door and Hardware Group, LLC",2181CV00034,Contract / Business Cases,Open,20210107,20210107
21,86827795,UniFirst Corporations,1823SP000205,Supplementary Process,Open,20181022,20181022
